lut,table,updates_per_row,num_rows
ffn_0,0,63334,1
ffn_0,0,38336,1
ffn_0,0,35962,1
ffn_0,0,34061,1
ffn_0,0,31111,1
ffn_0,0,30463,1
ffn_0,0,28437,1
ffn_0,0,26685,1
ffn_0,0,20140,1
ffn_0,0,19084,1
ffn_0,0,19007,1
ffn_0,0,17748,1
ffn_0,0,17336,1
ffn_0,0,17139,1
ffn_0,0,16061,1
ffn_0,0,14442,1
ffn_0,0,14387,1
ffn_0,0,14225,1
ffn_0,0,14097,1
ffn_0,0,14049,1
ffn_0,0,13902,1
ffn_0,0,13708,1
ffn_0,0,13228,1
ffn_0,0,13121,1
ffn_0,0,12759,1
ffn_0,0,11858,1
ffn_0,0,11827,1
ffn_0,0,11428,1
ffn_0,0,11345,1
ffn_0,0,10982,1
ffn_0,0,10934,1
ffn_0,0,10687,1
ffn_0,0,10557,1
ffn_0,0,10308,1
ffn_0,0,10034,1
ffn_0,0,9732,1
ffn_0,0,8791,1
ffn_0,0,8586,1
ffn_0,0,8493,1
ffn_0,0,8318,1
ffn_0,0,8009,1
ffn_0,0,7693,1
ffn_0,0,7592,1
ffn_0,0,7354,1
ffn_0,0,6261,1
ffn_0,0,5931,1
ffn_0,0,5761,1
ffn_0,0,5347,1
ffn_0,0,4996,1
ffn_0,0,4367,1
ffn_0,0,4233,1
ffn_0,0,3933,1
ffn_0,0,3269,1
ffn_0,0,2476,1
ffn_0,0,2397,1
ffn_0,0,2263,1
ffn_0,0,2178,1
ffn_0,0,1996,1
ffn_0,0,1926,1
ffn_0,0,1607,1
ffn_0,0,1085,1
ffn_0,0,1032,1
ffn_0,0,796,1
ffn_0,0,780,1
ffn_0,1,59971,1
ffn_0,1,54275,1
ffn_0,1,44858,1
ffn_0,1,39809,1
ffn_0,1,35856,1
ffn_0,1,33966,1
ffn_0,1,28841,1
ffn_0,1,27748,1
ffn_0,1,25121,1
ffn_0,1,22411,1
ffn_0,1,20397,1
ffn_0,1,19901,1
ffn_0,1,19324,1
ffn_0,1,17611,1
ffn_0,1,16103,1
ffn_0,1,15445,1
ffn_0,1,14642,1
ffn_0,1,14408,1
ffn_0,1,13679,1
ffn_0,1,13387,1
ffn_0,1,13327,1
ffn_0,1,13318,1
ffn_0,1,12954,1
ffn_0,1,12782,1
ffn_0,1,12727,1
ffn_0,1,12200,1
ffn_0,1,11791,1
ffn_0,1,11309,1
ffn_0,1,9873,1
ffn_0,1,9052,2
ffn_0,1,8361,1
ffn_0,1,7732,1
ffn_0,1,7315,1
ffn_0,1,7219,1
ffn_0,1,7093,1
ffn_0,1,6547,1
ffn_0,1,6196,1
ffn_0,1,5527,1
ffn_0,1,5262,1
ffn_0,1,5210,1
ffn_0,1,4770,1
ffn_0,1,4490,1
ffn_0,1,4477,1
ffn_0,1,4358,1
ffn_0,1,4251,1
ffn_0,1,4088,1
ffn_0,1,4076,1
ffn_0,1,3923,1
ffn_0,1,3572,1
ffn_0,1,3391,1
ffn_0,1,3310,1
ffn_0,1,3202,1
ffn_0,1,2898,1
ffn_0,1,2421,1
ffn_0,1,2220,1
ffn_0,1,2151,1
ffn_0,1,1774,1
ffn_0,1,1532,1
ffn_0,1,1526,1
ffn_0,1,1396,1
ffn_0,1,1240,1
ffn_0,1,1167,1
ffn_0,1,1151,1
ffn_0,2,72358,1
ffn_0,2,59694,1
ffn_0,2,51598,1
ffn_0,2,37348,1
ffn_0,2,35205,1
ffn_0,2,32100,1
ffn_0,2,27433,1
ffn_0,2,24344,1
ffn_0,2,23361,1
ffn_0,2,22455,1
ffn_0,2,21751,1
ffn_0,2,17744,1
ffn_0,2,17241,1
ffn_0,2,17119,1
ffn_0,2,15569,1
ffn_0,2,13782,1
ffn_0,2,13767,1
ffn_0,2,13564,1
ffn_0,2,13343,1
ffn_0,2,13310,1
ffn_0,2,12228,1
ffn_0,2,12027,1
ffn_0,2,10924,1
ffn_0,2,10888,1
ffn_0,2,10629,1
ffn_0,2,10178,1
ffn_0,2,9925,1
ffn_0,2,9831,1
ffn_0,2,9420,1
ffn_0,2,8559,1
ffn_0,2,8378,1
ffn_0,2,7603,1
ffn_0,2,7099,1
ffn_0,2,6399,1
ffn_0,2,6295,1
ffn_0,2,6081,1
ffn_0,2,5955,1
ffn_0,2,5949,1
ffn_0,2,5907,1
ffn_0,2,5810,1
ffn_0,2,5567,1
ffn_0,2,5213,1
ffn_0,2,5088,1
ffn_0,2,5062,1
ffn_0,2,4959,1
ffn_0,2,4894,1
ffn_0,2,4827,1
ffn_0,2,4602,1
ffn_0,2,3911,1
ffn_0,2,3906,1
ffn_0,2,3845,1
ffn_0,2,3821,1
ffn_0,2,3365,1
ffn_0,2,3175,1
ffn_0,2,2982,1
ffn_0,2,2882,1
ffn_0,2,2741,1
ffn_0,2,2555,1
ffn_0,2,2546,1
ffn_0,2,2432,1
ffn_0,2,2350,1
ffn_0,2,2088,1
ffn_0,2,2080,1
ffn_0,2,1922,1
ffn_0,3,61007,1
ffn_0,3,41710,1
ffn_0,3,33759,1
ffn_0,3,27096,1
ffn_0,3,25886,1
ffn_0,3,23675,1
ffn_0,3,23388,1
ffn_0,3,22987,1
ffn_0,3,21557,1
ffn_0,3,20924,1
ffn_0,3,20761,1
ffn_0,3,20692,1
ffn_0,3,20018,1
ffn_0,3,18410,1
ffn_0,3,17736,1
ffn_0,3,16262,1
ffn_0,3,15727,1
ffn_0,3,14811,1
ffn_0,3,14506,1
ffn_0,3,14351,1
ffn_0,3,14235,1
ffn_0,3,12344,1
ffn_0,3,12325,1
ffn_0,3,12194,1
ffn_0,3,12132,1
ffn_0,3,12073,1
ffn_0,3,11914,1
ffn_0,3,11779,1
ffn_0,3,11729,1
ffn_0,3,11100,1
ffn_0,3,10828,1
ffn_0,3,10810,1
ffn_0,3,10409,1
ffn_0,3,10306,1
ffn_0,3,9964,1
ffn_0,3,9776,1
ffn_0,3,9508,1
ffn_0,3,9303,1
ffn_0,3,9243,1
ffn_0,3,9183,1
ffn_0,3,8072,1
ffn_0,3,7390,1
ffn_0,3,7357,1
ffn_0,3,6818,1
ffn_0,3,6318,1
ffn_0,3,6002,1
ffn_0,3,5831,1
ffn_0,3,5690,1
ffn_0,3,5447,1
ffn_0,3,5338,1
ffn_0,3,4756,1
ffn_0,3,4589,1
ffn_0,3,4523,1
ffn_0,3,4468,1
ffn_0,3,3649,1
ffn_0,3,3499,1
ffn_0,3,2564,1
ffn_0,3,2180,1
ffn_0,3,1937,1
ffn_0,3,1813,1
ffn_0,3,1582,1
ffn_0,3,1352,1
ffn_0,3,1305,1
ffn_0,3,1086,1
ffn_1,0,68631,1
ffn_1,0,59330,1
ffn_1,0,40834,1
ffn_1,0,39456,1
ffn_1,0,34683,1
ffn_1,0,33958,1
ffn_1,0,27632,1
ffn_1,0,27350,1
ffn_1,0,24773,1
ffn_1,0,22978,1
ffn_1,0,22212,1
ffn_1,0,19420,1
ffn_1,0,19300,1
ffn_1,0,17612,1
ffn_1,0,16681,1
ffn_1,0,15047,1
ffn_1,0,14030,1
ffn_1,0,13594,1
ffn_1,0,13122,1
ffn_1,0,12986,1
ffn_1,0,12769,1
ffn_1,0,12335,1
ffn_1,0,10462,1
ffn_1,0,10412,1
ffn_1,0,10040,1
ffn_1,0,9294,1
ffn_1,0,8034,1
ffn_1,0,7966,1
ffn_1,0,7884,1
ffn_1,0,7534,1
ffn_1,0,7459,1
ffn_1,0,7457,1
ffn_1,0,7451,1
ffn_1,0,7441,1
ffn_1,0,7154,1
ffn_1,0,7027,1
ffn_1,0,6863,1
ffn_1,0,6673,1
ffn_1,0,6204,1
ffn_1,0,6189,1
ffn_1,0,5877,1
ffn_1,0,5638,1
ffn_1,0,5605,1
ffn_1,0,5600,1
ffn_1,0,5555,1
ffn_1,0,5314,1
ffn_1,0,4733,1
ffn_1,0,4543,1
ffn_1,0,4489,1
ffn_1,0,4369,1
ffn_1,0,3855,1
ffn_1,0,3778,1
ffn_1,0,3484,1
ffn_1,0,3365,1
ffn_1,0,2928,1
ffn_1,0,2846,1
ffn_1,0,2818,1
ffn_1,0,2551,1
ffn_1,0,2367,1
ffn_1,0,2282,1
ffn_1,0,1989,1
ffn_1,0,1986,1
ffn_1,0,1945,1
ffn_1,0,1790,1
ffn_1,1,61745,1
ffn_1,1,46296,1
ffn_1,1,27622,1
ffn_1,1,25741,1
ffn_1,1,25281,1
ffn_1,1,23426,2
ffn_1,1,21164,1
ffn_1,1,21097,1
ffn_1,1,20789,1
ffn_1,1,20392,1
ffn_1,1,20153,1
ffn_1,1,19650,1
ffn_1,1,18963,1
ffn_1,1,17665,1
ffn_1,1,17403,1
ffn_1,1,16650,1
ffn_1,1,16107,1
ffn_1,1,15170,1
ffn_1,1,14625,1
ffn_1,1,13673,1
ffn_1,1,13614,1
ffn_1,1,13560,1
ffn_1,1,13332,1
ffn_1,1,13007,1
ffn_1,1,12752,1
ffn_1,1,11189,1
ffn_1,1,10735,1
ffn_1,1,10582,1
ffn_1,1,10111,1
ffn_1,1,10107,1
ffn_1,1,10066,1
ffn_1,1,9967,1
ffn_1,1,9886,1
ffn_1,1,9574,1
ffn_1,1,9544,1
ffn_1,1,9367,1
ffn_1,1,8704,1
ffn_1,1,8501,1
ffn_1,1,7923,1
ffn_1,1,7808,1
ffn_1,1,7456,1
ffn_1,1,6915,1
ffn_1,1,6410,1
ffn_1,1,6274,1
ffn_1,1,5835,1
ffn_1,1,5622,1
ffn_1,1,4898,1
ffn_1,1,4884,1
ffn_1,1,4751,1
ffn_1,1,4724,1
ffn_1,1,4552,1
ffn_1,1,4458,1
ffn_1,1,4441,1
ffn_1,1,4221,1
ffn_1,1,4048,1
ffn_1,1,3651,1
ffn_1,1,3083,1
ffn_1,1,3079,1
ffn_1,1,2901,1
ffn_1,1,2862,1
ffn_1,1,2815,1
ffn_1,1,2725,1
ffn_1,1,2012,1
ffn_1,2,61525,1
ffn_1,2,56869,1
ffn_1,2,49542,1
ffn_1,2,38708,1
ffn_1,2,33991,1
ffn_1,2,33474,1
ffn_1,2,28900,1
ffn_1,2,24488,1
ffn_1,2,23413,1
ffn_1,2,20967,1
ffn_1,2,19676,1
ffn_1,2,17905,1
ffn_1,2,17891,1
ffn_1,2,17027,1
ffn_1,2,17023,1
ffn_1,2,16414,1
ffn_1,2,15711,1
ffn_1,2,15346,1
ffn_1,2,14468,1
ffn_1,2,13988,1
ffn_1,2,12335,1
ffn_1,2,11780,1
ffn_1,2,11761,1
ffn_1,2,11016,1
ffn_1,2,10883,1
ffn_1,2,10578,1
ffn_1,2,10248,1
ffn_1,2,10245,1
ffn_1,2,10206,1
ffn_1,2,10078,1
ffn_1,2,9531,1
ffn_1,2,9056,1
ffn_1,2,8433,1
ffn_1,2,8045,1
ffn_1,2,8042,1
ffn_1,2,7375,1
ffn_1,2,6878,1
ffn_1,2,6704,1
ffn_1,2,6472,1
ffn_1,2,6193,1
ffn_1,2,5866,1
ffn_1,2,5541,1
ffn_1,2,5306,1
ffn_1,2,4579,1
ffn_1,2,4352,1
ffn_1,2,4067,1
ffn_1,2,3660,1
ffn_1,2,3648,1
ffn_1,2,3165,1
ffn_1,2,3109,1
ffn_1,2,3007,1
ffn_1,2,2959,1
ffn_1,2,2830,1
ffn_1,2,2829,1
ffn_1,2,2797,1
ffn_1,2,2735,1
ffn_1,2,2718,1
ffn_1,2,2645,1
ffn_1,2,2363,1
ffn_1,2,2059,1
ffn_1,2,1953,1
ffn_1,2,1741,1
ffn_1,2,1563,1
ffn_1,2,1307,1
ffn_1,3,54446,1
ffn_1,3,44373,1
ffn_1,3,41270,1
ffn_1,3,40484,1
ffn_1,3,31725,1
ffn_1,3,30791,1
ffn_1,3,28307,1
ffn_1,3,28185,1
ffn_1,3,25432,1
ffn_1,3,24069,1
ffn_1,3,23808,1
ffn_1,3,23381,1
ffn_1,3,21497,1
ffn_1,3,19290,1
ffn_1,3,15076,1
ffn_1,3,14769,1
ffn_1,3,14270,1
ffn_1,3,13553,1
ffn_1,3,12868,1
ffn_1,3,12417,1
ffn_1,3,12118,1
ffn_1,3,11976,1
ffn_1,3,11857,1
ffn_1,3,11782,1
ffn_1,3,11700,1
ffn_1,3,10530,1
ffn_1,3,10295,1
ffn_1,3,9847,1
ffn_1,3,9562,1
ffn_1,3,9472,1
ffn_1,3,9182,1
ffn_1,3,9146,1
ffn_1,3,8937,1
ffn_1,3,8590,1
ffn_1,3,8487,1
ffn_1,3,7867,1
ffn_1,3,7845,1
ffn_1,3,7503,1
ffn_1,3,7074,1
ffn_1,3,7030,1
ffn_1,3,6531,1
ffn_1,3,6368,1
ffn_1,3,6212,1
ffn_1,3,6054,1
ffn_1,3,5767,1
ffn_1,3,4780,1
ffn_1,3,4693,1
ffn_1,3,4461,1
ffn_1,3,4340,1
ffn_1,3,4002,1
ffn_1,3,3788,1
ffn_1,3,3688,1
ffn_1,3,3650,1
ffn_1,3,3626,1
ffn_1,3,2877,1
ffn_1,3,2876,1
ffn_1,3,2759,1
ffn_1,3,2646,1
ffn_1,3,2277,1
ffn_1,3,2040,1
ffn_1,3,1721,1
ffn_1,3,1489,1
ffn_1,3,1345,1
ffn_1,3,1183,1
head_0_0_V,0,18289,1
head_0_0_V,0,18229,1
head_0_0_V,0,17584,1
head_0_0_V,0,13349,1
head_0_0_V,0,12739,1
head_0_0_V,0,10499,1
head_0_0_V,0,10003,1
head_0_0_V,0,9832,1
head_0_0_V,0,9313,1
head_0_0_V,0,8020,1
head_0_0_V,0,7733,1
head_0_0_V,0,7574,1
head_0_0_V,0,7465,1
head_0_0_V,0,7454,1
head_0_0_V,0,7162,1
head_0_0_V,0,7088,1
head_0_0_V,0,6988,1
head_0_0_V,0,6858,1
head_0_0_V,0,6842,1
head_0_0_V,0,6498,1
head_0_0_V,0,6089,1
head_0_0_V,0,6015,1
head_0_0_V,0,5886,1
head_0_0_V,0,5877,1
head_0_0_V,0,5792,1
head_0_0_V,0,5785,1
head_0_0_V,0,5660,1
head_0_0_V,0,5542,1
head_0_0_V,0,5485,1
head_0_0_V,0,5412,1
head_0_0_V,0,5238,1
head_0_0_V,0,5236,1
head_0_0_V,0,5217,1
head_0_0_V,0,5161,1
head_0_0_V,0,4980,1
head_0_0_V,0,4889,1
head_0_0_V,0,4852,1
head_0_0_V,0,4825,1
head_0_0_V,0,4805,1
head_0_0_V,0,4769,1
head_0_0_V,0,4750,1
head_0_0_V,0,4705,1
head_0_0_V,0,4682,1
head_0_0_V,0,4662,1
head_0_0_V,0,4563,1
head_0_0_V,0,4487,1
head_0_0_V,0,4428,1
head_0_0_V,0,4397,1
head_0_0_V,0,4344,1
head_0_0_V,0,4341,1
head_0_0_V,0,4279,1
head_0_0_V,0,4267,1
head_0_0_V,0,4253,1
head_0_0_V,0,4192,1
head_0_0_V,0,4130,1
head_0_0_V,0,4082,1
head_0_0_V,0,4057,1
head_0_0_V,0,4038,1
head_0_0_V,0,3999,1
head_0_0_V,0,3955,1
head_0_0_V,0,3935,1
head_0_0_V,0,3894,1
head_0_0_V,0,3875,1
head_0_0_V,0,3864,1
head_0_0_V,0,3861,1
head_0_0_V,0,3812,1
head_0_0_V,0,3809,1
head_0_0_V,0,3754,1
head_0_0_V,0,3733,1
head_0_0_V,0,3707,1
head_0_0_V,0,3674,1
head_0_0_V,0,3628,1
head_0_0_V,0,3607,1
head_0_0_V,0,3594,1
head_0_0_V,0,3542,1
head_0_0_V,0,3535,1
head_0_0_V,0,3483,1
head_0_0_V,0,3477,1
head_0_0_V,0,3468,1
head_0_0_V,0,3446,1
head_0_0_V,0,3444,1
head_0_0_V,0,3430,1
head_0_0_V,0,3410,1
head_0_0_V,0,3359,1
head_0_0_V,0,3274,1
head_0_0_V,0,3240,1
head_0_0_V,0,3231,1
head_0_0_V,0,3230,1
head_0_0_V,0,3198,2
head_0_0_V,0,3183,1
head_0_0_V,0,3157,1
head_0_0_V,0,3155,1
head_0_0_V,0,3145,1
head_0_0_V,0,3144,1
head_0_0_V,0,3135,1
head_0_0_V,0,3129,1
head_0_0_V,0,3112,1
head_0_0_V,0,3105,1
head_0_0_V,0,3083,1
head_0_0_V,0,3075,1
head_0_0_V,0,3070,1
head_0_0_V,0,3061,1
head_0_0_V,0,3016,1
head_0_0_V,0,3008,2
head_0_0_V,0,2998,1
head_0_0_V,0,2997,1
head_0_0_V,0,2989,1
head_0_0_V,0,2988,1
head_0_0_V,0,2973,1
head_0_0_V,0,2971,1
head_0_0_V,0,2956,1
head_0_0_V,0,2954,1
head_0_0_V,0,2944,2
head_0_0_V,0,2923,1
head_0_0_V,0,2917,1
head_0_0_V,0,2914,1
head_0_0_V,0,2912,1
head_0_0_V,0,2893,1
head_0_0_V,0,2882,1
head_0_0_V,0,2875,1
head_0_0_V,0,2866,1
head_0_0_V,0,2852,1
head_0_0_V,0,2837,1
head_0_0_V,0,2834,1
head_0_0_V,0,2786,1
head_0_0_V,0,2776,1
head_0_0_V,0,2767,1
head_0_0_V,0,2763,1
head_0_0_V,0,2741,1
head_0_0_V,0,2737,1
head_0_0_V,0,2720,1
head_0_0_V,0,2713,1
head_0_0_V,0,2712,1
head_0_0_V,0,2705,1
head_0_0_V,0,2684,1
head_0_0_V,0,2681,1
head_0_0_V,0,2674,1
head_0_0_V,0,2673,1
head_0_0_V,0,2672,1
head_0_0_V,0,2667,1
head_0_0_V,0,2600,1
head_0_0_V,0,2585,1
head_0_0_V,0,2565,1
head_0_0_V,0,2557,1
head_0_0_V,0,2547,1
head_0_0_V,0,2543,1
head_0_0_V,0,2520,1
head_0_0_V,0,2515,1
head_0_0_V,0,2513,1
head_0_0_V,0,2511,1
head_0_0_V,0,2503,1
head_0_0_V,0,2502,1
head_0_0_V,0,2489,1
head_0_0_V,0,2475,1
head_0_0_V,0,2462,1
head_0_0_V,0,2438,1
head_0_0_V,0,2429,1
head_0_0_V,0,2419,1
head_0_0_V,0,2415,1
head_0_0_V,0,2414,1
head_0_0_V,0,2401,1
head_0_0_V,0,2400,2
head_0_0_V,0,2397,1
head_0_0_V,0,2387,1
head_0_0_V,0,2376,1
head_0_0_V,0,2372,1
head_0_0_V,0,2366,1
head_0_0_V,0,2365,1
head_0_0_V,0,2354,1
head_0_0_V,0,2352,1
head_0_0_V,0,2350,1
head_0_0_V,0,2345,1
head_0_0_V,0,2334,1
head_0_0_V,0,2331,1
head_0_0_V,0,2310,1
head_0_0_V,0,2287,1
head_0_0_V,0,2283,1
head_0_0_V,0,2280,1
head_0_0_V,0,2277,1
head_0_0_V,0,2275,1
head_0_0_V,0,2272,1
head_0_0_V,0,2266,1
head_0_0_V,0,2264,1
head_0_0_V,0,2262,1
head_0_0_V,0,2252,1
head_0_0_V,0,2250,1
head_0_0_V,0,2245,1
head_0_0_V,0,2238,1
head_0_0_V,0,2226,1
head_0_0_V,0,2223,1
head_0_0_V,0,2218,1
head_0_0_V,0,2195,1
head_0_0_V,0,2178,1
head_0_0_V,0,2177,1
head_0_0_V,0,2175,1
head_0_0_V,0,2164,1
head_0_0_V,0,2159,1
head_0_0_V,0,2154,1
head_0_0_V,0,2150,1
head_0_0_V,0,2148,1
head_0_0_V,0,2145,1
head_0_0_V,0,2135,1
head_0_0_V,0,2129,1
head_0_0_V,0,2123,1
head_0_0_V,0,2113,1
head_0_0_V,0,2111,1
head_0_0_V,0,2109,1
head_0_0_V,0,2094,1
head_0_0_V,0,2091,1
head_0_0_V,0,2086,2
head_0_0_V,0,2079,1
head_0_0_V,0,2076,1
head_0_0_V,0,2071,1
head_0_0_V,0,2064,1
head_0_0_V,0,2063,1
head_0_0_V,0,2060,1
head_0_0_V,0,2045,1
head_0_0_V,0,2040,1
head_0_0_V,0,2039,1
head_0_0_V,0,2034,1
head_0_0_V,0,2032,1
head_0_0_V,0,2031,1
head_0_0_V,0,2030,1
head_0_0_V,0,2023,1
head_0_0_V,0,2022,1
head_0_0_V,0,2015,1
head_0_0_V,0,2014,1
head_0_0_V,0,2012,1
head_0_0_V,0,2011,1
head_0_0_V,0,2008,1
head_0_0_V,0,2005,1
head_0_0_V,0,1993,1
head_0_0_V,0,1991,1
head_0_0_V,0,1980,1
head_0_0_V,0,1978,1
head_0_0_V,0,1977,1
head_0_0_V,0,1975,2
head_0_0_V,0,1962,1
head_0_0_V,0,1960,2
head_0_0_V,0,1959,1
head_0_0_V,0,1956,1
head_0_0_V,0,1952,1
head_0_0_V,0,1948,1
head_0_0_V,0,1940,1
head_0_0_V,0,1939,1
head_0_0_V,0,1918,1
head_0_0_V,0,1907,1
head_0_0_V,0,1899,2
head_0_0_V,0,1898,1
head_0_0_V,0,1896,1
head_0_0_V,0,1894,2
head_0_0_V,0,1893,1
head_0_0_V,0,1881,1
head_0_0_V,0,1880,1
head_0_0_V,0,1878,1
head_0_0_V,0,1874,1
head_0_0_V,0,1872,1
head_0_0_V,0,1866,1
head_0_0_V,0,1865,1
head_0_0_V,0,1862,1
head_0_0_V,0,1858,2
head_0_0_V,0,1854,1
head_0_0_V,0,1853,1
head_0_0_V,0,1852,1
head_0_0_V,0,1851,1
head_0_0_V,0,1842,1
head_0_0_V,0,1840,1
head_0_0_V,0,1839,1
head_0_0_V,0,1837,1
head_0_0_V,0,1829,2
head_0_0_V,0,1817,1
head_0_0_V,0,1816,1
head_0_0_V,0,1813,2
head_0_0_V,0,1809,1
head_0_0_V,0,1798,1
head_0_0_V,0,1787,1
head_0_0_V,0,1786,1
head_0_0_V,0,1778,1
head_0_0_V,0,1768,1
head_0_0_V,0,1767,1
head_0_0_V,0,1764,1
head_0_0_V,0,1763,1
head_0_0_V,0,1760,1
head_0_0_V,0,1756,1
head_0_0_V,0,1751,1
head_0_0_V,0,1750,1
head_0_0_V,0,1745,1
head_0_0_V,0,1744,1
head_0_0_V,0,1743,1
head_0_0_V,0,1738,1
head_0_0_V,0,1737,1
head_0_0_V,0,1735,1
head_0_0_V,0,1732,1
head_0_0_V,0,1724,1
head_0_0_V,0,1721,1
head_0_0_V,0,1717,1
head_0_0_V,0,1708,1
head_0_0_V,0,1707,1
head_0_0_V,0,1701,1
head_0_0_V,0,1698,1
head_0_0_V,0,1696,1
head_0_0_V,0,1693,1
head_0_0_V,0,1691,1
head_0_0_V,0,1690,1
head_0_0_V,0,1681,1
head_0_0_V,0,1680,1
head_0_0_V,0,1676,1
head_0_0_V,0,1670,1
head_0_0_V,0,1669,2
head_0_0_V,0,1667,1
head_0_0_V,0,1663,1
head_0_0_V,0,1659,1
head_0_0_V,0,1656,1
head_0_0_V,0,1646,1
head_0_0_V,0,1645,1
head_0_0_V,0,1644,1
head_0_0_V,0,1641,1
head_0_0_V,0,1637,1
head_0_0_V,0,1634,1
head_0_0_V,0,1632,1
head_0_0_V,0,1624,1
head_0_0_V,0,1614,1
head_0_0_V,0,1612,1
head_0_0_V,0,1608,1
head_0_0_V,0,1605,2
head_0_0_V,0,1604,1
head_0_0_V,0,1587,1
head_0_0_V,0,1584,2
head_0_0_V,0,1581,1
head_0_0_V,0,1578,1
head_0_0_V,0,1577,1
head_0_0_V,0,1574,1
head_0_0_V,0,1571,1
head_0_0_V,0,1570,2
head_0_0_V,0,1568,1
head_0_0_V,0,1567,1
head_0_0_V,0,1562,1
head_0_0_V,0,1557,4
head_0_0_V,0,1554,2
head_0_0_V,0,1551,1
head_0_0_V,0,1541,2
head_0_0_V,0,1539,1
head_0_0_V,0,1535,1
head_0_0_V,0,1534,1
head_0_0_V,0,1533,1
head_0_0_V,0,1531,2
head_0_0_V,0,1530,1
head_0_0_V,0,1528,1
head_0_0_V,0,1526,1
head_0_0_V,0,1525,1
head_0_0_V,0,1524,2
head_0_0_V,0,1514,1
head_0_0_V,0,1513,1
head_0_0_V,0,1510,1
head_0_0_V,0,1509,1
head_0_0_V,0,1508,1
head_0_0_V,0,1506,1
head_0_0_V,0,1500,1
head_0_0_V,0,1497,1
head_0_0_V,0,1496,1
head_0_0_V,0,1495,1
head_0_0_V,0,1494,1
head_0_0_V,0,1491,1
head_0_0_V,0,1489,1
head_0_0_V,0,1488,1
head_0_0_V,0,1487,1
head_0_0_V,0,1483,1
head_0_0_V,0,1482,1
head_0_0_V,0,1477,1
head_0_0_V,0,1476,1
head_0_0_V,0,1470,1
head_0_0_V,0,1468,1
head_0_0_V,0,1461,1
head_0_0_V,0,1459,1
head_0_0_V,0,1458,2
head_0_0_V,0,1456,1
head_0_0_V,0,1455,1
head_0_0_V,0,1447,1
head_0_0_V,0,1446,1
head_0_0_V,0,1445,1
head_0_0_V,0,1442,1
head_0_0_V,0,1441,1
head_0_0_V,0,1440,2
head_0_0_V,0,1438,2
head_0_0_V,0,1437,1
head_0_0_V,0,1436,1
head_0_0_V,0,1434,2
head_0_0_V,0,1430,1
head_0_0_V,0,1427,1
head_0_0_V,0,1423,1
head_0_0_V,0,1419,2
head_0_0_V,0,1414,1
head_0_0_V,0,1411,2
head_0_0_V,0,1409,2
head_0_0_V,0,1407,2
head_0_0_V,0,1404,2
head_0_0_V,0,1401,1
head_0_0_V,0,1397,1
head_0_0_V,0,1394,1
head_0_0_V,0,1393,1
head_0_0_V,0,1386,1
head_0_0_V,0,1384,1
head_0_0_V,0,1383,1
head_0_0_V,0,1382,1
head_0_0_V,0,1380,1
head_0_0_V,0,1379,1
head_0_0_V,0,1376,1
head_0_0_V,0,1370,1
head_0_0_V,0,1365,4
head_0_0_V,0,1364,1
head_0_0_V,0,1362,1
head_0_0_V,0,1355,2
head_0_0_V,0,1354,1
head_0_0_V,0,1353,1
head_0_0_V,0,1351,1
head_0_0_V,0,1347,2
head_0_0_V,0,1346,1
head_0_0_V,0,1345,2
head_0_0_V,0,1344,1
head_0_0_V,0,1343,1
head_0_0_V,0,1342,2
head_0_0_V,0,1341,1
head_0_0_V,0,1339,1
head_0_0_V,0,1338,2
head_0_0_V,0,1337,2
head_0_0_V,0,1336,1
head_0_0_V,0,1335,1
head_0_0_V,0,1333,1
head_0_0_V,0,1330,1
head_0_0_V,0,1328,1
head_0_0_V,0,1326,1
head_0_0_V,0,1325,2
head_0_0_V,0,1323,1
head_0_0_V,0,1322,1
head_0_0_V,0,1321,2
head_0_0_V,0,1319,1
head_0_0_V,0,1316,1
head_0_0_V,0,1309,2
head_0_0_V,0,1308,2
head_0_0_V,0,1307,2
head_0_0_V,0,1302,1
head_0_0_V,0,1300,1
head_0_0_V,0,1297,2
head_0_0_V,0,1294,1
head_0_0_V,0,1293,1
head_0_0_V,0,1290,1
head_0_0_V,0,1289,1
head_0_0_V,0,1287,1
head_0_0_V,0,1286,1
head_0_0_V,0,1284,1
head_0_0_V,0,1283,1
head_0_0_V,0,1281,2
head_0_0_V,0,1277,1
head_0_0_V,0,1273,1
head_0_0_V,0,1272,1
head_0_0_V,0,1268,3
head_0_0_V,0,1263,1
head_0_0_V,0,1262,2
head_0_0_V,0,1259,1
head_0_0_V,0,1258,3
head_0_0_V,0,1256,1
head_0_0_V,0,1255,3
head_0_0_V,0,1252,1
head_0_0_V,0,1251,3
head_0_0_V,0,1250,1
head_0_0_V,0,1249,2
head_0_0_V,0,1247,1
head_0_0_V,0,1246,1
head_0_0_V,0,1243,1
head_0_0_V,0,1242,1
head_0_0_V,0,1239,2
head_0_0_V,0,1238,1
head_0_0_V,0,1236,1
head_0_0_V,0,1235,2
head_0_0_V,0,1232,1
head_0_0_V,0,1230,1
head_0_0_V,0,1228,1
head_0_0_V,0,1227,2
head_0_0_V,0,1226,1
head_0_0_V,0,1223,1
head_0_0_V,0,1220,1
head_0_0_V,0,1215,1
head_0_0_V,0,1214,3
head_0_0_V,0,1212,3
head_0_0_V,0,1208,1
head_0_0_V,0,1207,3
head_0_0_V,0,1205,1
head_0_0_V,0,1204,3
head_0_0_V,0,1203,3
head_0_0_V,0,1202,1
head_0_0_V,0,1200,2
head_0_0_V,0,1192,2
head_0_0_V,0,1191,1
head_0_0_V,0,1184,1
head_0_0_V,0,1183,1
head_0_0_V,0,1182,1
head_0_0_V,0,1181,1
head_0_0_V,0,1179,2
head_0_0_V,0,1178,1
head_0_0_V,0,1177,1
head_0_0_V,0,1173,1
head_0_0_V,0,1172,2
head_0_0_V,0,1171,1
head_0_0_V,0,1169,1
head_0_0_V,0,1166,1
head_0_0_V,0,1165,4
head_0_0_V,0,1159,1
head_0_0_V,0,1158,1
head_0_0_V,0,1157,1
head_0_0_V,0,1153,1
head_0_0_V,0,1152,1
head_0_0_V,0,1150,1
head_0_0_V,0,1148,1
head_0_0_V,0,1145,2
head_0_0_V,0,1144,2
head_0_0_V,0,1142,1
head_0_0_V,0,1141,2
head_0_0_V,0,1140,2
head_0_0_V,0,1139,1
head_0_0_V,0,1137,2
head_0_0_V,0,1135,1
head_0_0_V,0,1134,2
head_0_0_V,0,1133,2
head_0_0_V,0,1132,2
head_0_0_V,0,1130,1
head_0_0_V,0,1128,2
head_0_0_V,0,1127,1
head_0_0_V,0,1122,1
head_0_0_V,0,1120,1
head_0_0_V,0,1119,3
head_0_0_V,0,1116,2
head_0_0_V,0,1115,1
head_0_0_V,0,1114,1
head_0_0_V,0,1113,1
head_0_0_V,0,1108,1
head_0_0_V,0,1106,1
head_0_0_V,0,1105,1
head_0_0_V,0,1104,1
head_0_0_V,0,1102,1
head_0_0_V,0,1100,2
head_0_0_V,0,1098,2
head_0_0_V,0,1097,3
head_0_0_V,0,1096,2
head_0_0_V,0,1095,1
head_0_0_V,0,1094,2
head_0_0_V,0,1090,1
head_0_0_V,0,1089,2
head_0_0_V,0,1088,1
head_0_0_V,0,1087,1
head_0_0_V,0,1086,2
head_0_0_V,0,1083,2
head_0_0_V,0,1082,1
head_0_0_V,0,1081,1
head_0_0_V,0,1080,1
head_0_0_V,0,1078,2
head_0_0_V,0,1075,2
head_0_0_V,0,1074,1
head_0_0_V,0,1073,1
head_0_0_V,0,1071,2
head_0_0_V,0,1069,3
head_0_0_V,0,1067,3
head_0_0_V,0,1066,2
head_0_0_V,0,1065,1
head_0_0_V,0,1063,1
head_0_0_V,0,1062,2
head_0_0_V,0,1061,1
head_0_0_V,0,1060,1
head_0_0_V,0,1058,1
head_0_0_V,0,1057,1
head_0_0_V,0,1055,1
head_0_0_V,0,1054,1
head_0_0_V,0,1052,1
head_0_0_V,0,1047,1
head_0_0_V,0,1046,1
head_0_0_V,0,1045,1
head_0_0_V,0,1044,1
head_0_0_V,0,1042,1
head_0_0_V,0,1039,1
head_0_0_V,0,1038,1
head_0_0_V,0,1037,3
head_0_0_V,0,1035,2
head_0_0_V,0,1034,1
head_0_0_V,0,1031,3
head_0_0_V,0,1029,1
head_0_0_V,0,1027,2
head_0_0_V,0,1025,2
head_0_0_V,0,1024,2
head_0_0_V,0,1022,2
head_0_0_V,0,1021,2
head_0_0_V,0,1019,1
head_0_0_V,0,1017,1
head_0_0_V,0,1015,1
head_0_0_V,0,1014,1
head_0_0_V,0,1013,1
head_0_0_V,0,1012,1
head_0_0_V,0,1011,1
head_0_0_V,0,1010,1
head_0_0_V,0,1009,1
head_0_0_V,0,1008,1
head_0_0_V,0,1007,2
head_0_0_V,0,1006,1
head_0_0_V,0,1005,1
head_0_0_V,0,1004,1
head_0_0_V,0,1000,1
head_0_0_V,0,999,1
head_0_0_V,0,998,1
head_0_0_V,0,997,1
head_0_0_V,0,996,2
head_0_0_V,0,995,1
head_0_0_V,0,992,1
head_0_0_V,0,991,2
head_0_0_V,0,990,2
head_0_0_V,0,988,2
head_0_0_V,0,987,2
head_0_0_V,0,984,1
head_0_0_V,0,983,1
head_0_0_V,0,980,1
head_0_0_V,0,979,2
head_0_0_V,0,977,1
head_0_0_V,0,976,1
head_0_0_V,0,975,3
head_0_0_V,0,973,3
head_0_0_V,0,972,2
head_0_0_V,0,971,1
head_0_0_V,0,970,2
head_0_0_V,0,969,3
head_0_0_V,0,967,2
head_0_0_V,0,964,1
head_0_0_V,0,962,5
head_0_0_V,0,958,1
head_0_0_V,0,956,1
head_0_0_V,0,955,1
head_0_0_V,0,954,1
head_0_0_V,0,951,1
head_0_0_V,0,950,2
head_0_0_V,0,949,3
head_0_0_V,0,947,3
head_0_0_V,0,946,3
head_0_0_V,0,944,1
head_0_0_V,0,943,1
head_0_0_V,0,942,2
head_0_0_V,0,941,1
head_0_0_V,0,940,2
head_0_0_V,0,939,3
head_0_0_V,0,938,3
head_0_0_V,0,935,1
head_0_0_V,0,934,2
head_0_0_V,0,933,2
head_0_0_V,0,932,3
head_0_0_V,0,930,2
head_0_0_V,0,929,2
head_0_0_V,0,928,2
head_0_0_V,0,926,1
head_0_0_V,0,925,2
head_0_0_V,0,923,1
head_0_0_V,0,922,1
head_0_0_V,0,921,3
head_0_0_V,0,920,2
head_0_0_V,0,918,2
head_0_0_V,0,917,1
head_0_0_V,0,915,1
head_0_0_V,0,914,1
head_0_0_V,0,912,1
head_0_0_V,0,911,3
head_0_0_V,0,909,1
head_0_0_V,0,908,1
head_0_0_V,0,906,1
head_0_0_V,0,905,1
head_0_0_V,0,904,1
head_0_0_V,0,903,2
head_0_0_V,0,900,2
head_0_0_V,0,899,2
head_0_0_V,0,898,4
head_0_0_V,0,897,2
head_0_0_V,0,896,1
head_0_0_V,0,895,4
head_0_0_V,0,894,3
head_0_0_V,0,893,1
head_0_0_V,0,892,3
head_0_0_V,0,890,2
head_0_0_V,0,889,4
head_0_0_V,0,888,2
head_0_0_V,0,887,2
head_0_0_V,0,886,1
head_0_0_V,0,885,2
head_0_0_V,0,883,2
head_0_0_V,0,882,3
head_0_0_V,0,881,2
head_0_0_V,0,880,1
head_0_0_V,0,879,1
head_0_0_V,0,878,3
head_0_0_V,0,877,4
head_0_0_V,0,875,2
head_0_0_V,0,874,1
head_0_0_V,0,871,3
head_0_0_V,0,870,3
head_0_0_V,0,869,2
head_0_0_V,0,868,2
head_0_0_V,0,865,2
head_0_0_V,0,864,3
head_0_0_V,0,863,2
head_0_0_V,0,860,1
head_0_0_V,0,859,2
head_0_0_V,0,857,3
head_0_0_V,0,856,2
head_0_0_V,0,855,3
head_0_0_V,0,854,1
head_0_0_V,0,853,1
head_0_0_V,0,852,3
head_0_0_V,0,851,2
head_0_0_V,0,850,2
head_0_0_V,0,849,2
head_0_0_V,0,847,1
head_0_0_V,0,846,4
head_0_0_V,0,845,3
head_0_0_V,0,844,3
head_0_0_V,0,843,2
head_0_0_V,0,841,1
head_0_0_V,0,839,3
head_0_0_V,0,838,1
head_0_0_V,0,837,5
head_0_0_V,0,836,7
head_0_0_V,0,835,2
head_0_0_V,0,834,1
head_0_0_V,0,833,2
head_0_0_V,0,832,1
head_0_0_V,0,831,1
head_0_0_V,0,829,2
head_0_0_V,0,828,2
head_0_0_V,0,827,3
head_0_0_V,0,826,2
head_0_0_V,0,825,2
head_0_0_V,0,823,3
head_0_0_V,0,821,1
head_0_0_V,0,819,4
head_0_0_V,0,818,1
head_0_0_V,0,816,3
head_0_0_V,0,815,2
head_0_0_V,0,814,1
head_0_0_V,0,811,1
head_0_0_V,0,809,1
head_0_0_V,0,808,1
head_0_0_V,0,807,4
head_0_0_V,0,806,1
head_0_0_V,0,804,1
head_0_0_V,0,803,1
head_0_0_V,0,802,1
head_0_0_V,0,801,3
head_0_0_V,0,800,2
head_0_0_V,0,799,3
head_0_0_V,0,798,2
head_0_0_V,0,797,1
head_0_0_V,0,796,4
head_0_0_V,0,795,1
head_0_0_V,0,794,1
head_0_0_V,0,793,5
head_0_0_V,0,792,2
head_0_0_V,0,790,1
head_0_0_V,0,789,1
head_0_0_V,0,788,3
head_0_0_V,0,786,2
head_0_0_V,0,785,2
head_0_0_V,0,782,3
head_0_0_V,0,781,2
head_0_0_V,0,780,2
head_0_0_V,0,779,3
head_0_0_V,0,778,3
head_0_0_V,0,777,2
head_0_0_V,0,776,4
head_0_0_V,0,775,1
head_0_0_V,0,774,3
head_0_0_V,0,773,3
head_0_0_V,0,772,1
head_0_0_V,0,771,3
head_0_0_V,0,770,1
head_0_0_V,0,769,2
head_0_0_V,0,768,4
head_0_0_V,0,767,2
head_0_0_V,0,766,2
head_0_0_V,0,765,3
head_0_0_V,0,764,2
head_0_0_V,0,762,1
head_0_0_V,0,761,1
head_0_0_V,0,760,2
head_0_0_V,0,759,4
head_0_0_V,0,758,1
head_0_0_V,0,757,2
head_0_0_V,0,756,3
head_0_0_V,0,755,1
head_0_0_V,0,754,2
head_0_0_V,0,753,2
head_0_0_V,0,752,3
head_0_0_V,0,751,5
head_0_0_V,0,750,1
head_0_0_V,0,749,3
head_0_0_V,0,748,2
head_0_0_V,0,747,2
head_0_0_V,0,745,6
head_0_0_V,0,744,3
head_0_0_V,0,743,5
head_0_0_V,0,742,4
head_0_0_V,0,740,1
head_0_0_V,0,738,3
head_0_0_V,0,737,4
head_0_0_V,0,736,1
head_0_0_V,0,735,4
head_0_0_V,0,734,4
head_0_0_V,0,732,1
head_0_0_V,0,731,2
head_0_0_V,0,730,3
head_0_0_V,0,728,5
head_0_0_V,0,727,1
head_0_0_V,0,726,4
head_0_0_V,0,725,2
head_0_0_V,0,724,2
head_0_0_V,0,723,5
head_0_0_V,0,722,1
head_0_0_V,0,721,4
head_0_0_V,0,720,3
head_0_0_V,0,719,2
head_0_0_V,0,718,4
head_0_0_V,0,717,6
head_0_0_V,0,716,7
head_0_0_V,0,715,6
head_0_0_V,0,714,4
head_0_0_V,0,713,8
head_0_0_V,0,712,1
head_0_0_V,0,711,2
head_0_0_V,0,709,2
head_0_0_V,0,708,3
head_0_0_V,0,707,3
head_0_0_V,0,706,2
head_0_0_V,0,704,2
head_0_0_V,0,703,3
head_0_0_V,0,702,2
head_0_0_V,0,701,8
head_0_0_V,0,700,6
head_0_0_V,0,699,4
head_0_0_V,0,698,4
head_0_0_V,0,697,3
head_0_0_V,0,696,4
head_0_0_V,0,695,5
head_0_0_V,0,693,1
head_0_0_V,0,692,7
head_0_0_V,0,691,5
head_0_0_V,0,690,1
head_0_0_V,0,689,2
head_0_0_V,0,688,1
head_0_0_V,0,687,3
head_0_0_V,0,686,2
head_0_0_V,0,685,1
head_0_0_V,0,684,2
head_0_0_V,0,683,1
head_0_0_V,0,682,7
head_0_0_V,0,681,2
head_0_0_V,0,680,2
head_0_0_V,0,679,2
head_0_0_V,0,678,2
head_0_0_V,0,677,5
head_0_0_V,0,676,1
head_0_0_V,0,675,1
head_0_0_V,0,674,2
head_0_0_V,0,673,3
head_0_0_V,0,672,3
head_0_0_V,0,671,3
head_0_0_V,0,670,5
head_0_0_V,0,669,4
head_0_0_V,0,668,5
head_0_0_V,0,667,5
head_0_0_V,0,666,3
head_0_0_V,0,665,5
head_0_0_V,0,664,1
head_0_0_V,0,662,3
head_0_0_V,0,661,3
head_0_0_V,0,660,4
head_0_0_V,0,659,6
head_0_0_V,0,658,3
head_0_0_V,0,657,2
head_0_0_V,0,656,4
head_0_0_V,0,655,1
head_0_0_V,0,654,3
head_0_0_V,0,653,6
head_0_0_V,0,652,1
head_0_0_V,0,651,4
head_0_0_V,0,650,4
head_0_0_V,0,649,4
head_0_0_V,0,648,2
head_0_0_V,0,647,1
head_0_0_V,0,646,4
head_0_0_V,0,645,6
head_0_0_V,0,644,5
head_0_0_V,0,643,4
head_0_0_V,0,642,1
head_0_0_V,0,641,1
head_0_0_V,0,640,7
head_0_0_V,0,639,2
head_0_0_V,0,638,5
head_0_0_V,0,637,3
head_0_0_V,0,636,3
head_0_0_V,0,635,2
head_0_0_V,0,634,6
head_0_0_V,0,632,1
head_0_0_V,0,631,3
head_0_0_V,0,630,1
head_0_0_V,0,629,2
head_0_0_V,0,628,2
head_0_0_V,0,627,5
head_0_0_V,0,625,1
head_0_0_V,0,624,7
head_0_0_V,0,623,3
head_0_0_V,0,622,1
head_0_0_V,0,621,3
head_0_0_V,0,620,4
head_0_0_V,0,619,3
head_0_0_V,0,618,5
head_0_0_V,0,617,3
head_0_0_V,0,616,5
head_0_0_V,0,615,4
head_0_0_V,0,614,3
head_0_0_V,0,613,4
head_0_0_V,0,611,2
head_0_0_V,0,610,4
head_0_0_V,0,609,3
head_0_0_V,0,608,3
head_0_0_V,0,607,4
head_0_0_V,0,606,4
head_0_0_V,0,605,6
head_0_0_V,0,604,3
head_0_0_V,0,603,3
head_0_0_V,0,602,9
head_0_0_V,0,601,1
head_0_0_V,0,600,3
head_0_0_V,0,599,4
head_0_0_V,0,598,5
head_0_0_V,0,597,4
head_0_0_V,0,596,2
head_0_0_V,0,595,5
head_0_0_V,0,594,5
head_0_0_V,0,593,5
head_0_0_V,0,592,7
head_0_0_V,0,591,3
head_0_0_V,0,590,4
head_0_0_V,0,589,6
head_0_0_V,0,588,6
head_0_0_V,0,587,3
head_0_0_V,0,586,5
head_0_0_V,0,585,7
head_0_0_V,0,584,5
head_0_0_V,0,583,4
head_0_0_V,0,582,3
head_0_0_V,0,581,4
head_0_0_V,0,580,7
head_0_0_V,0,579,5
head_0_0_V,0,578,3
head_0_0_V,0,577,4
head_0_0_V,0,576,3
head_0_0_V,0,575,2
head_0_0_V,0,574,4
head_0_0_V,0,573,4
head_0_0_V,0,572,4
head_0_0_V,0,571,4
head_0_0_V,0,570,6
head_0_0_V,0,569,7
head_0_0_V,0,568,3
head_0_0_V,0,567,6
head_0_0_V,0,566,3
head_0_0_V,0,565,4
head_0_0_V,0,564,8
head_0_0_V,0,563,7
head_0_0_V,0,562,4
head_0_0_V,0,561,5
head_0_0_V,0,560,3
head_0_0_V,0,559,5
head_0_0_V,0,558,5
head_0_0_V,0,557,2
head_0_0_V,0,556,3
head_0_0_V,0,555,6
head_0_0_V,0,554,3
head_0_0_V,0,553,6
head_0_0_V,0,552,5
head_0_0_V,0,551,2
head_0_0_V,0,550,5
head_0_0_V,0,549,8
head_0_0_V,0,548,5
head_0_0_V,0,547,4
head_0_0_V,0,546,4
head_0_0_V,0,545,7
head_0_0_V,0,544,5
head_0_0_V,0,543,3
head_0_0_V,0,542,3
head_0_0_V,0,541,4
head_0_0_V,0,540,4
head_0_0_V,0,539,4
head_0_0_V,0,538,3
head_0_0_V,0,537,2
head_0_0_V,0,536,6
head_0_0_V,0,535,5
head_0_0_V,0,534,7
head_0_0_V,0,533,8
head_0_0_V,0,532,5
head_0_0_V,0,531,2
head_0_0_V,0,530,6
head_0_0_V,0,529,6
head_0_0_V,0,528,3
head_0_0_V,0,527,2
head_0_0_V,0,526,3
head_0_0_V,0,525,3
head_0_0_V,0,524,8
head_0_0_V,0,523,4
head_0_0_V,0,522,6
head_0_0_V,0,521,7
head_0_0_V,0,520,4
head_0_0_V,0,519,4
head_0_0_V,0,518,11
head_0_0_V,0,517,11
head_0_0_V,0,516,6
head_0_0_V,0,515,4
head_0_0_V,0,514,6
head_0_0_V,0,513,5
head_0_0_V,0,512,4
head_0_0_V,0,511,6
head_0_0_V,0,510,10
head_0_0_V,0,509,5
head_0_0_V,0,508,6
head_0_0_V,0,507,4
head_0_0_V,0,506,4
head_0_0_V,0,505,4
head_0_0_V,0,504,6
head_0_0_V,0,503,8
head_0_0_V,0,502,6
head_0_0_V,0,501,2
head_0_0_V,0,500,4
head_0_0_V,0,499,5
head_0_0_V,0,498,3
head_0_0_V,0,497,3
head_0_0_V,0,496,2
head_0_0_V,0,495,6
head_0_0_V,0,494,11
head_0_0_V,0,493,7
head_0_0_V,0,492,7
head_0_0_V,0,491,4
head_0_0_V,0,490,6
head_0_0_V,0,489,6
head_0_0_V,0,488,5
head_0_0_V,0,487,5
head_0_0_V,0,486,5
head_0_0_V,0,485,11
head_0_0_V,0,484,8
head_0_0_V,0,483,7
head_0_0_V,0,482,4
head_0_0_V,0,481,8
head_0_0_V,0,480,4
head_0_0_V,0,479,5
head_0_0_V,0,478,7
head_0_0_V,0,477,4
head_0_0_V,0,476,9
head_0_0_V,0,475,8
head_0_0_V,0,474,7
head_0_0_V,0,473,12
head_0_0_V,0,472,6
head_0_0_V,0,471,8
head_0_0_V,0,470,12
head_0_0_V,0,469,6
head_0_0_V,0,468,3
head_0_0_V,0,467,6
head_0_0_V,0,466,6
head_0_0_V,0,465,5
head_0_0_V,0,464,7
head_0_0_V,0,463,5
head_0_0_V,0,462,8
head_0_0_V,0,461,5
head_0_0_V,0,460,7
head_0_0_V,0,459,6
head_0_0_V,0,458,5
head_0_0_V,0,457,5
head_0_0_V,0,456,9
head_0_0_V,0,455,3
head_0_0_V,0,454,3
head_0_0_V,0,453,12
head_0_0_V,0,452,11
head_0_0_V,0,451,7
head_0_0_V,0,450,8
head_0_0_V,0,449,9
head_0_0_V,0,448,10
head_0_0_V,0,447,10
head_0_0_V,0,446,5
head_0_0_V,0,445,8
head_0_0_V,0,444,9
head_0_0_V,0,443,8
head_0_0_V,0,442,15
head_0_0_V,0,441,6
head_0_0_V,0,440,14
head_0_0_V,0,439,5
head_0_0_V,0,438,10
head_0_0_V,0,437,5
head_0_0_V,0,436,8
head_0_0_V,0,435,11
head_0_0_V,0,434,14
head_0_0_V,0,433,3
head_0_0_V,0,432,9
head_0_0_V,0,431,5
head_0_0_V,0,430,9
head_0_0_V,0,429,6
head_0_0_V,0,428,10
head_0_0_V,0,427,8
head_0_0_V,0,426,8
head_0_0_V,0,425,9
head_0_0_V,0,424,11
head_0_0_V,0,423,8
head_0_0_V,0,422,9
head_0_0_V,0,421,5
head_0_0_V,0,420,9
head_0_0_V,0,419,7
head_0_0_V,0,418,5
head_0_0_V,0,417,7
head_0_0_V,0,416,8
head_0_0_V,0,415,9
head_0_0_V,0,414,11
head_0_0_V,0,413,12
head_0_0_V,0,412,4
head_0_0_V,0,411,9
head_0_0_V,0,410,7
head_0_0_V,0,409,4
head_0_0_V,0,408,8
head_0_0_V,0,407,9
head_0_0_V,0,406,11
head_0_0_V,0,405,10
head_0_0_V,0,404,9
head_0_0_V,0,403,7
head_0_0_V,0,402,7
head_0_0_V,0,401,12
head_0_0_V,0,400,9
head_0_0_V,0,399,5
head_0_0_V,0,398,12
head_0_0_V,0,397,12
head_0_0_V,0,396,9
head_0_0_V,0,395,7
head_0_0_V,0,394,11
head_0_0_V,0,393,6
head_0_0_V,0,392,9
head_0_0_V,0,391,15
head_0_0_V,0,390,14
head_0_0_V,0,389,4
head_0_0_V,0,388,10
head_0_0_V,0,387,11
head_0_0_V,0,386,16
head_0_0_V,0,385,7
head_0_0_V,0,384,11
head_0_0_V,0,383,7
head_0_0_V,0,382,10
head_0_0_V,0,381,11
head_0_0_V,0,380,11
head_0_0_V,0,379,14
head_0_0_V,0,378,9
head_0_0_V,0,377,7
head_0_0_V,0,376,13
head_0_0_V,0,375,9
head_0_0_V,0,374,4
head_0_0_V,0,373,10
head_0_0_V,0,372,11
head_0_0_V,0,371,14
head_0_0_V,0,370,13
head_0_0_V,0,369,10
head_0_0_V,0,368,14
head_0_0_V,0,367,10
head_0_0_V,0,366,12
head_0_0_V,0,365,13
head_0_0_V,0,364,15
head_0_0_V,0,363,9
head_0_0_V,0,362,11
head_0_0_V,0,361,10
head_0_0_V,0,360,9
head_0_0_V,0,359,10
head_0_0_V,0,358,6
head_0_0_V,0,357,12
head_0_0_V,0,356,11
head_0_0_V,0,355,17
head_0_0_V,0,354,11
head_0_0_V,0,353,9
head_0_0_V,0,352,12
head_0_0_V,0,351,14
head_0_0_V,0,350,15
head_0_0_V,0,349,7
head_0_0_V,0,348,13
head_0_0_V,0,347,12
head_0_0_V,0,346,19
head_0_0_V,0,345,12
head_0_0_V,0,344,18
head_0_0_V,0,343,8
head_0_0_V,0,342,13
head_0_0_V,0,341,11
head_0_0_V,0,340,14
head_0_0_V,0,339,11
head_0_0_V,0,338,19
head_0_0_V,0,337,14
head_0_0_V,0,336,15
head_0_0_V,0,335,29
head_0_0_V,0,334,17
head_0_0_V,0,333,9
head_0_0_V,0,332,12
head_0_0_V,0,331,16
head_0_0_V,0,330,12
head_0_0_V,0,329,17
head_0_0_V,0,328,17
head_0_0_V,0,327,26
head_0_0_V,0,326,15
head_0_0_V,0,325,19
head_0_0_V,0,324,11
head_0_0_V,0,323,13
head_0_0_V,0,322,19
head_0_0_V,0,321,12
head_0_0_V,0,320,11
head_0_0_V,0,319,12
head_0_0_V,0,318,13
head_0_0_V,0,317,16
head_0_0_V,0,316,12
head_0_0_V,0,315,12
head_0_0_V,0,314,14
head_0_0_V,0,313,16
head_0_0_V,0,312,13
head_0_0_V,0,311,13
head_0_0_V,0,310,16
head_0_0_V,0,309,15
head_0_0_V,0,308,18
head_0_0_V,0,307,17
head_0_0_V,0,306,15
head_0_0_V,0,305,10
head_0_0_V,0,304,10
head_0_0_V,0,303,15
head_0_0_V,0,302,10
head_0_0_V,0,301,14
head_0_0_V,0,300,14
head_0_0_V,0,299,12
head_0_0_V,0,298,15
head_0_0_V,0,297,22
head_0_0_V,0,296,14
head_0_0_V,0,295,22
head_0_0_V,0,294,18
head_0_0_V,0,293,15
head_0_0_V,0,292,8
head_0_0_V,0,291,20
head_0_0_V,0,290,16
head_0_0_V,0,289,16
head_0_0_V,0,288,15
head_0_0_V,0,287,19
head_0_0_V,0,286,11
head_0_0_V,0,285,15
head_0_0_V,0,284,19
head_0_0_V,0,283,25
head_0_0_V,0,282,20
head_0_0_V,0,281,8
head_0_0_V,0,280,14
head_0_0_V,0,279,13
head_0_0_V,0,278,16
head_0_0_V,0,277,24
head_0_0_V,0,276,21
head_0_0_V,0,275,22
head_0_0_V,0,274,12
head_0_0_V,0,273,17
head_0_0_V,0,272,19
head_0_0_V,0,271,27
head_0_0_V,0,270,14
head_0_0_V,0,269,11
head_0_0_V,0,268,21
head_0_0_V,0,267,19
head_0_0_V,0,266,24
head_0_0_V,0,265,19
head_0_0_V,0,264,22
head_0_0_V,0,263,16
head_0_0_V,0,262,17
head_0_0_V,0,261,21
head_0_0_V,0,260,15
head_0_0_V,0,259,20
head_0_0_V,0,258,22
head_0_0_V,0,257,15
head_0_0_V,0,256,13
head_0_0_V,0,255,31
head_0_0_V,0,254,23
head_0_0_V,0,253,22
head_0_0_V,0,252,23
head_0_0_V,0,251,22
head_0_0_V,0,250,32
head_0_0_V,0,249,25
head_0_0_V,0,248,30
head_0_0_V,0,247,24
head_0_0_V,0,246,27
head_0_0_V,0,245,22
head_0_0_V,0,244,24
head_0_0_V,0,243,34
head_0_0_V,0,242,26
head_0_0_V,0,241,23
head_0_0_V,0,240,25
head_0_0_V,0,239,24
head_0_0_V,0,238,30
head_0_0_V,0,237,26
head_0_0_V,0,236,24
head_0_0_V,0,235,22
head_0_0_V,0,234,29
head_0_0_V,0,233,23
head_0_0_V,0,232,34
head_0_0_V,0,231,27
head_0_0_V,0,230,27
head_0_0_V,0,229,32
head_0_0_V,0,228,27
head_0_0_V,0,227,26
head_0_0_V,0,226,32
head_0_0_V,0,225,28
head_0_0_V,0,224,27
head_0_0_V,0,223,23
head_0_0_V,0,222,37
head_0_0_V,0,221,30
head_0_0_V,0,220,30
head_0_0_V,0,219,22
head_0_0_V,0,218,36
head_0_0_V,0,217,31
head_0_0_V,0,216,31
head_0_0_V,0,215,23
head_0_0_V,0,214,29
head_0_0_V,0,213,36
head_0_0_V,0,212,27
head_0_0_V,0,211,34
head_0_0_V,0,210,32
head_0_0_V,0,209,31
head_0_0_V,0,208,41
head_0_0_V,0,207,27
head_0_0_V,0,206,39
head_0_0_V,0,205,34
head_0_0_V,0,204,35
head_0_0_V,0,203,29
head_0_0_V,0,202,34
head_0_0_V,0,201,32
head_0_0_V,0,200,39
head_0_0_V,0,199,28
head_0_0_V,0,198,35
head_0_0_V,0,197,35
head_0_0_V,0,196,38
head_0_0_V,0,195,36
head_0_0_V,0,194,40
head_0_0_V,0,193,48
head_0_0_V,0,192,34
head_0_0_V,0,191,44
head_0_0_V,0,190,39
head_0_0_V,0,189,49
head_0_0_V,0,188,34
head_0_0_V,0,187,39
head_0_0_V,0,186,34
head_0_0_V,0,185,46
head_0_0_V,0,184,34
head_0_0_V,0,183,53
head_0_0_V,0,182,54
head_0_0_V,0,181,41
head_0_0_V,0,180,58
head_0_0_V,0,179,41
head_0_0_V,0,178,41
head_0_0_V,0,177,53
head_0_0_V,0,176,51
head_0_0_V,0,175,58
head_0_0_V,0,174,36
head_0_0_V,0,173,48
head_0_0_V,0,172,47
head_0_0_V,0,171,47
head_0_0_V,0,170,36
head_0_0_V,0,169,64
head_0_0_V,0,168,46
head_0_0_V,0,167,52
head_0_0_V,0,166,47
head_0_0_V,0,165,40
head_0_0_V,0,164,60
head_0_0_V,0,163,47
head_0_0_V,0,162,55
head_0_0_V,0,161,75
head_0_0_V,0,160,50
head_0_0_V,0,159,47
head_0_0_V,0,158,61
head_0_0_V,0,157,55
head_0_0_V,0,156,57
head_0_0_V,0,155,61
head_0_0_V,0,154,50
head_0_0_V,0,153,51
head_0_0_V,0,152,60
head_0_0_V,0,151,68
head_0_0_V,0,150,62
head_0_0_V,0,149,64
head_0_0_V,0,148,63
head_0_0_V,0,147,57
head_0_0_V,0,146,68
head_0_0_V,0,145,60
head_0_0_V,0,144,62
head_0_0_V,0,143,64
head_0_0_V,0,142,76
head_0_0_V,0,141,63
head_0_0_V,0,140,64
head_0_0_V,0,139,74
head_0_0_V,0,138,65
head_0_0_V,0,137,69
head_0_0_V,0,136,82
head_0_0_V,0,135,68
head_0_0_V,0,134,79
head_0_0_V,0,133,68
head_0_0_V,0,132,76
head_0_0_V,0,131,63
head_0_0_V,0,130,70
head_0_0_V,0,129,71
head_0_0_V,0,128,78
head_0_0_V,0,127,81
head_0_0_V,0,126,79
head_0_0_V,0,125,81
head_0_0_V,0,124,84
head_0_0_V,0,123,76
head_0_0_V,0,122,80
head_0_0_V,0,121,74
head_0_0_V,0,120,77
head_0_0_V,0,119,99
head_0_0_V,0,118,81
head_0_0_V,0,117,119
head_0_0_V,0,116,83
head_0_0_V,0,115,75
head_0_0_V,0,114,114
head_0_0_V,0,113,94
head_0_0_V,0,112,87
head_0_0_V,0,111,90
head_0_0_V,0,110,96
head_0_0_V,0,109,103
head_0_0_V,0,108,115
head_0_0_V,0,107,106
head_0_0_V,0,106,107
head_0_0_V,0,105,106
head_0_0_V,0,104,118
head_0_0_V,0,103,109
head_0_0_V,0,102,108
head_0_0_V,0,101,122
head_0_0_V,0,100,118
head_0_0_V,0,99,115
head_0_0_V,0,98,128
head_0_0_V,0,97,116
head_0_0_V,0,96,117
head_0_0_V,0,95,121
head_0_0_V,0,94,143
head_0_0_V,0,93,114
head_0_0_V,0,92,125
head_0_0_V,0,91,130
head_0_0_V,0,90,116
head_0_0_V,0,89,117
head_0_0_V,0,88,141
head_0_0_V,0,87,141
head_0_0_V,0,86,133
head_0_0_V,0,85,150
head_0_0_V,0,84,146
head_0_0_V,0,83,152
head_0_0_V,0,82,157
head_0_0_V,0,81,173
head_0_0_V,0,80,169
head_0_0_V,0,79,164
head_0_0_V,0,78,176
head_0_0_V,0,77,179
head_0_0_V,0,76,171
head_0_0_V,0,75,163
head_0_0_V,0,74,162
head_0_0_V,0,73,180
head_0_0_V,0,72,178
head_0_0_V,0,71,187
head_0_0_V,0,70,176
head_0_0_V,0,69,183
head_0_0_V,0,68,199
head_0_0_V,0,67,178
head_0_0_V,0,66,199
head_0_0_V,0,65,219
head_0_0_V,0,64,219
head_0_0_V,0,63,210
head_0_0_V,0,62,229
head_0_0_V,0,61,220
head_0_0_V,0,60,234
head_0_0_V,0,59,229
head_0_0_V,0,58,247
head_0_0_V,0,57,240
head_0_0_V,0,56,275
head_0_0_V,0,55,307
head_0_0_V,0,54,281
head_0_0_V,0,53,276
head_0_0_V,0,52,308
head_0_0_V,0,51,280
head_0_0_V,0,50,285
head_0_0_V,0,49,308
head_0_0_V,0,48,329
head_0_0_V,0,47,328
head_0_0_V,0,46,350
head_0_0_V,0,45,341
head_0_0_V,0,44,369
head_0_0_V,0,43,367
head_0_0_V,0,42,387
head_0_0_V,0,41,423
head_0_0_V,0,40,436
head_0_0_V,0,39,446
head_0_0_V,0,38,490
head_0_0_V,0,37,485
head_0_0_V,0,36,491
head_0_0_V,0,35,512
head_0_0_V,0,34,506
head_0_0_V,0,33,528
head_0_0_V,0,32,566
head_0_0_V,0,31,560
head_0_0_V,0,30,595
head_0_0_V,0,29,588
head_0_0_V,0,28,647
head_0_0_V,0,27,673
head_0_0_V,0,26,660
head_0_0_V,0,25,639
head_0_0_V,0,24,679
head_0_0_V,0,23,758
head_0_0_V,0,22,746
head_0_0_V,0,21,750
head_0_0_V,0,20,749
head_0_0_V,0,19,749
head_0_0_V,0,18,750
head_0_0_V,0,17,752
head_0_0_V,0,16,795
head_0_0_V,0,15,754
head_0_0_V,0,14,784
head_0_0_V,0,13,826
head_0_0_V,0,12,772
head_0_0_V,0,11,757
head_0_0_V,0,10,748
head_0_0_V,0,9,776
head_0_0_V,0,8,797
head_0_0_V,0,7,787
head_0_0_V,0,6,874
head_0_0_V,0,5,873
head_0_0_V,0,4,955
head_0_0_V,0,3,934
head_0_0_V,0,2,763
head_0_0_V,0,1,585
head_0_0_V,0,0,12552
head_0_0_V,1,18364,1
head_0_0_V,1,18226,1
head_0_0_V,1,17441,1
head_0_0_V,1,12858,1
head_0_0_V,1,10125,1
head_0_0_V,1,8612,1
head_0_0_V,1,8518,1
head_0_0_V,1,8091,1
head_0_0_V,1,7796,1
head_0_0_V,1,7495,1
head_0_0_V,1,7049,1
head_0_0_V,1,7032,1
head_0_0_V,1,6917,1
head_0_0_V,1,6906,1
head_0_0_V,1,6835,1
head_0_0_V,1,6604,1
head_0_0_V,1,6575,1
head_0_0_V,1,6306,1
head_0_0_V,1,6264,1
head_0_0_V,1,5870,1
head_0_0_V,1,5864,1
head_0_0_V,1,5844,1
head_0_0_V,1,5772,1
head_0_0_V,1,5707,1
head_0_0_V,1,5666,2
head_0_0_V,1,5656,1
head_0_0_V,1,5638,1
head_0_0_V,1,5631,1
head_0_0_V,1,5630,1
head_0_0_V,1,5567,1
head_0_0_V,1,5375,1
head_0_0_V,1,5114,1
head_0_0_V,1,5063,1
head_0_0_V,1,5040,1
head_0_0_V,1,4955,1
head_0_0_V,1,4862,1
head_0_0_V,1,4839,1
head_0_0_V,1,4790,1
head_0_0_V,1,4773,1
head_0_0_V,1,4761,1
head_0_0_V,1,4704,1
head_0_0_V,1,4683,1
head_0_0_V,1,4657,1
head_0_0_V,1,4620,1
head_0_0_V,1,4515,1
head_0_0_V,1,4488,1
head_0_0_V,1,4444,1
head_0_0_V,1,4437,1
head_0_0_V,1,4357,1
head_0_0_V,1,4303,1
head_0_0_V,1,4240,1
head_0_0_V,1,4166,1
head_0_0_V,1,4115,1
head_0_0_V,1,4044,1
head_0_0_V,1,4041,1
head_0_0_V,1,3965,1
head_0_0_V,1,3950,1
head_0_0_V,1,3922,1
head_0_0_V,1,3897,1
head_0_0_V,1,3891,1
head_0_0_V,1,3797,2
head_0_0_V,1,3760,1
head_0_0_V,1,3757,1
head_0_0_V,1,3727,1
head_0_0_V,1,3724,1
head_0_0_V,1,3719,1
head_0_0_V,1,3699,1
head_0_0_V,1,3677,1
head_0_0_V,1,3663,1
head_0_0_V,1,3661,1
head_0_0_V,1,3657,1
head_0_0_V,1,3556,1
head_0_0_V,1,3534,1
head_0_0_V,1,3528,1
head_0_0_V,1,3527,1
head_0_0_V,1,3526,1
head_0_0_V,1,3518,1
head_0_0_V,1,3489,1
head_0_0_V,1,3470,1
head_0_0_V,1,3398,1
head_0_0_V,1,3391,1
head_0_0_V,1,3357,1
head_0_0_V,1,3342,1
head_0_0_V,1,3252,1
head_0_0_V,1,3204,1
head_0_0_V,1,3188,1
head_0_0_V,1,3173,1
head_0_0_V,1,3172,1
head_0_0_V,1,3163,1
head_0_0_V,1,3119,1
head_0_0_V,1,3053,1
head_0_0_V,1,3015,1
head_0_0_V,1,2996,1
head_0_0_V,1,2988,1
head_0_0_V,1,2985,1
head_0_0_V,1,2981,1
head_0_0_V,1,2969,1
head_0_0_V,1,2956,1
head_0_0_V,1,2927,1
head_0_0_V,1,2921,1
head_0_0_V,1,2912,1
head_0_0_V,1,2908,1
head_0_0_V,1,2907,1
head_0_0_V,1,2895,1
head_0_0_V,1,2878,1
head_0_0_V,1,2876,1
head_0_0_V,1,2862,1
head_0_0_V,1,2837,1
head_0_0_V,1,2834,1
head_0_0_V,1,2830,1
head_0_0_V,1,2829,1
head_0_0_V,1,2813,1
head_0_0_V,1,2793,1
head_0_0_V,1,2778,1
head_0_0_V,1,2767,1
head_0_0_V,1,2754,1
head_0_0_V,1,2753,1
head_0_0_V,1,2747,2
head_0_0_V,1,2731,1
head_0_0_V,1,2727,1
head_0_0_V,1,2726,1
head_0_0_V,1,2725,1
head_0_0_V,1,2724,1
head_0_0_V,1,2719,2
head_0_0_V,1,2710,1
head_0_0_V,1,2705,1
head_0_0_V,1,2703,1
head_0_0_V,1,2701,1
head_0_0_V,1,2697,1
head_0_0_V,1,2696,1
head_0_0_V,1,2665,1
head_0_0_V,1,2660,1
head_0_0_V,1,2659,1
head_0_0_V,1,2648,1
head_0_0_V,1,2646,1
head_0_0_V,1,2645,1
head_0_0_V,1,2644,1
head_0_0_V,1,2640,1
head_0_0_V,1,2638,1
head_0_0_V,1,2637,1
head_0_0_V,1,2618,1
head_0_0_V,1,2614,1
head_0_0_V,1,2597,2
head_0_0_V,1,2594,2
head_0_0_V,1,2592,2
head_0_0_V,1,2587,1
head_0_0_V,1,2575,1
head_0_0_V,1,2555,1
head_0_0_V,1,2542,1
head_0_0_V,1,2534,1
head_0_0_V,1,2533,1
head_0_0_V,1,2524,1
head_0_0_V,1,2510,1
head_0_0_V,1,2507,1
head_0_0_V,1,2503,1
head_0_0_V,1,2494,1
head_0_0_V,1,2490,1
head_0_0_V,1,2486,1
head_0_0_V,1,2481,1
head_0_0_V,1,2477,1
head_0_0_V,1,2473,1
head_0_0_V,1,2447,1
head_0_0_V,1,2443,1
head_0_0_V,1,2439,1
head_0_0_V,1,2416,1
head_0_0_V,1,2386,1
head_0_0_V,1,2385,1
head_0_0_V,1,2380,1
head_0_0_V,1,2372,1
head_0_0_V,1,2370,1
head_0_0_V,1,2365,1
head_0_0_V,1,2361,1
head_0_0_V,1,2355,1
head_0_0_V,1,2348,2
head_0_0_V,1,2346,1
head_0_0_V,1,2339,1
head_0_0_V,1,2336,1
head_0_0_V,1,2333,1
head_0_0_V,1,2328,1
head_0_0_V,1,2327,1
head_0_0_V,1,2325,1
head_0_0_V,1,2317,1
head_0_0_V,1,2312,1
head_0_0_V,1,2308,1
head_0_0_V,1,2307,1
head_0_0_V,1,2306,2
head_0_0_V,1,2303,1
head_0_0_V,1,2302,2
head_0_0_V,1,2292,1
head_0_0_V,1,2288,1
head_0_0_V,1,2265,1
head_0_0_V,1,2246,1
head_0_0_V,1,2245,2
head_0_0_V,1,2244,1
head_0_0_V,1,2243,1
head_0_0_V,1,2240,1
head_0_0_V,1,2238,1
head_0_0_V,1,2236,1
head_0_0_V,1,2234,1
head_0_0_V,1,2209,2
head_0_0_V,1,2199,2
head_0_0_V,1,2192,2
head_0_0_V,1,2191,2
head_0_0_V,1,2184,1
head_0_0_V,1,2179,1
head_0_0_V,1,2178,1
head_0_0_V,1,2176,1
head_0_0_V,1,2165,1
head_0_0_V,1,2153,1
head_0_0_V,1,2148,2
head_0_0_V,1,2138,1
head_0_0_V,1,2137,1
head_0_0_V,1,2131,1
head_0_0_V,1,2130,1
head_0_0_V,1,2129,1
head_0_0_V,1,2128,1
head_0_0_V,1,2117,1
head_0_0_V,1,2107,1
head_0_0_V,1,2105,1
head_0_0_V,1,2100,1
head_0_0_V,1,2099,1
head_0_0_V,1,2097,2
head_0_0_V,1,2091,2
head_0_0_V,1,2086,1
head_0_0_V,1,2081,1
head_0_0_V,1,2080,2
head_0_0_V,1,2066,1
head_0_0_V,1,2065,1
head_0_0_V,1,2063,1
head_0_0_V,1,2055,2
head_0_0_V,1,2054,1
head_0_0_V,1,2048,1
head_0_0_V,1,2047,1
head_0_0_V,1,2038,1
head_0_0_V,1,2034,2
head_0_0_V,1,2032,1
head_0_0_V,1,2030,1
head_0_0_V,1,2014,1
head_0_0_V,1,2010,1
head_0_0_V,1,2005,1
head_0_0_V,1,2000,1
head_0_0_V,1,1999,1
head_0_0_V,1,1996,1
head_0_0_V,1,1987,1
head_0_0_V,1,1972,1
head_0_0_V,1,1952,1
head_0_0_V,1,1945,1
head_0_0_V,1,1938,1
head_0_0_V,1,1937,1
head_0_0_V,1,1935,1
head_0_0_V,1,1930,2
head_0_0_V,1,1925,1
head_0_0_V,1,1923,1
head_0_0_V,1,1920,1
head_0_0_V,1,1919,1
head_0_0_V,1,1917,1
head_0_0_V,1,1916,1
head_0_0_V,1,1905,2
head_0_0_V,1,1902,1
head_0_0_V,1,1901,1
head_0_0_V,1,1896,1
head_0_0_V,1,1895,1
head_0_0_V,1,1894,1
head_0_0_V,1,1893,1
head_0_0_V,1,1892,1
head_0_0_V,1,1891,1
head_0_0_V,1,1886,1
head_0_0_V,1,1879,1
head_0_0_V,1,1874,1
head_0_0_V,1,1872,1
head_0_0_V,1,1871,1
head_0_0_V,1,1869,1
head_0_0_V,1,1861,1
head_0_0_V,1,1856,1
head_0_0_V,1,1855,1
head_0_0_V,1,1850,1
head_0_0_V,1,1849,1
head_0_0_V,1,1846,1
head_0_0_V,1,1844,1
head_0_0_V,1,1843,1
head_0_0_V,1,1841,1
head_0_0_V,1,1836,1
head_0_0_V,1,1832,1
head_0_0_V,1,1830,1
head_0_0_V,1,1828,1
head_0_0_V,1,1824,1
head_0_0_V,1,1823,1
head_0_0_V,1,1821,1
head_0_0_V,1,1816,1
head_0_0_V,1,1811,1
head_0_0_V,1,1809,1
head_0_0_V,1,1805,1
head_0_0_V,1,1798,1
head_0_0_V,1,1793,1
head_0_0_V,1,1792,1
head_0_0_V,1,1791,3
head_0_0_V,1,1788,2
head_0_0_V,1,1782,1
head_0_0_V,1,1780,1
head_0_0_V,1,1779,1
head_0_0_V,1,1778,1
head_0_0_V,1,1776,1
head_0_0_V,1,1765,1
head_0_0_V,1,1761,1
head_0_0_V,1,1753,2
head_0_0_V,1,1752,1
head_0_0_V,1,1751,1
head_0_0_V,1,1749,1
head_0_0_V,1,1748,2
head_0_0_V,1,1742,1
head_0_0_V,1,1736,1
head_0_0_V,1,1731,1
head_0_0_V,1,1728,1
head_0_0_V,1,1723,1
head_0_0_V,1,1721,2
head_0_0_V,1,1720,1
head_0_0_V,1,1709,1
head_0_0_V,1,1704,1
head_0_0_V,1,1700,1
head_0_0_V,1,1699,1
head_0_0_V,1,1697,1
head_0_0_V,1,1696,1
head_0_0_V,1,1688,1
head_0_0_V,1,1686,2
head_0_0_V,1,1685,1
head_0_0_V,1,1684,1
head_0_0_V,1,1679,1
head_0_0_V,1,1678,1
head_0_0_V,1,1674,1
head_0_0_V,1,1673,1
head_0_0_V,1,1671,1
head_0_0_V,1,1670,1
head_0_0_V,1,1669,1
head_0_0_V,1,1666,1
head_0_0_V,1,1665,2
head_0_0_V,1,1663,1
head_0_0_V,1,1662,1
head_0_0_V,1,1659,1
head_0_0_V,1,1657,1
head_0_0_V,1,1656,1
head_0_0_V,1,1655,2
head_0_0_V,1,1653,1
head_0_0_V,1,1651,1
head_0_0_V,1,1650,2
head_0_0_V,1,1644,2
head_0_0_V,1,1639,1
head_0_0_V,1,1636,1
head_0_0_V,1,1635,1
head_0_0_V,1,1634,2
head_0_0_V,1,1627,1
head_0_0_V,1,1623,1
head_0_0_V,1,1621,1
head_0_0_V,1,1615,1
head_0_0_V,1,1614,1
head_0_0_V,1,1613,1
head_0_0_V,1,1611,1
head_0_0_V,1,1610,1
head_0_0_V,1,1604,1
head_0_0_V,1,1602,2
head_0_0_V,1,1599,1
head_0_0_V,1,1593,1
head_0_0_V,1,1591,2
head_0_0_V,1,1590,1
head_0_0_V,1,1589,1
head_0_0_V,1,1588,2
head_0_0_V,1,1587,1
head_0_0_V,1,1586,1
head_0_0_V,1,1580,1
head_0_0_V,1,1574,2
head_0_0_V,1,1573,1
head_0_0_V,1,1572,1
head_0_0_V,1,1568,1
head_0_0_V,1,1567,1
head_0_0_V,1,1563,1
head_0_0_V,1,1562,3
head_0_0_V,1,1558,1
head_0_0_V,1,1557,2
head_0_0_V,1,1556,1
head_0_0_V,1,1555,1
head_0_0_V,1,1554,2
head_0_0_V,1,1546,1
head_0_0_V,1,1545,1
head_0_0_V,1,1538,1
head_0_0_V,1,1536,1
head_0_0_V,1,1534,1
head_0_0_V,1,1532,1
head_0_0_V,1,1529,1
head_0_0_V,1,1528,1
head_0_0_V,1,1527,1
head_0_0_V,1,1525,1
head_0_0_V,1,1524,1
head_0_0_V,1,1512,1
head_0_0_V,1,1510,1
head_0_0_V,1,1509,1
head_0_0_V,1,1505,2
head_0_0_V,1,1503,1
head_0_0_V,1,1498,1
head_0_0_V,1,1497,2
head_0_0_V,1,1496,1
head_0_0_V,1,1493,1
head_0_0_V,1,1489,1
head_0_0_V,1,1484,1
head_0_0_V,1,1483,1
head_0_0_V,1,1482,1
head_0_0_V,1,1477,1
head_0_0_V,1,1476,1
head_0_0_V,1,1472,1
head_0_0_V,1,1469,1
head_0_0_V,1,1468,1
head_0_0_V,1,1467,1
head_0_0_V,1,1466,1
head_0_0_V,1,1465,1
head_0_0_V,1,1459,1
head_0_0_V,1,1458,1
head_0_0_V,1,1456,1
head_0_0_V,1,1454,1
head_0_0_V,1,1452,1
head_0_0_V,1,1446,1
head_0_0_V,1,1443,1
head_0_0_V,1,1440,1
head_0_0_V,1,1439,1
head_0_0_V,1,1437,1
head_0_0_V,1,1435,1
head_0_0_V,1,1433,1
head_0_0_V,1,1431,1
head_0_0_V,1,1429,3
head_0_0_V,1,1426,2
head_0_0_V,1,1419,1
head_0_0_V,1,1417,1
head_0_0_V,1,1416,1
head_0_0_V,1,1414,1
head_0_0_V,1,1407,1
head_0_0_V,1,1406,1
head_0_0_V,1,1405,2
head_0_0_V,1,1403,1
head_0_0_V,1,1401,2
head_0_0_V,1,1400,2
head_0_0_V,1,1399,1
head_0_0_V,1,1393,2
head_0_0_V,1,1391,1
head_0_0_V,1,1389,1
head_0_0_V,1,1388,1
head_0_0_V,1,1386,1
head_0_0_V,1,1383,1
head_0_0_V,1,1381,1
head_0_0_V,1,1379,2
head_0_0_V,1,1377,1
head_0_0_V,1,1376,1
head_0_0_V,1,1375,1
head_0_0_V,1,1372,1
head_0_0_V,1,1371,1
head_0_0_V,1,1370,1
head_0_0_V,1,1368,1
head_0_0_V,1,1367,2
head_0_0_V,1,1366,1
head_0_0_V,1,1364,1
head_0_0_V,1,1362,3
head_0_0_V,1,1360,1
head_0_0_V,1,1358,1
head_0_0_V,1,1356,2
head_0_0_V,1,1355,1
head_0_0_V,1,1354,3
head_0_0_V,1,1351,1
head_0_0_V,1,1349,1
head_0_0_V,1,1348,1
head_0_0_V,1,1347,1
head_0_0_V,1,1343,1
head_0_0_V,1,1340,2
head_0_0_V,1,1338,1
head_0_0_V,1,1336,1
head_0_0_V,1,1335,1
head_0_0_V,1,1333,4
head_0_0_V,1,1332,2
head_0_0_V,1,1331,1
head_0_0_V,1,1330,2
head_0_0_V,1,1329,1
head_0_0_V,1,1328,3
head_0_0_V,1,1326,3
head_0_0_V,1,1322,2
head_0_0_V,1,1319,1
head_0_0_V,1,1314,1
head_0_0_V,1,1309,2
head_0_0_V,1,1306,2
head_0_0_V,1,1302,1
head_0_0_V,1,1301,1
head_0_0_V,1,1300,2
head_0_0_V,1,1296,2
head_0_0_V,1,1294,1
head_0_0_V,1,1293,1
head_0_0_V,1,1292,3
head_0_0_V,1,1291,1
head_0_0_V,1,1289,2
head_0_0_V,1,1287,2
head_0_0_V,1,1285,1
head_0_0_V,1,1283,1
head_0_0_V,1,1282,1
head_0_0_V,1,1281,1
head_0_0_V,1,1279,1
head_0_0_V,1,1278,1
head_0_0_V,1,1277,1
head_0_0_V,1,1274,1
head_0_0_V,1,1271,1
head_0_0_V,1,1267,1
head_0_0_V,1,1266,2
head_0_0_V,1,1265,1
head_0_0_V,1,1262,1
head_0_0_V,1,1257,1
head_0_0_V,1,1254,2
head_0_0_V,1,1252,3
head_0_0_V,1,1251,2
head_0_0_V,1,1250,1
head_0_0_V,1,1249,1
head_0_0_V,1,1246,2
head_0_0_V,1,1240,2
head_0_0_V,1,1239,1
head_0_0_V,1,1238,1
head_0_0_V,1,1237,1
head_0_0_V,1,1235,3
head_0_0_V,1,1234,1
head_0_0_V,1,1233,1
head_0_0_V,1,1231,1
head_0_0_V,1,1230,3
head_0_0_V,1,1229,4
head_0_0_V,1,1226,1
head_0_0_V,1,1224,1
head_0_0_V,1,1222,1
head_0_0_V,1,1218,2
head_0_0_V,1,1216,1
head_0_0_V,1,1214,1
head_0_0_V,1,1213,2
head_0_0_V,1,1208,1
head_0_0_V,1,1207,1
head_0_0_V,1,1206,1
head_0_0_V,1,1204,1
head_0_0_V,1,1203,2
head_0_0_V,1,1202,1
head_0_0_V,1,1200,2
head_0_0_V,1,1199,1
head_0_0_V,1,1198,1
head_0_0_V,1,1197,1
head_0_0_V,1,1195,2
head_0_0_V,1,1192,1
head_0_0_V,1,1191,3
head_0_0_V,1,1190,1
head_0_0_V,1,1188,1
head_0_0_V,1,1186,1
head_0_0_V,1,1184,1
head_0_0_V,1,1183,1
head_0_0_V,1,1182,1
head_0_0_V,1,1181,1
head_0_0_V,1,1180,1
head_0_0_V,1,1179,1
head_0_0_V,1,1177,1
head_0_0_V,1,1176,1
head_0_0_V,1,1175,1
head_0_0_V,1,1172,2
head_0_0_V,1,1169,1
head_0_0_V,1,1164,3
head_0_0_V,1,1163,1
head_0_0_V,1,1161,1
head_0_0_V,1,1160,1
head_0_0_V,1,1159,1
head_0_0_V,1,1156,1
head_0_0_V,1,1155,2
head_0_0_V,1,1153,2
head_0_0_V,1,1151,1
head_0_0_V,1,1149,1
head_0_0_V,1,1148,1
head_0_0_V,1,1147,4
head_0_0_V,1,1146,2
head_0_0_V,1,1144,4
head_0_0_V,1,1142,1
head_0_0_V,1,1140,3
head_0_0_V,1,1139,1
head_0_0_V,1,1138,1
head_0_0_V,1,1135,1
head_0_0_V,1,1132,1
head_0_0_V,1,1131,1
head_0_0_V,1,1129,2
head_0_0_V,1,1128,2
head_0_0_V,1,1126,1
head_0_0_V,1,1125,2
head_0_0_V,1,1124,1
head_0_0_V,1,1120,1
head_0_0_V,1,1119,1
head_0_0_V,1,1118,1
head_0_0_V,1,1117,1
head_0_0_V,1,1116,4
head_0_0_V,1,1114,1
head_0_0_V,1,1113,1
head_0_0_V,1,1111,1
head_0_0_V,1,1109,1
head_0_0_V,1,1106,1
head_0_0_V,1,1105,1
head_0_0_V,1,1104,1
head_0_0_V,1,1103,1
head_0_0_V,1,1102,1
head_0_0_V,1,1099,1
head_0_0_V,1,1098,1
head_0_0_V,1,1097,2
head_0_0_V,1,1096,1
head_0_0_V,1,1095,1
head_0_0_V,1,1090,1
head_0_0_V,1,1088,2
head_0_0_V,1,1087,1
head_0_0_V,1,1085,1
head_0_0_V,1,1084,1
head_0_0_V,1,1083,3
head_0_0_V,1,1082,2
head_0_0_V,1,1080,3
head_0_0_V,1,1075,1
head_0_0_V,1,1074,1
head_0_0_V,1,1073,2
head_0_0_V,1,1071,4
head_0_0_V,1,1069,1
head_0_0_V,1,1068,1
head_0_0_V,1,1067,1
head_0_0_V,1,1062,2
head_0_0_V,1,1061,2
head_0_0_V,1,1060,2
head_0_0_V,1,1059,2
head_0_0_V,1,1058,3
head_0_0_V,1,1054,1
head_0_0_V,1,1052,2
head_0_0_V,1,1051,2
head_0_0_V,1,1050,1
head_0_0_V,1,1049,2
head_0_0_V,1,1047,2
head_0_0_V,1,1046,2
head_0_0_V,1,1045,3
head_0_0_V,1,1044,2
head_0_0_V,1,1042,1
head_0_0_V,1,1041,1
head_0_0_V,1,1039,3
head_0_0_V,1,1038,1
head_0_0_V,1,1037,1
head_0_0_V,1,1036,1
head_0_0_V,1,1035,2
head_0_0_V,1,1029,1
head_0_0_V,1,1028,2
head_0_0_V,1,1026,1
head_0_0_V,1,1025,1
head_0_0_V,1,1024,1
head_0_0_V,1,1023,1
head_0_0_V,1,1022,5
head_0_0_V,1,1021,3
head_0_0_V,1,1020,3
head_0_0_V,1,1019,1
head_0_0_V,1,1018,1
head_0_0_V,1,1015,1
head_0_0_V,1,1014,2
head_0_0_V,1,1013,1
head_0_0_V,1,1012,1
head_0_0_V,1,1010,3
head_0_0_V,1,1009,1
head_0_0_V,1,1007,3
head_0_0_V,1,1006,1
head_0_0_V,1,1005,1
head_0_0_V,1,1004,2
head_0_0_V,1,1003,1
head_0_0_V,1,1000,3
head_0_0_V,1,999,1
head_0_0_V,1,998,2
head_0_0_V,1,997,2
head_0_0_V,1,995,5
head_0_0_V,1,994,1
head_0_0_V,1,991,3
head_0_0_V,1,989,1
head_0_0_V,1,988,1
head_0_0_V,1,985,1
head_0_0_V,1,984,3
head_0_0_V,1,983,1
head_0_0_V,1,982,1
head_0_0_V,1,981,2
head_0_0_V,1,978,1
head_0_0_V,1,977,3
head_0_0_V,1,976,1
head_0_0_V,1,972,3
head_0_0_V,1,971,1
head_0_0_V,1,970,2
head_0_0_V,1,969,3
head_0_0_V,1,968,3
head_0_0_V,1,967,1
head_0_0_V,1,965,1
head_0_0_V,1,963,1
head_0_0_V,1,962,3
head_0_0_V,1,961,1
head_0_0_V,1,960,3
head_0_0_V,1,959,6
head_0_0_V,1,957,3
head_0_0_V,1,954,1
head_0_0_V,1,953,3
head_0_0_V,1,950,1
head_0_0_V,1,949,5
head_0_0_V,1,948,1
head_0_0_V,1,946,4
head_0_0_V,1,945,3
head_0_0_V,1,944,2
head_0_0_V,1,943,2
head_0_0_V,1,942,3
head_0_0_V,1,941,2
head_0_0_V,1,939,1
head_0_0_V,1,938,1
head_0_0_V,1,937,3
head_0_0_V,1,936,4
head_0_0_V,1,935,3
head_0_0_V,1,934,2
head_0_0_V,1,932,4
head_0_0_V,1,930,1
head_0_0_V,1,929,1
head_0_0_V,1,927,1
head_0_0_V,1,926,1
head_0_0_V,1,925,1
head_0_0_V,1,924,3
head_0_0_V,1,923,2
head_0_0_V,1,922,2
head_0_0_V,1,921,2
head_0_0_V,1,920,2
head_0_0_V,1,919,1
head_0_0_V,1,918,2
head_0_0_V,1,917,3
head_0_0_V,1,916,3
head_0_0_V,1,915,1
head_0_0_V,1,914,2
head_0_0_V,1,913,2
head_0_0_V,1,912,2
head_0_0_V,1,911,1
head_0_0_V,1,910,3
head_0_0_V,1,909,1
head_0_0_V,1,908,2
head_0_0_V,1,907,4
head_0_0_V,1,904,1
head_0_0_V,1,903,2
head_0_0_V,1,902,2
head_0_0_V,1,901,1
head_0_0_V,1,900,2
head_0_0_V,1,899,3
head_0_0_V,1,898,1
head_0_0_V,1,895,1
head_0_0_V,1,893,3
head_0_0_V,1,892,4
head_0_0_V,1,891,4
head_0_0_V,1,890,2
head_0_0_V,1,889,1
head_0_0_V,1,888,2
head_0_0_V,1,887,2
head_0_0_V,1,885,3
head_0_0_V,1,884,3
head_0_0_V,1,882,1
head_0_0_V,1,880,1
head_0_0_V,1,879,4
head_0_0_V,1,878,2
head_0_0_V,1,877,2
head_0_0_V,1,876,2
head_0_0_V,1,875,1
head_0_0_V,1,874,1
head_0_0_V,1,873,1
head_0_0_V,1,871,4
head_0_0_V,1,870,3
head_0_0_V,1,868,2
head_0_0_V,1,867,2
head_0_0_V,1,866,2
head_0_0_V,1,865,2
head_0_0_V,1,864,2
head_0_0_V,1,863,2
head_0_0_V,1,862,1
head_0_0_V,1,861,2
head_0_0_V,1,860,2
head_0_0_V,1,859,3
head_0_0_V,1,858,3
head_0_0_V,1,857,3
head_0_0_V,1,856,2
head_0_0_V,1,855,4
head_0_0_V,1,854,2
head_0_0_V,1,853,3
head_0_0_V,1,851,4
head_0_0_V,1,850,3
head_0_0_V,1,849,3
head_0_0_V,1,847,4
head_0_0_V,1,846,1
head_0_0_V,1,845,1
head_0_0_V,1,844,1
head_0_0_V,1,843,1
head_0_0_V,1,842,4
head_0_0_V,1,841,1
head_0_0_V,1,840,4
head_0_0_V,1,839,1
head_0_0_V,1,838,2
head_0_0_V,1,837,1
head_0_0_V,1,836,1
head_0_0_V,1,835,1
head_0_0_V,1,834,2
head_0_0_V,1,833,2
head_0_0_V,1,832,4
head_0_0_V,1,831,2
head_0_0_V,1,830,1
head_0_0_V,1,829,1
head_0_0_V,1,828,2
head_0_0_V,1,827,3
head_0_0_V,1,826,5
head_0_0_V,1,825,4
head_0_0_V,1,824,1
head_0_0_V,1,823,3
head_0_0_V,1,822,2
head_0_0_V,1,821,2
head_0_0_V,1,820,2
head_0_0_V,1,819,2
head_0_0_V,1,818,2
head_0_0_V,1,816,2
head_0_0_V,1,815,1
head_0_0_V,1,814,2
head_0_0_V,1,813,5
head_0_0_V,1,812,1
head_0_0_V,1,810,2
head_0_0_V,1,809,4
head_0_0_V,1,808,2
head_0_0_V,1,807,5
head_0_0_V,1,806,2
head_0_0_V,1,805,2
head_0_0_V,1,804,6
head_0_0_V,1,803,5
head_0_0_V,1,802,1
head_0_0_V,1,801,1
head_0_0_V,1,800,4
head_0_0_V,1,799,3
head_0_0_V,1,798,2
head_0_0_V,1,797,2
head_0_0_V,1,796,1
head_0_0_V,1,795,4
head_0_0_V,1,794,2
head_0_0_V,1,791,3
head_0_0_V,1,790,3
head_0_0_V,1,789,3
head_0_0_V,1,788,4
head_0_0_V,1,787,6
head_0_0_V,1,786,3
head_0_0_V,1,785,1
head_0_0_V,1,784,3
head_0_0_V,1,783,1
head_0_0_V,1,782,2
head_0_0_V,1,781,5
head_0_0_V,1,780,4
head_0_0_V,1,779,2
head_0_0_V,1,778,2
head_0_0_V,1,776,1
head_0_0_V,1,775,2
head_0_0_V,1,774,2
head_0_0_V,1,773,3
head_0_0_V,1,772,1
head_0_0_V,1,771,4
head_0_0_V,1,770,4
head_0_0_V,1,769,3
head_0_0_V,1,768,3
head_0_0_V,1,767,1
head_0_0_V,1,766,3
head_0_0_V,1,765,2
head_0_0_V,1,764,1
head_0_0_V,1,763,1
head_0_0_V,1,761,4
head_0_0_V,1,760,1
head_0_0_V,1,759,3
head_0_0_V,1,758,4
head_0_0_V,1,757,4
head_0_0_V,1,756,4
head_0_0_V,1,755,4
head_0_0_V,1,754,4
head_0_0_V,1,753,2
head_0_0_V,1,752,3
head_0_0_V,1,751,2
head_0_0_V,1,750,2
head_0_0_V,1,749,3
head_0_0_V,1,748,4
head_0_0_V,1,747,6
head_0_0_V,1,746,3
head_0_0_V,1,745,2
head_0_0_V,1,744,3
head_0_0_V,1,743,3
head_0_0_V,1,741,5
head_0_0_V,1,740,3
head_0_0_V,1,739,2
head_0_0_V,1,737,4
head_0_0_V,1,736,2
head_0_0_V,1,734,3
head_0_0_V,1,733,1
head_0_0_V,1,732,4
head_0_0_V,1,730,2
head_0_0_V,1,729,1
head_0_0_V,1,728,1
head_0_0_V,1,727,3
head_0_0_V,1,726,1
head_0_0_V,1,725,5
head_0_0_V,1,724,6
head_0_0_V,1,723,4
head_0_0_V,1,721,5
head_0_0_V,1,720,2
head_0_0_V,1,719,3
head_0_0_V,1,718,3
head_0_0_V,1,717,2
head_0_0_V,1,716,2
head_0_0_V,1,715,5
head_0_0_V,1,714,3
head_0_0_V,1,713,5
head_0_0_V,1,712,3
head_0_0_V,1,711,3
head_0_0_V,1,710,5
head_0_0_V,1,709,3
head_0_0_V,1,708,2
head_0_0_V,1,706,1
head_0_0_V,1,705,7
head_0_0_V,1,704,3
head_0_0_V,1,703,3
head_0_0_V,1,702,2
head_0_0_V,1,701,3
head_0_0_V,1,700,3
head_0_0_V,1,699,5
head_0_0_V,1,698,3
head_0_0_V,1,697,4
head_0_0_V,1,696,2
head_0_0_V,1,695,3
head_0_0_V,1,694,1
head_0_0_V,1,692,1
head_0_0_V,1,690,5
head_0_0_V,1,689,1
head_0_0_V,1,688,2
head_0_0_V,1,687,3
head_0_0_V,1,686,4
head_0_0_V,1,685,3
head_0_0_V,1,684,1
head_0_0_V,1,683,4
head_0_0_V,1,682,1
head_0_0_V,1,681,5
head_0_0_V,1,680,4
head_0_0_V,1,679,2
head_0_0_V,1,678,4
head_0_0_V,1,677,5
head_0_0_V,1,676,9
head_0_0_V,1,675,2
head_0_0_V,1,673,7
head_0_0_V,1,672,1
head_0_0_V,1,671,2
head_0_0_V,1,670,1
head_0_0_V,1,669,2
head_0_0_V,1,668,3
head_0_0_V,1,667,3
head_0_0_V,1,666,2
head_0_0_V,1,665,6
head_0_0_V,1,664,2
head_0_0_V,1,663,5
head_0_0_V,1,662,1
head_0_0_V,1,661,4
head_0_0_V,1,660,2
head_0_0_V,1,659,5
head_0_0_V,1,658,2
head_0_0_V,1,657,8
head_0_0_V,1,656,3
head_0_0_V,1,655,2
head_0_0_V,1,654,3
head_0_0_V,1,653,6
head_0_0_V,1,652,3
head_0_0_V,1,651,2
head_0_0_V,1,650,5
head_0_0_V,1,649,6
head_0_0_V,1,648,2
head_0_0_V,1,647,3
head_0_0_V,1,646,4
head_0_0_V,1,645,3
head_0_0_V,1,644,5
head_0_0_V,1,643,4
head_0_0_V,1,642,5
head_0_0_V,1,641,5
head_0_0_V,1,640,5
head_0_0_V,1,639,4
head_0_0_V,1,638,1
head_0_0_V,1,637,5
head_0_0_V,1,636,6
head_0_0_V,1,635,3
head_0_0_V,1,634,1
head_0_0_V,1,633,5
head_0_0_V,1,632,5
head_0_0_V,1,630,4
head_0_0_V,1,629,10
head_0_0_V,1,628,5
head_0_0_V,1,627,7
head_0_0_V,1,626,4
head_0_0_V,1,625,1
head_0_0_V,1,624,2
head_0_0_V,1,623,5
head_0_0_V,1,622,4
head_0_0_V,1,621,3
head_0_0_V,1,620,5
head_0_0_V,1,619,5
head_0_0_V,1,618,5
head_0_0_V,1,617,4
head_0_0_V,1,616,3
head_0_0_V,1,615,7
head_0_0_V,1,614,4
head_0_0_V,1,613,5
head_0_0_V,1,612,5
head_0_0_V,1,611,8
head_0_0_V,1,610,7
head_0_0_V,1,609,2
head_0_0_V,1,608,4
head_0_0_V,1,607,7
head_0_0_V,1,606,1
head_0_0_V,1,605,4
head_0_0_V,1,604,6
head_0_0_V,1,603,3
head_0_0_V,1,602,4
head_0_0_V,1,601,6
head_0_0_V,1,600,4
head_0_0_V,1,599,4
head_0_0_V,1,598,5
head_0_0_V,1,597,3
head_0_0_V,1,596,5
head_0_0_V,1,595,6
head_0_0_V,1,594,2
head_0_0_V,1,593,5
head_0_0_V,1,592,6
head_0_0_V,1,591,7
head_0_0_V,1,590,1
head_0_0_V,1,589,3
head_0_0_V,1,588,2
head_0_0_V,1,587,9
head_0_0_V,1,586,6
head_0_0_V,1,585,6
head_0_0_V,1,584,7
head_0_0_V,1,583,4
head_0_0_V,1,582,5
head_0_0_V,1,581,1
head_0_0_V,1,580,6
head_0_0_V,1,579,5
head_0_0_V,1,578,4
head_0_0_V,1,577,4
head_0_0_V,1,576,8
head_0_0_V,1,575,3
head_0_0_V,1,574,6
head_0_0_V,1,573,3
head_0_0_V,1,572,1
head_0_0_V,1,571,4
head_0_0_V,1,570,5
head_0_0_V,1,569,4
head_0_0_V,1,568,2
head_0_0_V,1,567,5
head_0_0_V,1,566,5
head_0_0_V,1,565,4
head_0_0_V,1,564,10
head_0_0_V,1,563,8
head_0_0_V,1,562,3
head_0_0_V,1,561,3
head_0_0_V,1,560,6
head_0_0_V,1,559,5
head_0_0_V,1,558,6
head_0_0_V,1,557,2
head_0_0_V,1,556,3
head_0_0_V,1,555,5
head_0_0_V,1,554,5
head_0_0_V,1,553,7
head_0_0_V,1,552,4
head_0_0_V,1,551,3
head_0_0_V,1,550,7
head_0_0_V,1,549,7
head_0_0_V,1,548,6
head_0_0_V,1,547,5
head_0_0_V,1,546,3
head_0_0_V,1,545,4
head_0_0_V,1,544,5
head_0_0_V,1,543,4
head_0_0_V,1,542,4
head_0_0_V,1,541,2
head_0_0_V,1,540,7
head_0_0_V,1,539,4
head_0_0_V,1,538,7
head_0_0_V,1,537,5
head_0_0_V,1,536,5
head_0_0_V,1,535,5
head_0_0_V,1,534,6
head_0_0_V,1,533,4
head_0_0_V,1,532,8
head_0_0_V,1,531,6
head_0_0_V,1,530,7
head_0_0_V,1,529,4
head_0_0_V,1,528,7
head_0_0_V,1,527,5
head_0_0_V,1,526,3
head_0_0_V,1,525,5
head_0_0_V,1,524,4
head_0_0_V,1,523,5
head_0_0_V,1,522,9
head_0_0_V,1,521,5
head_0_0_V,1,520,7
head_0_0_V,1,519,3
head_0_0_V,1,518,2
head_0_0_V,1,517,7
head_0_0_V,1,516,2
head_0_0_V,1,515,4
head_0_0_V,1,514,5
head_0_0_V,1,513,11
head_0_0_V,1,512,5
head_0_0_V,1,511,7
head_0_0_V,1,510,10
head_0_0_V,1,509,9
head_0_0_V,1,508,3
head_0_0_V,1,507,6
head_0_0_V,1,506,8
head_0_0_V,1,505,7
head_0_0_V,1,504,8
head_0_0_V,1,503,8
head_0_0_V,1,502,8
head_0_0_V,1,501,4
head_0_0_V,1,500,7
head_0_0_V,1,499,5
head_0_0_V,1,498,9
head_0_0_V,1,497,2
head_0_0_V,1,496,3
head_0_0_V,1,495,7
head_0_0_V,1,494,10
head_0_0_V,1,493,6
head_0_0_V,1,492,4
head_0_0_V,1,491,5
head_0_0_V,1,490,4
head_0_0_V,1,489,4
head_0_0_V,1,488,6
head_0_0_V,1,487,5
head_0_0_V,1,486,8
head_0_0_V,1,485,10
head_0_0_V,1,484,7
head_0_0_V,1,483,9
head_0_0_V,1,482,9
head_0_0_V,1,481,9
head_0_0_V,1,480,2
head_0_0_V,1,479,10
head_0_0_V,1,478,6
head_0_0_V,1,477,2
head_0_0_V,1,476,7
head_0_0_V,1,475,10
head_0_0_V,1,474,1
head_0_0_V,1,473,6
head_0_0_V,1,472,11
head_0_0_V,1,471,6
head_0_0_V,1,470,13
head_0_0_V,1,469,6
head_0_0_V,1,468,11
head_0_0_V,1,467,9
head_0_0_V,1,466,6
head_0_0_V,1,465,7
head_0_0_V,1,464,6
head_0_0_V,1,463,6
head_0_0_V,1,462,8
head_0_0_V,1,461,9
head_0_0_V,1,460,7
head_0_0_V,1,459,7
head_0_0_V,1,458,13
head_0_0_V,1,457,6
head_0_0_V,1,456,7
head_0_0_V,1,455,7
head_0_0_V,1,454,8
head_0_0_V,1,453,10
head_0_0_V,1,452,9
head_0_0_V,1,451,4
head_0_0_V,1,450,9
head_0_0_V,1,449,7
head_0_0_V,1,448,6
head_0_0_V,1,447,10
head_0_0_V,1,446,10
head_0_0_V,1,445,8
head_0_0_V,1,444,6
head_0_0_V,1,443,5
head_0_0_V,1,442,8
head_0_0_V,1,441,9
head_0_0_V,1,440,7
head_0_0_V,1,439,11
head_0_0_V,1,438,8
head_0_0_V,1,437,4
head_0_0_V,1,436,8
head_0_0_V,1,435,10
head_0_0_V,1,434,16
head_0_0_V,1,433,9
head_0_0_V,1,432,13
head_0_0_V,1,431,8
head_0_0_V,1,430,8
head_0_0_V,1,429,7
head_0_0_V,1,428,5
head_0_0_V,1,427,11
head_0_0_V,1,426,6
head_0_0_V,1,425,7
head_0_0_V,1,424,4
head_0_0_V,1,423,9
head_0_0_V,1,422,8
head_0_0_V,1,421,7
head_0_0_V,1,420,7
head_0_0_V,1,419,9
head_0_0_V,1,418,10
head_0_0_V,1,417,10
head_0_0_V,1,416,7
head_0_0_V,1,415,9
head_0_0_V,1,414,10
head_0_0_V,1,413,5
head_0_0_V,1,412,10
head_0_0_V,1,411,8
head_0_0_V,1,410,7
head_0_0_V,1,409,12
head_0_0_V,1,408,10
head_0_0_V,1,407,11
head_0_0_V,1,406,10
head_0_0_V,1,405,9
head_0_0_V,1,404,6
head_0_0_V,1,403,12
head_0_0_V,1,402,3
head_0_0_V,1,401,12
head_0_0_V,1,400,10
head_0_0_V,1,399,13
head_0_0_V,1,398,11
head_0_0_V,1,397,12
head_0_0_V,1,396,12
head_0_0_V,1,395,10
head_0_0_V,1,394,11
head_0_0_V,1,393,10
head_0_0_V,1,392,8
head_0_0_V,1,391,13
head_0_0_V,1,390,11
head_0_0_V,1,389,8
head_0_0_V,1,388,8
head_0_0_V,1,387,14
head_0_0_V,1,386,8
head_0_0_V,1,385,5
head_0_0_V,1,384,10
head_0_0_V,1,383,14
head_0_0_V,1,382,16
head_0_0_V,1,381,9
head_0_0_V,1,380,22
head_0_0_V,1,379,11
head_0_0_V,1,378,19
head_0_0_V,1,377,14
head_0_0_V,1,376,10
head_0_0_V,1,375,11
head_0_0_V,1,374,14
head_0_0_V,1,373,8
head_0_0_V,1,372,12
head_0_0_V,1,371,10
head_0_0_V,1,370,14
head_0_0_V,1,369,8
head_0_0_V,1,368,8
head_0_0_V,1,367,17
head_0_0_V,1,366,15
head_0_0_V,1,365,10
head_0_0_V,1,364,11
head_0_0_V,1,363,10
head_0_0_V,1,362,16
head_0_0_V,1,361,11
head_0_0_V,1,360,14
head_0_0_V,1,359,12
head_0_0_V,1,358,13
head_0_0_V,1,357,14
head_0_0_V,1,356,18
head_0_0_V,1,355,10
head_0_0_V,1,354,7
head_0_0_V,1,353,11
head_0_0_V,1,352,12
head_0_0_V,1,351,11
head_0_0_V,1,350,12
head_0_0_V,1,349,8
head_0_0_V,1,348,7
head_0_0_V,1,347,14
head_0_0_V,1,346,14
head_0_0_V,1,345,14
head_0_0_V,1,344,15
head_0_0_V,1,343,12
head_0_0_V,1,342,10
head_0_0_V,1,341,18
head_0_0_V,1,340,16
head_0_0_V,1,339,10
head_0_0_V,1,338,12
head_0_0_V,1,337,23
head_0_0_V,1,336,9
head_0_0_V,1,335,10
head_0_0_V,1,334,14
head_0_0_V,1,333,12
head_0_0_V,1,332,13
head_0_0_V,1,331,13
head_0_0_V,1,330,16
head_0_0_V,1,329,15
head_0_0_V,1,328,17
head_0_0_V,1,327,11
head_0_0_V,1,326,10
head_0_0_V,1,325,9
head_0_0_V,1,324,12
head_0_0_V,1,323,10
head_0_0_V,1,322,12
head_0_0_V,1,321,8
head_0_0_V,1,320,16
head_0_0_V,1,319,21
head_0_0_V,1,318,15
head_0_0_V,1,317,12
head_0_0_V,1,316,19
head_0_0_V,1,315,19
head_0_0_V,1,314,27
head_0_0_V,1,313,24
head_0_0_V,1,312,12
head_0_0_V,1,311,14
head_0_0_V,1,310,18
head_0_0_V,1,309,14
head_0_0_V,1,308,16
head_0_0_V,1,307,15
head_0_0_V,1,306,10
head_0_0_V,1,305,11
head_0_0_V,1,304,16
head_0_0_V,1,303,15
head_0_0_V,1,302,20
head_0_0_V,1,301,12
head_0_0_V,1,300,17
head_0_0_V,1,299,13
head_0_0_V,1,298,18
head_0_0_V,1,297,17
head_0_0_V,1,296,21
head_0_0_V,1,295,13
head_0_0_V,1,294,15
head_0_0_V,1,293,18
head_0_0_V,1,292,16
head_0_0_V,1,291,16
head_0_0_V,1,290,19
head_0_0_V,1,289,27
head_0_0_V,1,288,16
head_0_0_V,1,287,15
head_0_0_V,1,286,18
head_0_0_V,1,285,21
head_0_0_V,1,284,9
head_0_0_V,1,283,23
head_0_0_V,1,282,17
head_0_0_V,1,281,14
head_0_0_V,1,280,12
head_0_0_V,1,279,22
head_0_0_V,1,278,14
head_0_0_V,1,277,16
head_0_0_V,1,276,25
head_0_0_V,1,275,15
head_0_0_V,1,274,25
head_0_0_V,1,273,19
head_0_0_V,1,272,16
head_0_0_V,1,271,23
head_0_0_V,1,270,26
head_0_0_V,1,269,27
head_0_0_V,1,268,18
head_0_0_V,1,267,20
head_0_0_V,1,266,18
head_0_0_V,1,265,20
head_0_0_V,1,264,21
head_0_0_V,1,263,22
head_0_0_V,1,262,26
head_0_0_V,1,261,23
head_0_0_V,1,260,21
head_0_0_V,1,259,20
head_0_0_V,1,258,22
head_0_0_V,1,257,22
head_0_0_V,1,256,20
head_0_0_V,1,255,16
head_0_0_V,1,254,19
head_0_0_V,1,253,22
head_0_0_V,1,252,30
head_0_0_V,1,251,17
head_0_0_V,1,250,22
head_0_0_V,1,249,25
head_0_0_V,1,248,20
head_0_0_V,1,247,25
head_0_0_V,1,246,24
head_0_0_V,1,245,17
head_0_0_V,1,244,33
head_0_0_V,1,243,17
head_0_0_V,1,242,24
head_0_0_V,1,241,23
head_0_0_V,1,240,23
head_0_0_V,1,239,29
head_0_0_V,1,238,27
head_0_0_V,1,237,36
head_0_0_V,1,236,27
head_0_0_V,1,235,24
head_0_0_V,1,234,26
head_0_0_V,1,233,35
head_0_0_V,1,232,32
head_0_0_V,1,231,31
head_0_0_V,1,230,29
head_0_0_V,1,229,23
head_0_0_V,1,228,27
head_0_0_V,1,227,19
head_0_0_V,1,226,30
head_0_0_V,1,225,36
head_0_0_V,1,224,37
head_0_0_V,1,223,31
head_0_0_V,1,222,29
head_0_0_V,1,221,31
head_0_0_V,1,220,34
head_0_0_V,1,219,26
head_0_0_V,1,218,30
head_0_0_V,1,217,29
head_0_0_V,1,216,31
head_0_0_V,1,215,35
head_0_0_V,1,214,36
head_0_0_V,1,213,28
head_0_0_V,1,212,36
head_0_0_V,1,211,34
head_0_0_V,1,210,26
head_0_0_V,1,209,29
head_0_0_V,1,208,29
head_0_0_V,1,207,38
head_0_0_V,1,206,44
head_0_0_V,1,205,30
head_0_0_V,1,204,43
head_0_0_V,1,203,24
head_0_0_V,1,202,36
head_0_0_V,1,201,24
head_0_0_V,1,200,39
head_0_0_V,1,199,43
head_0_0_V,1,198,44
head_0_0_V,1,197,43
head_0_0_V,1,196,44
head_0_0_V,1,195,39
head_0_0_V,1,194,41
head_0_0_V,1,193,25
head_0_0_V,1,192,30
head_0_0_V,1,191,26
head_0_0_V,1,190,45
head_0_0_V,1,189,38
head_0_0_V,1,188,44
head_0_0_V,1,187,37
head_0_0_V,1,186,49
head_0_0_V,1,185,44
head_0_0_V,1,184,31
head_0_0_V,1,183,43
head_0_0_V,1,182,48
head_0_0_V,1,181,46
head_0_0_V,1,180,46
head_0_0_V,1,179,33
head_0_0_V,1,178,31
head_0_0_V,1,177,41
head_0_0_V,1,176,58
head_0_0_V,1,175,67
head_0_0_V,1,174,54
head_0_0_V,1,173,35
head_0_0_V,1,172,40
head_0_0_V,1,171,50
head_0_0_V,1,170,65
head_0_0_V,1,169,34
head_0_0_V,1,168,43
head_0_0_V,1,167,50
head_0_0_V,1,166,45
head_0_0_V,1,165,67
head_0_0_V,1,164,47
head_0_0_V,1,163,57
head_0_0_V,1,162,51
head_0_0_V,1,161,48
head_0_0_V,1,160,39
head_0_0_V,1,159,58
head_0_0_V,1,158,44
head_0_0_V,1,157,44
head_0_0_V,1,156,47
head_0_0_V,1,155,55
head_0_0_V,1,154,54
head_0_0_V,1,153,53
head_0_0_V,1,152,46
head_0_0_V,1,151,57
head_0_0_V,1,150,62
head_0_0_V,1,149,63
head_0_0_V,1,148,60
head_0_0_V,1,147,41
head_0_0_V,1,146,53
head_0_0_V,1,145,66
head_0_0_V,1,144,50
head_0_0_V,1,143,63
head_0_0_V,1,142,67
head_0_0_V,1,141,59
head_0_0_V,1,140,60
head_0_0_V,1,139,60
head_0_0_V,1,138,69
head_0_0_V,1,137,53
head_0_0_V,1,136,65
head_0_0_V,1,135,68
head_0_0_V,1,134,61
head_0_0_V,1,133,77
head_0_0_V,1,132,75
head_0_0_V,1,131,59
head_0_0_V,1,130,65
head_0_0_V,1,129,67
head_0_0_V,1,128,74
head_0_0_V,1,127,74
head_0_0_V,1,126,77
head_0_0_V,1,125,81
head_0_0_V,1,124,85
head_0_0_V,1,123,69
head_0_0_V,1,122,72
head_0_0_V,1,121,83
head_0_0_V,1,120,78
head_0_0_V,1,119,94
head_0_0_V,1,118,76
head_0_0_V,1,117,92
head_0_0_V,1,116,82
head_0_0_V,1,115,77
head_0_0_V,1,114,90
head_0_0_V,1,113,79
head_0_0_V,1,112,97
head_0_0_V,1,111,101
head_0_0_V,1,110,89
head_0_0_V,1,109,87
head_0_0_V,1,108,112
head_0_0_V,1,107,90
head_0_0_V,1,106,85
head_0_0_V,1,105,92
head_0_0_V,1,104,88
head_0_0_V,1,103,114
head_0_0_V,1,102,108
head_0_0_V,1,101,117
head_0_0_V,1,100,106
head_0_0_V,1,99,113
head_0_0_V,1,98,117
head_0_0_V,1,97,115
head_0_0_V,1,96,104
head_0_0_V,1,95,122
head_0_0_V,1,94,134
head_0_0_V,1,93,112
head_0_0_V,1,92,117
head_0_0_V,1,91,101
head_0_0_V,1,90,128
head_0_0_V,1,89,118
head_0_0_V,1,88,137
head_0_0_V,1,87,117
head_0_0_V,1,86,126
head_0_0_V,1,85,131
head_0_0_V,1,84,125
head_0_0_V,1,83,135
head_0_0_V,1,82,145
head_0_0_V,1,81,139
head_0_0_V,1,80,130
head_0_0_V,1,79,123
head_0_0_V,1,78,139
head_0_0_V,1,77,163
head_0_0_V,1,76,153
head_0_0_V,1,75,148
head_0_0_V,1,74,157
head_0_0_V,1,73,155
head_0_0_V,1,72,158
head_0_0_V,1,71,162
head_0_0_V,1,70,160
head_0_0_V,1,69,162
head_0_0_V,1,68,195
head_0_0_V,1,67,166
head_0_0_V,1,66,180
head_0_0_V,1,65,182
head_0_0_V,1,64,204
head_0_0_V,1,63,196
head_0_0_V,1,62,157
head_0_0_V,1,61,184
head_0_0_V,1,60,184
head_0_0_V,1,59,180
head_0_0_V,1,58,214
head_0_0_V,1,57,207
head_0_0_V,1,56,208
head_0_0_V,1,55,209
head_0_0_V,1,54,214
head_0_0_V,1,53,227
head_0_0_V,1,52,212
head_0_0_V,1,51,206
head_0_0_V,1,50,243
head_0_0_V,1,49,265
head_0_0_V,1,48,272
head_0_0_V,1,47,266
head_0_0_V,1,46,275
head_0_0_V,1,45,282
head_0_0_V,1,44,296
head_0_0_V,1,43,286
head_0_0_V,1,42,301
head_0_0_V,1,41,296
head_0_0_V,1,40,307
head_0_0_V,1,39,303
head_0_0_V,1,38,327
head_0_0_V,1,37,344
head_0_0_V,1,36,370
head_0_0_V,1,35,369
head_0_0_V,1,34,375
head_0_0_V,1,33,360
head_0_0_V,1,32,387
head_0_0_V,1,31,393
head_0_0_V,1,30,434
head_0_0_V,1,29,440
head_0_0_V,1,28,427
head_0_0_V,1,27,463
head_0_0_V,1,26,480
head_0_0_V,1,25,446
head_0_0_V,1,24,497
head_0_0_V,1,23,520
head_0_0_V,1,22,497
head_0_0_V,1,21,497
head_0_0_V,1,20,538
head_0_0_V,1,19,586
head_0_0_V,1,18,577
head_0_0_V,1,17,609
head_0_0_V,1,16,613
head_0_0_V,1,15,584
head_0_0_V,1,14,582
head_0_0_V,1,13,574
head_0_0_V,1,12,617
head_0_0_V,1,11,585
head_0_0_V,1,10,509
head_0_0_V,1,9,521
head_0_0_V,1,8,513
head_0_0_V,1,7,455
head_0_0_V,1,6,416
head_0_0_V,1,5,349
head_0_0_V,1,4,282
head_0_0_V,1,3,211
head_0_0_V,1,2,92
head_0_0_V,1,1,51
head_0_0_V,1,0,24593
head_0_0_V,2,41926,1
head_0_0_V,2,24651,1
head_0_0_V,2,21933,1
head_0_0_V,2,20514,1
head_0_0_V,2,19369,1
head_0_0_V,2,18353,1
head_0_0_V,2,17391,1
head_0_0_V,2,17176,1
head_0_0_V,2,15666,1
head_0_0_V,2,15316,1
head_0_0_V,2,15186,1
head_0_0_V,2,14472,1
head_0_0_V,2,13995,1
head_0_0_V,2,12971,1
head_0_0_V,2,12787,1
head_0_0_V,2,12680,1
head_0_0_V,2,11969,1
head_0_0_V,2,10618,1
head_0_0_V,2,10523,1
head_0_0_V,2,10289,1
head_0_0_V,2,9797,1
head_0_0_V,2,9370,1
head_0_0_V,2,9211,1
head_0_0_V,2,8964,1
head_0_0_V,2,8939,1
head_0_0_V,2,8730,1
head_0_0_V,2,8607,1
head_0_0_V,2,8502,1
head_0_0_V,2,8343,1
head_0_0_V,2,8293,1
head_0_0_V,2,8278,1
head_0_0_V,2,7936,1
head_0_0_V,2,7918,1
head_0_0_V,2,7572,1
head_0_0_V,2,7539,1
head_0_0_V,2,7535,1
head_0_0_V,2,7441,1
head_0_0_V,2,7385,1
head_0_0_V,2,7318,1
head_0_0_V,2,7038,1
head_0_0_V,2,6976,1
head_0_0_V,2,6954,1
head_0_0_V,2,6778,1
head_0_0_V,2,6568,1
head_0_0_V,2,6396,1
head_0_0_V,2,6331,1
head_0_0_V,2,6277,1
head_0_0_V,2,6217,1
head_0_0_V,2,6175,1
head_0_0_V,2,6143,1
head_0_0_V,2,6098,1
head_0_0_V,2,5884,1
head_0_0_V,2,5873,1
head_0_0_V,2,5772,1
head_0_0_V,2,5628,1
head_0_0_V,2,5591,1
head_0_0_V,2,5580,1
head_0_0_V,2,5530,1
head_0_0_V,2,5470,1
head_0_0_V,2,5438,1
head_0_0_V,2,5437,1
head_0_0_V,2,5282,1
head_0_0_V,2,5274,1
head_0_0_V,2,5234,1
head_0_0_V,2,5207,1
head_0_0_V,2,5185,1
head_0_0_V,2,5168,1
head_0_0_V,2,5131,1
head_0_0_V,2,5094,1
head_0_0_V,2,5081,1
head_0_0_V,2,5066,1
head_0_0_V,2,5038,1
head_0_0_V,2,4989,1
head_0_0_V,2,4877,1
head_0_0_V,2,4859,1
head_0_0_V,2,4811,1
head_0_0_V,2,4803,1
head_0_0_V,2,4793,1
head_0_0_V,2,4772,1
head_0_0_V,2,4695,1
head_0_0_V,2,4691,1
head_0_0_V,2,4686,1
head_0_0_V,2,4623,1
head_0_0_V,2,4621,1
head_0_0_V,2,4469,1
head_0_0_V,2,4465,1
head_0_0_V,2,4443,1
head_0_0_V,2,4442,1
head_0_0_V,2,4419,1
head_0_0_V,2,4407,1
head_0_0_V,2,4390,1
head_0_0_V,2,4387,2
head_0_0_V,2,4377,1
head_0_0_V,2,4321,2
head_0_0_V,2,4313,1
head_0_0_V,2,4296,1
head_0_0_V,2,4292,1
head_0_0_V,2,4274,1
head_0_0_V,2,4250,2
head_0_0_V,2,4199,1
head_0_0_V,2,4178,1
head_0_0_V,2,4169,1
head_0_0_V,2,4148,1
head_0_0_V,2,4126,1
head_0_0_V,2,4109,1
head_0_0_V,2,4098,1
head_0_0_V,2,4093,1
head_0_0_V,2,4059,1
head_0_0_V,2,4054,1
head_0_0_V,2,4053,1
head_0_0_V,2,4043,1
head_0_0_V,2,4036,1
head_0_0_V,2,4005,1
head_0_0_V,2,3979,1
head_0_0_V,2,3977,1
head_0_0_V,2,3952,1
head_0_0_V,2,3940,1
head_0_0_V,2,3937,1
head_0_0_V,2,3932,1
head_0_0_V,2,3902,1
head_0_0_V,2,3900,1
head_0_0_V,2,3898,1
head_0_0_V,2,3874,1
head_0_0_V,2,3860,1
head_0_0_V,2,3823,1
head_0_0_V,2,3801,1
head_0_0_V,2,3783,1
head_0_0_V,2,3782,1
head_0_0_V,2,3749,1
head_0_0_V,2,3731,1
head_0_0_V,2,3726,1
head_0_0_V,2,3709,1
head_0_0_V,2,3699,1
head_0_0_V,2,3696,1
head_0_0_V,2,3686,1
head_0_0_V,2,3648,1
head_0_0_V,2,3634,1
head_0_0_V,2,3630,1
head_0_0_V,2,3598,1
head_0_0_V,2,3597,1
head_0_0_V,2,3573,1
head_0_0_V,2,3555,1
head_0_0_V,2,3542,1
head_0_0_V,2,3497,1
head_0_0_V,2,3492,1
head_0_0_V,2,3459,1
head_0_0_V,2,3446,1
head_0_0_V,2,3437,1
head_0_0_V,2,3426,1
head_0_0_V,2,3355,1
head_0_0_V,2,3329,1
head_0_0_V,2,3327,1
head_0_0_V,2,3319,2
head_0_0_V,2,3286,1
head_0_0_V,2,3221,1
head_0_0_V,2,3204,1
head_0_0_V,2,3191,1
head_0_0_V,2,3179,1
head_0_0_V,2,3177,1
head_0_0_V,2,3152,1
head_0_0_V,2,3137,1
head_0_0_V,2,3126,1
head_0_0_V,2,3117,2
head_0_0_V,2,3107,1
head_0_0_V,2,3093,1
head_0_0_V,2,3070,1
head_0_0_V,2,3054,1
head_0_0_V,2,3045,1
head_0_0_V,2,3044,2
head_0_0_V,2,3021,1
head_0_0_V,2,3019,1
head_0_0_V,2,3006,1
head_0_0_V,2,2992,1
head_0_0_V,2,2980,1
head_0_0_V,2,2977,1
head_0_0_V,2,2968,1
head_0_0_V,2,2964,1
head_0_0_V,2,2961,1
head_0_0_V,2,2951,1
head_0_0_V,2,2934,1
head_0_0_V,2,2922,1
head_0_0_V,2,2912,1
head_0_0_V,2,2905,1
head_0_0_V,2,2892,1
head_0_0_V,2,2887,1
head_0_0_V,2,2885,1
head_0_0_V,2,2865,1
head_0_0_V,2,2846,1
head_0_0_V,2,2841,1
head_0_0_V,2,2834,1
head_0_0_V,2,2832,1
head_0_0_V,2,2823,1
head_0_0_V,2,2819,1
head_0_0_V,2,2793,1
head_0_0_V,2,2791,2
head_0_0_V,2,2788,1
head_0_0_V,2,2780,1
head_0_0_V,2,2779,1
head_0_0_V,2,2774,1
head_0_0_V,2,2759,1
head_0_0_V,2,2739,1
head_0_0_V,2,2734,1
head_0_0_V,2,2725,1
head_0_0_V,2,2721,1
head_0_0_V,2,2720,1
head_0_0_V,2,2716,1
head_0_0_V,2,2708,1
head_0_0_V,2,2704,1
head_0_0_V,2,2698,1
head_0_0_V,2,2697,1
head_0_0_V,2,2692,1
head_0_0_V,2,2684,1
head_0_0_V,2,2675,1
head_0_0_V,2,2661,1
head_0_0_V,2,2628,1
head_0_0_V,2,2618,1
head_0_0_V,2,2614,1
head_0_0_V,2,2608,1
head_0_0_V,2,2604,1
head_0_0_V,2,2596,1
head_0_0_V,2,2574,1
head_0_0_V,2,2570,1
head_0_0_V,2,2569,1
head_0_0_V,2,2561,1
head_0_0_V,2,2551,1
head_0_0_V,2,2548,1
head_0_0_V,2,2537,1
head_0_0_V,2,2529,1
head_0_0_V,2,2527,1
head_0_0_V,2,2525,1
head_0_0_V,2,2519,1
head_0_0_V,2,2516,1
head_0_0_V,2,2512,1
head_0_0_V,2,2505,1
head_0_0_V,2,2502,1
head_0_0_V,2,2498,1
head_0_0_V,2,2495,1
head_0_0_V,2,2490,2
head_0_0_V,2,2472,1
head_0_0_V,2,2465,1
head_0_0_V,2,2450,1
head_0_0_V,2,2442,1
head_0_0_V,2,2431,2
head_0_0_V,2,2414,1
head_0_0_V,2,2413,1
head_0_0_V,2,2407,1
head_0_0_V,2,2392,1
head_0_0_V,2,2384,1
head_0_0_V,2,2382,1
head_0_0_V,2,2371,1
head_0_0_V,2,2365,1
head_0_0_V,2,2363,1
head_0_0_V,2,2354,1
head_0_0_V,2,2332,1
head_0_0_V,2,2331,1
head_0_0_V,2,2322,1
head_0_0_V,2,2311,1
head_0_0_V,2,2307,2
head_0_0_V,2,2294,1
head_0_0_V,2,2264,1
head_0_0_V,2,2255,2
head_0_0_V,2,2254,1
head_0_0_V,2,2248,1
head_0_0_V,2,2247,2
head_0_0_V,2,2230,1
head_0_0_V,2,2215,1
head_0_0_V,2,2214,1
head_0_0_V,2,2211,2
head_0_0_V,2,2206,1
head_0_0_V,2,2178,1
head_0_0_V,2,2177,1
head_0_0_V,2,2171,1
head_0_0_V,2,2168,1
head_0_0_V,2,2167,1
head_0_0_V,2,2156,1
head_0_0_V,2,2152,1
head_0_0_V,2,2150,1
head_0_0_V,2,2146,1
head_0_0_V,2,2138,1
head_0_0_V,2,2136,1
head_0_0_V,2,2129,1
head_0_0_V,2,2118,1
head_0_0_V,2,2112,1
head_0_0_V,2,2110,1
head_0_0_V,2,2109,1
head_0_0_V,2,2107,1
head_0_0_V,2,2101,1
head_0_0_V,2,2097,1
head_0_0_V,2,2094,1
head_0_0_V,2,2089,1
head_0_0_V,2,2087,1
head_0_0_V,2,2085,2
head_0_0_V,2,2083,1
head_0_0_V,2,2080,1
head_0_0_V,2,2075,1
head_0_0_V,2,2064,1
head_0_0_V,2,2063,1
head_0_0_V,2,2060,1
head_0_0_V,2,2057,1
head_0_0_V,2,2056,1
head_0_0_V,2,2049,1
head_0_0_V,2,2037,1
head_0_0_V,2,2036,1
head_0_0_V,2,2034,1
head_0_0_V,2,2032,1
head_0_0_V,2,2029,2
head_0_0_V,2,2024,1
head_0_0_V,2,2022,1
head_0_0_V,2,2013,1
head_0_0_V,2,2006,1
head_0_0_V,2,2005,2
head_0_0_V,2,2003,1
head_0_0_V,2,1998,1
head_0_0_V,2,1995,1
head_0_0_V,2,1991,1
head_0_0_V,2,1989,1
head_0_0_V,2,1985,1
head_0_0_V,2,1984,1
head_0_0_V,2,1983,1
head_0_0_V,2,1979,1
head_0_0_V,2,1978,1
head_0_0_V,2,1977,1
head_0_0_V,2,1968,1
head_0_0_V,2,1965,1
head_0_0_V,2,1956,1
head_0_0_V,2,1955,2
head_0_0_V,2,1950,2
head_0_0_V,2,1948,1
head_0_0_V,2,1946,1
head_0_0_V,2,1945,1
head_0_0_V,2,1943,1
head_0_0_V,2,1941,2
head_0_0_V,2,1939,1
head_0_0_V,2,1937,1
head_0_0_V,2,1936,1
head_0_0_V,2,1925,1
head_0_0_V,2,1911,1
head_0_0_V,2,1910,1
head_0_0_V,2,1908,1
head_0_0_V,2,1901,1
head_0_0_V,2,1900,1
head_0_0_V,2,1894,1
head_0_0_V,2,1891,1
head_0_0_V,2,1887,1
head_0_0_V,2,1885,1
head_0_0_V,2,1882,1
head_0_0_V,2,1877,1
head_0_0_V,2,1875,1
head_0_0_V,2,1870,1
head_0_0_V,2,1868,1
head_0_0_V,2,1867,1
head_0_0_V,2,1861,2
head_0_0_V,2,1857,1
head_0_0_V,2,1855,3
head_0_0_V,2,1854,1
head_0_0_V,2,1853,2
head_0_0_V,2,1851,1
head_0_0_V,2,1850,1
head_0_0_V,2,1848,1
head_0_0_V,2,1846,1
head_0_0_V,2,1845,1
head_0_0_V,2,1837,1
head_0_0_V,2,1835,1
head_0_0_V,2,1834,1
head_0_0_V,2,1826,2
head_0_0_V,2,1824,1
head_0_0_V,2,1823,1
head_0_0_V,2,1818,1
head_0_0_V,2,1814,1
head_0_0_V,2,1813,1
head_0_0_V,2,1809,2
head_0_0_V,2,1808,1
head_0_0_V,2,1805,1
head_0_0_V,2,1802,1
head_0_0_V,2,1798,1
head_0_0_V,2,1797,2
head_0_0_V,2,1792,1
head_0_0_V,2,1791,1
head_0_0_V,2,1789,1
head_0_0_V,2,1788,1
head_0_0_V,2,1787,1
head_0_0_V,2,1786,1
head_0_0_V,2,1783,1
head_0_0_V,2,1781,2
head_0_0_V,2,1779,1
head_0_0_V,2,1777,1
head_0_0_V,2,1774,1
head_0_0_V,2,1773,1
head_0_0_V,2,1768,3
head_0_0_V,2,1767,1
head_0_0_V,2,1761,1
head_0_0_V,2,1755,2
head_0_0_V,2,1753,2
head_0_0_V,2,1752,1
head_0_0_V,2,1751,1
head_0_0_V,2,1750,1
head_0_0_V,2,1749,1
head_0_0_V,2,1747,2
head_0_0_V,2,1743,1
head_0_0_V,2,1727,1
head_0_0_V,2,1724,1
head_0_0_V,2,1723,1
head_0_0_V,2,1721,1
head_0_0_V,2,1719,1
head_0_0_V,2,1713,1
head_0_0_V,2,1709,2
head_0_0_V,2,1708,1
head_0_0_V,2,1702,1
head_0_0_V,2,1700,1
head_0_0_V,2,1699,1
head_0_0_V,2,1698,1
head_0_0_V,2,1697,1
head_0_0_V,2,1693,1
head_0_0_V,2,1689,2
head_0_0_V,2,1685,1
head_0_0_V,2,1684,1
head_0_0_V,2,1682,1
head_0_0_V,2,1676,1
head_0_0_V,2,1675,2
head_0_0_V,2,1669,1
head_0_0_V,2,1668,1
head_0_0_V,2,1666,2
head_0_0_V,2,1664,1
head_0_0_V,2,1661,3
head_0_0_V,2,1651,1
head_0_0_V,2,1650,1
head_0_0_V,2,1648,1
head_0_0_V,2,1644,1
head_0_0_V,2,1643,2
head_0_0_V,2,1642,1
head_0_0_V,2,1636,1
head_0_0_V,2,1635,1
head_0_0_V,2,1633,1
head_0_0_V,2,1632,1
head_0_0_V,2,1631,2
head_0_0_V,2,1629,1
head_0_0_V,2,1625,2
head_0_0_V,2,1624,1
head_0_0_V,2,1616,1
head_0_0_V,2,1615,1
head_0_0_V,2,1608,1
head_0_0_V,2,1605,1
head_0_0_V,2,1599,2
head_0_0_V,2,1598,1
head_0_0_V,2,1595,1
head_0_0_V,2,1594,1
head_0_0_V,2,1593,1
head_0_0_V,2,1592,1
head_0_0_V,2,1591,1
head_0_0_V,2,1573,1
head_0_0_V,2,1570,1
head_0_0_V,2,1568,1
head_0_0_V,2,1567,1
head_0_0_V,2,1562,1
head_0_0_V,2,1560,2
head_0_0_V,2,1559,1
head_0_0_V,2,1558,1
head_0_0_V,2,1557,2
head_0_0_V,2,1555,2
head_0_0_V,2,1539,1
head_0_0_V,2,1537,1
head_0_0_V,2,1536,1
head_0_0_V,2,1532,1
head_0_0_V,2,1531,1
head_0_0_V,2,1530,2
head_0_0_V,2,1526,1
head_0_0_V,2,1519,2
head_0_0_V,2,1518,1
head_0_0_V,2,1516,1
head_0_0_V,2,1514,2
head_0_0_V,2,1512,3
head_0_0_V,2,1508,2
head_0_0_V,2,1505,1
head_0_0_V,2,1493,2
head_0_0_V,2,1489,1
head_0_0_V,2,1484,2
head_0_0_V,2,1483,1
head_0_0_V,2,1481,2
head_0_0_V,2,1480,1
head_0_0_V,2,1478,2
head_0_0_V,2,1476,1
head_0_0_V,2,1475,2
head_0_0_V,2,1474,2
head_0_0_V,2,1470,1
head_0_0_V,2,1469,1
head_0_0_V,2,1468,2
head_0_0_V,2,1465,2
head_0_0_V,2,1460,1
head_0_0_V,2,1459,2
head_0_0_V,2,1455,3
head_0_0_V,2,1450,1
head_0_0_V,2,1447,1
head_0_0_V,2,1446,1
head_0_0_V,2,1437,2
head_0_0_V,2,1436,1
head_0_0_V,2,1434,1
head_0_0_V,2,1433,1
head_0_0_V,2,1431,2
head_0_0_V,2,1430,1
head_0_0_V,2,1427,1
head_0_0_V,2,1426,2
head_0_0_V,2,1424,1
head_0_0_V,2,1421,1
head_0_0_V,2,1419,2
head_0_0_V,2,1418,1
head_0_0_V,2,1416,2
head_0_0_V,2,1415,1
head_0_0_V,2,1414,1
head_0_0_V,2,1413,2
head_0_0_V,2,1412,2
head_0_0_V,2,1410,1
head_0_0_V,2,1408,2
head_0_0_V,2,1407,2
head_0_0_V,2,1405,1
head_0_0_V,2,1404,2
head_0_0_V,2,1402,1
head_0_0_V,2,1400,1
head_0_0_V,2,1398,1
head_0_0_V,2,1395,1
head_0_0_V,2,1393,1
head_0_0_V,2,1392,1
head_0_0_V,2,1389,3
head_0_0_V,2,1388,1
head_0_0_V,2,1386,1
head_0_0_V,2,1385,1
head_0_0_V,2,1384,1
head_0_0_V,2,1382,3
head_0_0_V,2,1381,1
head_0_0_V,2,1380,2
head_0_0_V,2,1379,1
head_0_0_V,2,1378,1
head_0_0_V,2,1374,1
head_0_0_V,2,1371,1
head_0_0_V,2,1370,1
head_0_0_V,2,1364,4
head_0_0_V,2,1361,2
head_0_0_V,2,1353,1
head_0_0_V,2,1350,1
head_0_0_V,2,1349,1
head_0_0_V,2,1348,1
head_0_0_V,2,1346,2
head_0_0_V,2,1344,1
head_0_0_V,2,1342,1
head_0_0_V,2,1341,1
head_0_0_V,2,1340,1
head_0_0_V,2,1336,1
head_0_0_V,2,1335,2
head_0_0_V,2,1333,1
head_0_0_V,2,1331,2
head_0_0_V,2,1329,2
head_0_0_V,2,1327,1
head_0_0_V,2,1326,1
head_0_0_V,2,1324,1
head_0_0_V,2,1322,1
head_0_0_V,2,1321,2
head_0_0_V,2,1313,1
head_0_0_V,2,1311,1
head_0_0_V,2,1307,1
head_0_0_V,2,1303,1
head_0_0_V,2,1298,1
head_0_0_V,2,1296,1
head_0_0_V,2,1294,1
head_0_0_V,2,1293,1
head_0_0_V,2,1290,3
head_0_0_V,2,1289,2
head_0_0_V,2,1288,3
head_0_0_V,2,1287,2
head_0_0_V,2,1285,1
head_0_0_V,2,1284,1
head_0_0_V,2,1283,2
head_0_0_V,2,1282,3
head_0_0_V,2,1281,1
head_0_0_V,2,1280,1
head_0_0_V,2,1279,2
head_0_0_V,2,1278,1
head_0_0_V,2,1275,1
head_0_0_V,2,1274,1
head_0_0_V,2,1273,2
head_0_0_V,2,1269,1
head_0_0_V,2,1267,2
head_0_0_V,2,1264,1
head_0_0_V,2,1262,1
head_0_0_V,2,1261,3
head_0_0_V,2,1258,1
head_0_0_V,2,1256,1
head_0_0_V,2,1253,1
head_0_0_V,2,1252,2
head_0_0_V,2,1251,1
head_0_0_V,2,1249,2
head_0_0_V,2,1248,2
head_0_0_V,2,1245,1
head_0_0_V,2,1243,1
head_0_0_V,2,1242,4
head_0_0_V,2,1241,2
head_0_0_V,2,1240,1
head_0_0_V,2,1238,1
head_0_0_V,2,1237,2
head_0_0_V,2,1235,2
head_0_0_V,2,1233,1
head_0_0_V,2,1232,1
head_0_0_V,2,1231,2
head_0_0_V,2,1230,2
head_0_0_V,2,1229,1
head_0_0_V,2,1227,1
head_0_0_V,2,1221,1
head_0_0_V,2,1219,2
head_0_0_V,2,1215,1
head_0_0_V,2,1214,1
head_0_0_V,2,1210,1
head_0_0_V,2,1208,1
head_0_0_V,2,1205,1
head_0_0_V,2,1203,2
head_0_0_V,2,1202,2
head_0_0_V,2,1198,1
head_0_0_V,2,1197,2
head_0_0_V,2,1196,3
head_0_0_V,2,1194,1
head_0_0_V,2,1193,1
head_0_0_V,2,1192,1
head_0_0_V,2,1191,1
head_0_0_V,2,1190,1
head_0_0_V,2,1189,1
head_0_0_V,2,1188,3
head_0_0_V,2,1187,1
head_0_0_V,2,1186,2
head_0_0_V,2,1185,1
head_0_0_V,2,1184,3
head_0_0_V,2,1183,1
head_0_0_V,2,1182,1
head_0_0_V,2,1180,1
head_0_0_V,2,1179,1
head_0_0_V,2,1178,2
head_0_0_V,2,1177,1
head_0_0_V,2,1176,1
head_0_0_V,2,1175,3
head_0_0_V,2,1173,2
head_0_0_V,2,1170,1
head_0_0_V,2,1167,2
head_0_0_V,2,1165,1
head_0_0_V,2,1163,2
head_0_0_V,2,1162,2
head_0_0_V,2,1161,1
head_0_0_V,2,1160,1
head_0_0_V,2,1159,4
head_0_0_V,2,1156,1
head_0_0_V,2,1155,1
head_0_0_V,2,1154,2
head_0_0_V,2,1153,1
head_0_0_V,2,1152,1
head_0_0_V,2,1151,1
head_0_0_V,2,1148,2
head_0_0_V,2,1146,3
head_0_0_V,2,1145,3
head_0_0_V,2,1144,2
head_0_0_V,2,1143,1
head_0_0_V,2,1141,2
head_0_0_V,2,1139,1
head_0_0_V,2,1138,1
head_0_0_V,2,1137,3
head_0_0_V,2,1135,2
head_0_0_V,2,1134,2
head_0_0_V,2,1133,2
head_0_0_V,2,1129,1
head_0_0_V,2,1127,1
head_0_0_V,2,1124,1
head_0_0_V,2,1123,1
head_0_0_V,2,1122,2
head_0_0_V,2,1120,1
head_0_0_V,2,1119,1
head_0_0_V,2,1118,2
head_0_0_V,2,1117,2
head_0_0_V,2,1116,2
head_0_0_V,2,1114,2
head_0_0_V,2,1113,1
head_0_0_V,2,1111,2
head_0_0_V,2,1110,1
head_0_0_V,2,1109,1
head_0_0_V,2,1108,1
head_0_0_V,2,1106,4
head_0_0_V,2,1102,1
head_0_0_V,2,1101,1
head_0_0_V,2,1100,5
head_0_0_V,2,1098,1
head_0_0_V,2,1097,1
head_0_0_V,2,1096,3
head_0_0_V,2,1085,2
head_0_0_V,2,1084,2
head_0_0_V,2,1083,2
head_0_0_V,2,1082,1
head_0_0_V,2,1080,3
head_0_0_V,2,1078,1
head_0_0_V,2,1077,2
head_0_0_V,2,1076,1
head_0_0_V,2,1075,1
head_0_0_V,2,1073,1
head_0_0_V,2,1072,1
head_0_0_V,2,1071,1
head_0_0_V,2,1070,4
head_0_0_V,2,1067,1
head_0_0_V,2,1066,1
head_0_0_V,2,1061,1
head_0_0_V,2,1060,1
head_0_0_V,2,1059,2
head_0_0_V,2,1058,2
head_0_0_V,2,1056,1
head_0_0_V,2,1055,2
head_0_0_V,2,1054,1
head_0_0_V,2,1053,1
head_0_0_V,2,1051,1
head_0_0_V,2,1047,1
head_0_0_V,2,1046,1
head_0_0_V,2,1043,1
head_0_0_V,2,1041,1
head_0_0_V,2,1040,1
head_0_0_V,2,1037,1
head_0_0_V,2,1036,3
head_0_0_V,2,1035,3
head_0_0_V,2,1034,1
head_0_0_V,2,1033,1
head_0_0_V,2,1029,1
head_0_0_V,2,1028,1
head_0_0_V,2,1027,1
head_0_0_V,2,1026,2
head_0_0_V,2,1024,2
head_0_0_V,2,1023,1
head_0_0_V,2,1021,1
head_0_0_V,2,1020,1
head_0_0_V,2,1019,1
head_0_0_V,2,1018,2
head_0_0_V,2,1017,4
head_0_0_V,2,1014,1
head_0_0_V,2,1013,2
head_0_0_V,2,1010,2
head_0_0_V,2,1009,1
head_0_0_V,2,1008,2
head_0_0_V,2,1007,2
head_0_0_V,2,1006,2
head_0_0_V,2,1005,2
head_0_0_V,2,1004,1
head_0_0_V,2,1002,1
head_0_0_V,2,1000,1
head_0_0_V,2,999,2
head_0_0_V,2,998,1
head_0_0_V,2,997,2
head_0_0_V,2,996,3
head_0_0_V,2,995,1
head_0_0_V,2,993,2
head_0_0_V,2,992,2
head_0_0_V,2,991,2
head_0_0_V,2,989,2
head_0_0_V,2,988,1
head_0_0_V,2,987,1
head_0_0_V,2,986,3
head_0_0_V,2,983,3
head_0_0_V,2,982,1
head_0_0_V,2,981,1
head_0_0_V,2,980,1
head_0_0_V,2,979,2
head_0_0_V,2,978,3
head_0_0_V,2,977,1
head_0_0_V,2,976,1
head_0_0_V,2,975,1
head_0_0_V,2,974,1
head_0_0_V,2,972,2
head_0_0_V,2,971,4
head_0_0_V,2,970,2
head_0_0_V,2,969,1
head_0_0_V,2,968,1
head_0_0_V,2,967,2
head_0_0_V,2,966,5
head_0_0_V,2,965,1
head_0_0_V,2,964,2
head_0_0_V,2,961,2
head_0_0_V,2,959,2
head_0_0_V,2,957,2
head_0_0_V,2,956,1
head_0_0_V,2,955,1
head_0_0_V,2,954,3
head_0_0_V,2,953,1
head_0_0_V,2,952,2
head_0_0_V,2,951,1
head_0_0_V,2,950,2
head_0_0_V,2,949,2
head_0_0_V,2,948,2
head_0_0_V,2,947,1
head_0_0_V,2,946,1
head_0_0_V,2,945,3
head_0_0_V,2,944,1
head_0_0_V,2,943,1
head_0_0_V,2,942,2
head_0_0_V,2,941,2
head_0_0_V,2,940,3
head_0_0_V,2,939,4
head_0_0_V,2,938,2
head_0_0_V,2,937,1
head_0_0_V,2,936,2
head_0_0_V,2,935,1
head_0_0_V,2,934,4
head_0_0_V,2,930,2
head_0_0_V,2,929,1
head_0_0_V,2,928,2
head_0_0_V,2,925,3
head_0_0_V,2,924,1
head_0_0_V,2,923,3
head_0_0_V,2,922,2
head_0_0_V,2,920,2
head_0_0_V,2,919,1
head_0_0_V,2,917,1
head_0_0_V,2,916,2
head_0_0_V,2,915,2
head_0_0_V,2,914,1
head_0_0_V,2,912,1
head_0_0_V,2,911,2
head_0_0_V,2,910,1
head_0_0_V,2,909,2
head_0_0_V,2,908,3
head_0_0_V,2,906,1
head_0_0_V,2,905,1
head_0_0_V,2,903,3
head_0_0_V,2,902,1
head_0_0_V,2,901,1
head_0_0_V,2,899,2
head_0_0_V,2,898,2
head_0_0_V,2,897,3
head_0_0_V,2,896,1
head_0_0_V,2,895,2
head_0_0_V,2,894,2
head_0_0_V,2,893,2
head_0_0_V,2,892,2
head_0_0_V,2,891,4
head_0_0_V,2,890,3
head_0_0_V,2,889,2
head_0_0_V,2,888,4
head_0_0_V,2,887,1
head_0_0_V,2,886,1
head_0_0_V,2,884,2
head_0_0_V,2,883,3
head_0_0_V,2,881,4
head_0_0_V,2,878,1
head_0_0_V,2,877,2
head_0_0_V,2,875,2
head_0_0_V,2,874,1
head_0_0_V,2,873,1
head_0_0_V,2,872,1
head_0_0_V,2,871,4
head_0_0_V,2,870,1
head_0_0_V,2,866,2
head_0_0_V,2,865,3
head_0_0_V,2,864,2
head_0_0_V,2,863,4
head_0_0_V,2,862,2
head_0_0_V,2,861,2
head_0_0_V,2,860,2
head_0_0_V,2,859,2
head_0_0_V,2,858,3
head_0_0_V,2,856,2
head_0_0_V,2,855,2
head_0_0_V,2,854,1
head_0_0_V,2,853,2
head_0_0_V,2,852,4
head_0_0_V,2,851,1
head_0_0_V,2,850,2
head_0_0_V,2,848,5
head_0_0_V,2,847,1
head_0_0_V,2,846,2
head_0_0_V,2,845,2
head_0_0_V,2,844,1
head_0_0_V,2,843,2
head_0_0_V,2,842,1
head_0_0_V,2,841,1
head_0_0_V,2,840,1
head_0_0_V,2,839,2
head_0_0_V,2,838,2
head_0_0_V,2,837,2
head_0_0_V,2,836,2
head_0_0_V,2,835,1
head_0_0_V,2,834,5
head_0_0_V,2,833,1
head_0_0_V,2,832,2
head_0_0_V,2,831,2
head_0_0_V,2,830,2
head_0_0_V,2,828,1
head_0_0_V,2,827,1
head_0_0_V,2,826,2
head_0_0_V,2,823,2
head_0_0_V,2,822,1
head_0_0_V,2,820,5
head_0_0_V,2,819,4
head_0_0_V,2,818,3
head_0_0_V,2,816,2
head_0_0_V,2,815,2
head_0_0_V,2,814,2
head_0_0_V,2,813,1
head_0_0_V,2,812,4
head_0_0_V,2,811,2
head_0_0_V,2,810,1
head_0_0_V,2,809,1
head_0_0_V,2,808,1
head_0_0_V,2,807,1
head_0_0_V,2,806,3
head_0_0_V,2,805,3
head_0_0_V,2,804,3
head_0_0_V,2,803,2
head_0_0_V,2,802,2
head_0_0_V,2,801,3
head_0_0_V,2,800,1
head_0_0_V,2,799,4
head_0_0_V,2,798,4
head_0_0_V,2,796,2
head_0_0_V,2,795,1
head_0_0_V,2,794,2
head_0_0_V,2,793,1
head_0_0_V,2,792,2
head_0_0_V,2,791,1
head_0_0_V,2,790,2
head_0_0_V,2,789,4
head_0_0_V,2,788,1
head_0_0_V,2,787,1
head_0_0_V,2,786,2
head_0_0_V,2,785,1
head_0_0_V,2,784,1
head_0_0_V,2,783,3
head_0_0_V,2,782,4
head_0_0_V,2,781,2
head_0_0_V,2,780,1
head_0_0_V,2,779,4
head_0_0_V,2,778,4
head_0_0_V,2,777,1
head_0_0_V,2,776,1
head_0_0_V,2,775,3
head_0_0_V,2,773,3
head_0_0_V,2,772,2
head_0_0_V,2,771,4
head_0_0_V,2,770,1
head_0_0_V,2,769,3
head_0_0_V,2,768,3
head_0_0_V,2,767,2
head_0_0_V,2,766,1
head_0_0_V,2,765,3
head_0_0_V,2,764,2
head_0_0_V,2,763,1
head_0_0_V,2,762,1
head_0_0_V,2,761,3
head_0_0_V,2,760,1
head_0_0_V,2,759,1
head_0_0_V,2,758,4
head_0_0_V,2,756,5
head_0_0_V,2,755,4
head_0_0_V,2,754,2
head_0_0_V,2,753,2
head_0_0_V,2,752,1
head_0_0_V,2,751,3
head_0_0_V,2,750,3
head_0_0_V,2,748,3
head_0_0_V,2,747,6
head_0_0_V,2,746,1
head_0_0_V,2,745,2
head_0_0_V,2,744,2
head_0_0_V,2,743,2
head_0_0_V,2,742,3
head_0_0_V,2,741,3
head_0_0_V,2,740,1
head_0_0_V,2,739,2
head_0_0_V,2,738,3
head_0_0_V,2,737,3
head_0_0_V,2,736,1
head_0_0_V,2,735,4
head_0_0_V,2,734,1
head_0_0_V,2,733,2
head_0_0_V,2,732,3
head_0_0_V,2,731,1
head_0_0_V,2,730,3
head_0_0_V,2,729,2
head_0_0_V,2,728,1
head_0_0_V,2,727,3
head_0_0_V,2,726,3
head_0_0_V,2,725,1
head_0_0_V,2,724,4
head_0_0_V,2,723,1
head_0_0_V,2,722,4
head_0_0_V,2,721,5
head_0_0_V,2,720,8
head_0_0_V,2,719,4
head_0_0_V,2,718,4
head_0_0_V,2,717,2
head_0_0_V,2,716,4
head_0_0_V,2,715,4
head_0_0_V,2,714,1
head_0_0_V,2,713,5
head_0_0_V,2,712,3
head_0_0_V,2,711,5
head_0_0_V,2,710,2
head_0_0_V,2,709,3
head_0_0_V,2,708,5
head_0_0_V,2,707,1
head_0_0_V,2,706,6
head_0_0_V,2,705,4
head_0_0_V,2,704,3
head_0_0_V,2,703,4
head_0_0_V,2,702,3
head_0_0_V,2,701,4
head_0_0_V,2,700,5
head_0_0_V,2,699,1
head_0_0_V,2,698,2
head_0_0_V,2,697,1
head_0_0_V,2,696,3
head_0_0_V,2,695,4
head_0_0_V,2,694,2
head_0_0_V,2,693,6
head_0_0_V,2,691,3
head_0_0_V,2,690,3
head_0_0_V,2,689,6
head_0_0_V,2,688,1
head_0_0_V,2,687,4
head_0_0_V,2,686,8
head_0_0_V,2,685,1
head_0_0_V,2,684,1
head_0_0_V,2,683,5
head_0_0_V,2,681,2
head_0_0_V,2,680,4
head_0_0_V,2,679,4
head_0_0_V,2,678,3
head_0_0_V,2,676,2
head_0_0_V,2,675,4
head_0_0_V,2,674,3
head_0_0_V,2,673,2
head_0_0_V,2,672,8
head_0_0_V,2,671,2
head_0_0_V,2,670,1
head_0_0_V,2,669,1
head_0_0_V,2,668,1
head_0_0_V,2,667,3
head_0_0_V,2,666,5
head_0_0_V,2,665,2
head_0_0_V,2,664,4
head_0_0_V,2,663,5
head_0_0_V,2,662,3
head_0_0_V,2,661,4
head_0_0_V,2,660,3
head_0_0_V,2,659,2
head_0_0_V,2,658,2
head_0_0_V,2,657,4
head_0_0_V,2,656,4
head_0_0_V,2,655,1
head_0_0_V,2,654,2
head_0_0_V,2,653,4
head_0_0_V,2,652,3
head_0_0_V,2,651,4
head_0_0_V,2,650,3
head_0_0_V,2,649,3
head_0_0_V,2,648,2
head_0_0_V,2,647,4
head_0_0_V,2,646,5
head_0_0_V,2,645,3
head_0_0_V,2,644,4
head_0_0_V,2,643,5
head_0_0_V,2,642,1
head_0_0_V,2,641,7
head_0_0_V,2,640,4
head_0_0_V,2,639,4
head_0_0_V,2,638,4
head_0_0_V,2,637,4
head_0_0_V,2,636,2
head_0_0_V,2,635,2
head_0_0_V,2,634,4
head_0_0_V,2,633,1
head_0_0_V,2,632,2
head_0_0_V,2,631,2
head_0_0_V,2,630,1
head_0_0_V,2,629,2
head_0_0_V,2,628,3
head_0_0_V,2,627,2
head_0_0_V,2,626,4
head_0_0_V,2,625,2
head_0_0_V,2,624,6
head_0_0_V,2,623,5
head_0_0_V,2,622,6
head_0_0_V,2,621,4
head_0_0_V,2,620,5
head_0_0_V,2,619,2
head_0_0_V,2,617,4
head_0_0_V,2,616,4
head_0_0_V,2,615,1
head_0_0_V,2,614,5
head_0_0_V,2,613,5
head_0_0_V,2,612,8
head_0_0_V,2,611,5
head_0_0_V,2,610,5
head_0_0_V,2,609,6
head_0_0_V,2,608,2
head_0_0_V,2,607,3
head_0_0_V,2,606,1
head_0_0_V,2,605,1
head_0_0_V,2,604,4
head_0_0_V,2,603,5
head_0_0_V,2,602,2
head_0_0_V,2,601,8
head_0_0_V,2,600,2
head_0_0_V,2,599,5
head_0_0_V,2,598,6
head_0_0_V,2,597,2
head_0_0_V,2,596,3
head_0_0_V,2,595,2
head_0_0_V,2,594,2
head_0_0_V,2,593,8
head_0_0_V,2,592,5
head_0_0_V,2,591,4
head_0_0_V,2,590,7
head_0_0_V,2,589,4
head_0_0_V,2,588,4
head_0_0_V,2,587,4
head_0_0_V,2,586,4
head_0_0_V,2,585,6
head_0_0_V,2,584,4
head_0_0_V,2,583,4
head_0_0_V,2,582,7
head_0_0_V,2,581,7
head_0_0_V,2,580,4
head_0_0_V,2,579,4
head_0_0_V,2,578,2
head_0_0_V,2,577,6
head_0_0_V,2,576,2
head_0_0_V,2,575,8
head_0_0_V,2,574,5
head_0_0_V,2,573,5
head_0_0_V,2,572,5
head_0_0_V,2,571,6
head_0_0_V,2,570,3
head_0_0_V,2,569,4
head_0_0_V,2,568,3
head_0_0_V,2,567,5
head_0_0_V,2,566,3
head_0_0_V,2,565,10
head_0_0_V,2,564,6
head_0_0_V,2,563,9
head_0_0_V,2,562,7
head_0_0_V,2,561,4
head_0_0_V,2,560,4
head_0_0_V,2,559,4
head_0_0_V,2,558,4
head_0_0_V,2,557,3
head_0_0_V,2,556,3
head_0_0_V,2,555,6
head_0_0_V,2,554,5
head_0_0_V,2,553,5
head_0_0_V,2,552,7
head_0_0_V,2,551,5
head_0_0_V,2,550,9
head_0_0_V,2,549,5
head_0_0_V,2,548,10
head_0_0_V,2,547,3
head_0_0_V,2,546,5
head_0_0_V,2,545,2
head_0_0_V,2,544,5
head_0_0_V,2,543,2
head_0_0_V,2,542,3
head_0_0_V,2,541,8
head_0_0_V,2,540,5
head_0_0_V,2,539,4
head_0_0_V,2,538,5
head_0_0_V,2,537,7
head_0_0_V,2,536,7
head_0_0_V,2,535,4
head_0_0_V,2,534,6
head_0_0_V,2,533,3
head_0_0_V,2,532,8
head_0_0_V,2,531,5
head_0_0_V,2,530,6
head_0_0_V,2,529,10
head_0_0_V,2,528,4
head_0_0_V,2,527,5
head_0_0_V,2,526,8
head_0_0_V,2,525,2
head_0_0_V,2,524,2
head_0_0_V,2,523,5
head_0_0_V,2,522,6
head_0_0_V,2,521,4
head_0_0_V,2,520,1
head_0_0_V,2,519,4
head_0_0_V,2,518,4
head_0_0_V,2,517,5
head_0_0_V,2,516,6
head_0_0_V,2,515,5
head_0_0_V,2,514,2
head_0_0_V,2,513,3
head_0_0_V,2,512,5
head_0_0_V,2,511,3
head_0_0_V,2,510,5
head_0_0_V,2,509,6
head_0_0_V,2,508,5
head_0_0_V,2,507,5
head_0_0_V,2,506,3
head_0_0_V,2,505,3
head_0_0_V,2,504,7
head_0_0_V,2,503,5
head_0_0_V,2,502,9
head_0_0_V,2,501,9
head_0_0_V,2,500,3
head_0_0_V,2,499,6
head_0_0_V,2,498,6
head_0_0_V,2,497,2
head_0_0_V,2,496,3
head_0_0_V,2,495,3
head_0_0_V,2,494,7
head_0_0_V,2,493,8
head_0_0_V,2,492,4
head_0_0_V,2,491,4
head_0_0_V,2,490,6
head_0_0_V,2,489,7
head_0_0_V,2,488,5
head_0_0_V,2,487,3
head_0_0_V,2,486,3
head_0_0_V,2,485,5
head_0_0_V,2,484,7
head_0_0_V,2,483,7
head_0_0_V,2,482,3
head_0_0_V,2,481,7
head_0_0_V,2,480,6
head_0_0_V,2,479,10
head_0_0_V,2,478,7
head_0_0_V,2,477,3
head_0_0_V,2,476,3
head_0_0_V,2,475,3
head_0_0_V,2,474,7
head_0_0_V,2,473,3
head_0_0_V,2,472,5
head_0_0_V,2,471,7
head_0_0_V,2,470,3
head_0_0_V,2,469,2
head_0_0_V,2,468,7
head_0_0_V,2,467,6
head_0_0_V,2,466,16
head_0_0_V,2,465,8
head_0_0_V,2,464,8
head_0_0_V,2,463,6
head_0_0_V,2,462,2
head_0_0_V,2,461,9
head_0_0_V,2,460,11
head_0_0_V,2,459,8
head_0_0_V,2,458,3
head_0_0_V,2,457,3
head_0_0_V,2,456,5
head_0_0_V,2,455,8
head_0_0_V,2,454,4
head_0_0_V,2,453,2
head_0_0_V,2,452,8
head_0_0_V,2,451,2
head_0_0_V,2,450,3
head_0_0_V,2,449,8
head_0_0_V,2,448,7
head_0_0_V,2,447,10
head_0_0_V,2,446,4
head_0_0_V,2,445,7
head_0_0_V,2,444,7
head_0_0_V,2,443,1
head_0_0_V,2,442,5
head_0_0_V,2,441,8
head_0_0_V,2,440,5
head_0_0_V,2,439,8
head_0_0_V,2,438,10
head_0_0_V,2,437,6
head_0_0_V,2,436,10
head_0_0_V,2,435,3
head_0_0_V,2,434,7
head_0_0_V,2,433,7
head_0_0_V,2,432,8
head_0_0_V,2,431,12
head_0_0_V,2,430,7
head_0_0_V,2,429,9
head_0_0_V,2,428,6
head_0_0_V,2,427,7
head_0_0_V,2,426,11
head_0_0_V,2,425,5
head_0_0_V,2,424,6
head_0_0_V,2,423,8
head_0_0_V,2,422,8
head_0_0_V,2,421,10
head_0_0_V,2,420,4
head_0_0_V,2,419,7
head_0_0_V,2,418,7
head_0_0_V,2,417,12
head_0_0_V,2,416,9
head_0_0_V,2,415,8
head_0_0_V,2,414,9
head_0_0_V,2,413,6
head_0_0_V,2,412,5
head_0_0_V,2,411,8
head_0_0_V,2,410,8
head_0_0_V,2,409,12
head_0_0_V,2,408,12
head_0_0_V,2,407,10
head_0_0_V,2,406,8
head_0_0_V,2,405,9
head_0_0_V,2,404,15
head_0_0_V,2,403,3
head_0_0_V,2,402,13
head_0_0_V,2,401,9
head_0_0_V,2,400,10
head_0_0_V,2,399,8
head_0_0_V,2,398,8
head_0_0_V,2,397,10
head_0_0_V,2,396,4
head_0_0_V,2,395,9
head_0_0_V,2,394,6
head_0_0_V,2,393,14
head_0_0_V,2,392,14
head_0_0_V,2,391,11
head_0_0_V,2,390,9
head_0_0_V,2,389,13
head_0_0_V,2,388,9
head_0_0_V,2,387,10
head_0_0_V,2,386,14
head_0_0_V,2,385,9
head_0_0_V,2,384,10
head_0_0_V,2,383,7
head_0_0_V,2,382,9
head_0_0_V,2,381,7
head_0_0_V,2,380,5
head_0_0_V,2,379,12
head_0_0_V,2,378,8
head_0_0_V,2,377,9
head_0_0_V,2,376,13
head_0_0_V,2,375,11
head_0_0_V,2,374,6
head_0_0_V,2,373,5
head_0_0_V,2,372,8
head_0_0_V,2,371,8
head_0_0_V,2,370,8
head_0_0_V,2,369,11
head_0_0_V,2,368,13
head_0_0_V,2,367,8
head_0_0_V,2,366,9
head_0_0_V,2,365,6
head_0_0_V,2,364,14
head_0_0_V,2,363,8
head_0_0_V,2,362,8
head_0_0_V,2,361,7
head_0_0_V,2,360,13
head_0_0_V,2,359,14
head_0_0_V,2,358,4
head_0_0_V,2,357,9
head_0_0_V,2,356,13
head_0_0_V,2,355,8
head_0_0_V,2,354,8
head_0_0_V,2,353,12
head_0_0_V,2,352,18
head_0_0_V,2,351,14
head_0_0_V,2,350,10
head_0_0_V,2,349,7
head_0_0_V,2,348,10
head_0_0_V,2,347,14
head_0_0_V,2,346,10
head_0_0_V,2,345,17
head_0_0_V,2,344,12
head_0_0_V,2,343,7
head_0_0_V,2,342,13
head_0_0_V,2,341,10
head_0_0_V,2,340,10
head_0_0_V,2,339,4
head_0_0_V,2,338,10
head_0_0_V,2,337,11
head_0_0_V,2,336,6
head_0_0_V,2,335,8
head_0_0_V,2,334,7
head_0_0_V,2,333,8
head_0_0_V,2,332,10
head_0_0_V,2,331,19
head_0_0_V,2,330,12
head_0_0_V,2,329,14
head_0_0_V,2,328,19
head_0_0_V,2,327,11
head_0_0_V,2,326,11
head_0_0_V,2,325,13
head_0_0_V,2,324,15
head_0_0_V,2,323,12
head_0_0_V,2,322,18
head_0_0_V,2,321,19
head_0_0_V,2,320,12
head_0_0_V,2,319,16
head_0_0_V,2,318,13
head_0_0_V,2,317,17
head_0_0_V,2,316,14
head_0_0_V,2,315,9
head_0_0_V,2,314,9
head_0_0_V,2,313,19
head_0_0_V,2,312,12
head_0_0_V,2,311,14
head_0_0_V,2,310,17
head_0_0_V,2,309,10
head_0_0_V,2,308,15
head_0_0_V,2,307,14
head_0_0_V,2,306,13
head_0_0_V,2,305,16
head_0_0_V,2,304,9
head_0_0_V,2,303,9
head_0_0_V,2,302,10
head_0_0_V,2,301,21
head_0_0_V,2,300,11
head_0_0_V,2,299,14
head_0_0_V,2,298,17
head_0_0_V,2,297,18
head_0_0_V,2,296,18
head_0_0_V,2,295,15
head_0_0_V,2,294,16
head_0_0_V,2,293,13
head_0_0_V,2,292,15
head_0_0_V,2,291,12
head_0_0_V,2,290,9
head_0_0_V,2,289,16
head_0_0_V,2,288,18
head_0_0_V,2,287,18
head_0_0_V,2,286,5
head_0_0_V,2,285,11
head_0_0_V,2,284,22
head_0_0_V,2,283,19
head_0_0_V,2,282,10
head_0_0_V,2,281,16
head_0_0_V,2,280,15
head_0_0_V,2,279,16
head_0_0_V,2,278,15
head_0_0_V,2,277,10
head_0_0_V,2,276,13
head_0_0_V,2,275,19
head_0_0_V,2,274,17
head_0_0_V,2,273,20
head_0_0_V,2,272,19
head_0_0_V,2,271,38
head_0_0_V,2,270,15
head_0_0_V,2,269,19
head_0_0_V,2,268,15
head_0_0_V,2,267,21
head_0_0_V,2,266,15
head_0_0_V,2,265,17
head_0_0_V,2,264,18
head_0_0_V,2,263,14
head_0_0_V,2,262,17
head_0_0_V,2,261,14
head_0_0_V,2,260,17
head_0_0_V,2,259,12
head_0_0_V,2,258,13
head_0_0_V,2,257,15
head_0_0_V,2,256,26
head_0_0_V,2,255,17
head_0_0_V,2,254,13
head_0_0_V,2,253,18
head_0_0_V,2,252,18
head_0_0_V,2,251,20
head_0_0_V,2,250,16
head_0_0_V,2,249,19
head_0_0_V,2,248,33
head_0_0_V,2,247,17
head_0_0_V,2,246,27
head_0_0_V,2,245,18
head_0_0_V,2,244,12
head_0_0_V,2,243,21
head_0_0_V,2,242,20
head_0_0_V,2,241,12
head_0_0_V,2,240,21
head_0_0_V,2,239,19
head_0_0_V,2,238,19
head_0_0_V,2,237,38
head_0_0_V,2,236,24
head_0_0_V,2,235,21
head_0_0_V,2,234,23
head_0_0_V,2,233,15
head_0_0_V,2,232,20
head_0_0_V,2,231,16
head_0_0_V,2,230,21
head_0_0_V,2,229,13
head_0_0_V,2,228,35
head_0_0_V,2,227,19
head_0_0_V,2,226,27
head_0_0_V,2,225,25
head_0_0_V,2,224,22
head_0_0_V,2,223,31
head_0_0_V,2,222,35
head_0_0_V,2,221,22
head_0_0_V,2,220,30
head_0_0_V,2,219,26
head_0_0_V,2,218,22
head_0_0_V,2,217,32
head_0_0_V,2,216,17
head_0_0_V,2,215,22
head_0_0_V,2,214,20
head_0_0_V,2,213,28
head_0_0_V,2,212,15
head_0_0_V,2,211,30
head_0_0_V,2,210,24
head_0_0_V,2,209,18
head_0_0_V,2,208,29
head_0_0_V,2,207,28
head_0_0_V,2,206,30
head_0_0_V,2,205,28
head_0_0_V,2,204,22
head_0_0_V,2,203,28
head_0_0_V,2,202,30
head_0_0_V,2,201,35
head_0_0_V,2,200,23
head_0_0_V,2,199,23
head_0_0_V,2,198,32
head_0_0_V,2,197,31
head_0_0_V,2,196,30
head_0_0_V,2,195,23
head_0_0_V,2,194,28
head_0_0_V,2,193,23
head_0_0_V,2,192,41
head_0_0_V,2,191,30
head_0_0_V,2,190,37
head_0_0_V,2,189,29
head_0_0_V,2,188,40
head_0_0_V,2,187,36
head_0_0_V,2,186,36
head_0_0_V,2,185,33
head_0_0_V,2,184,26
head_0_0_V,2,183,31
head_0_0_V,2,182,27
head_0_0_V,2,181,22
head_0_0_V,2,180,34
head_0_0_V,2,179,35
head_0_0_V,2,178,34
head_0_0_V,2,177,36
head_0_0_V,2,176,41
head_0_0_V,2,175,47
head_0_0_V,2,174,30
head_0_0_V,2,173,36
head_0_0_V,2,172,33
head_0_0_V,2,171,30
head_0_0_V,2,170,51
head_0_0_V,2,169,36
head_0_0_V,2,168,34
head_0_0_V,2,167,38
head_0_0_V,2,166,46
head_0_0_V,2,165,43
head_0_0_V,2,164,44
head_0_0_V,2,163,32
head_0_0_V,2,162,50
head_0_0_V,2,161,50
head_0_0_V,2,160,46
head_0_0_V,2,159,37
head_0_0_V,2,158,41
head_0_0_V,2,157,33
head_0_0_V,2,156,50
head_0_0_V,2,155,43
head_0_0_V,2,154,50
head_0_0_V,2,153,50
head_0_0_V,2,152,49
head_0_0_V,2,151,47
head_0_0_V,2,150,40
head_0_0_V,2,149,46
head_0_0_V,2,148,50
head_0_0_V,2,147,48
head_0_0_V,2,146,48
head_0_0_V,2,145,36
head_0_0_V,2,144,43
head_0_0_V,2,143,42
head_0_0_V,2,142,42
head_0_0_V,2,141,53
head_0_0_V,2,140,46
head_0_0_V,2,139,48
head_0_0_V,2,138,49
head_0_0_V,2,137,49
head_0_0_V,2,136,62
head_0_0_V,2,135,52
head_0_0_V,2,134,52
head_0_0_V,2,133,50
head_0_0_V,2,132,55
head_0_0_V,2,131,42
head_0_0_V,2,130,57
head_0_0_V,2,129,48
head_0_0_V,2,128,45
head_0_0_V,2,127,59
head_0_0_V,2,126,61
head_0_0_V,2,125,56
head_0_0_V,2,124,58
head_0_0_V,2,123,66
head_0_0_V,2,122,68
head_0_0_V,2,121,58
head_0_0_V,2,120,52
head_0_0_V,2,119,62
head_0_0_V,2,118,70
head_0_0_V,2,117,56
head_0_0_V,2,116,80
head_0_0_V,2,115,73
head_0_0_V,2,114,72
head_0_0_V,2,113,64
head_0_0_V,2,112,68
head_0_0_V,2,111,56
head_0_0_V,2,110,78
head_0_0_V,2,109,81
head_0_0_V,2,108,71
head_0_0_V,2,107,85
head_0_0_V,2,106,68
head_0_0_V,2,105,79
head_0_0_V,2,104,92
head_0_0_V,2,103,79
head_0_0_V,2,102,73
head_0_0_V,2,101,79
head_0_0_V,2,100,79
head_0_0_V,2,99,78
head_0_0_V,2,98,71
head_0_0_V,2,97,92
head_0_0_V,2,96,91
head_0_0_V,2,95,93
head_0_0_V,2,94,82
head_0_0_V,2,93,89
head_0_0_V,2,92,89
head_0_0_V,2,91,104
head_0_0_V,2,90,89
head_0_0_V,2,89,100
head_0_0_V,2,88,99
head_0_0_V,2,87,88
head_0_0_V,2,86,88
head_0_0_V,2,85,95
head_0_0_V,2,84,75
head_0_0_V,2,83,108
head_0_0_V,2,82,102
head_0_0_V,2,81,102
head_0_0_V,2,80,112
head_0_0_V,2,79,92
head_0_0_V,2,78,127
head_0_0_V,2,77,119
head_0_0_V,2,76,114
head_0_0_V,2,75,121
head_0_0_V,2,74,120
head_0_0_V,2,73,103
head_0_0_V,2,72,123
head_0_0_V,2,71,147
head_0_0_V,2,70,134
head_0_0_V,2,69,131
head_0_0_V,2,68,130
head_0_0_V,2,67,110
head_0_0_V,2,66,138
head_0_0_V,2,65,170
head_0_0_V,2,64,144
head_0_0_V,2,63,137
head_0_0_V,2,62,137
head_0_0_V,2,61,166
head_0_0_V,2,60,159
head_0_0_V,2,59,185
head_0_0_V,2,58,185
head_0_0_V,2,57,171
head_0_0_V,2,56,176
head_0_0_V,2,55,188
head_0_0_V,2,54,174
head_0_0_V,2,53,203
head_0_0_V,2,52,206
head_0_0_V,2,51,191
head_0_0_V,2,50,197
head_0_0_V,2,49,226
head_0_0_V,2,48,176
head_0_0_V,2,47,233
head_0_0_V,2,46,210
head_0_0_V,2,45,224
head_0_0_V,2,44,270
head_0_0_V,2,43,228
head_0_0_V,2,42,242
head_0_0_V,2,41,290
head_0_0_V,2,40,254
head_0_0_V,2,39,244
head_0_0_V,2,38,243
head_0_0_V,2,37,281
head_0_0_V,2,36,299
head_0_0_V,2,35,297
head_0_0_V,2,34,305
head_0_0_V,2,33,358
head_0_0_V,2,32,319
head_0_0_V,2,31,358
head_0_0_V,2,30,334
head_0_0_V,2,29,371
head_0_0_V,2,28,387
head_0_0_V,2,27,363
head_0_0_V,2,26,368
head_0_0_V,2,25,428
head_0_0_V,2,24,445
head_0_0_V,2,23,429
head_0_0_V,2,22,449
head_0_0_V,2,21,476
head_0_0_V,2,20,514
head_0_0_V,2,19,525
head_0_0_V,2,18,550
head_0_0_V,2,17,576
head_0_0_V,2,16,589
head_0_0_V,2,15,631
head_0_0_V,2,14,720
head_0_0_V,2,13,727
head_0_0_V,2,12,797
head_0_0_V,2,11,761
head_0_0_V,2,10,812
head_0_0_V,2,9,923
head_0_0_V,2,8,939
head_0_0_V,2,7,942
head_0_0_V,2,6,1009
head_0_0_V,2,5,1200
head_0_0_V,2,4,1241
head_0_0_V,2,3,1281
head_0_0_V,2,2,1373
head_0_0_V,2,1,1324
head_0_0_V,2,0,21715
head_0_0_V,3,29723,1
head_0_0_V,3,29489,1
head_0_0_V,3,20811,1
head_0_0_V,3,19648,1
head_0_0_V,3,19061,1
head_0_0_V,3,18891,1
head_0_0_V,3,18780,1
head_0_0_V,3,17021,1
head_0_0_V,3,12463,1
head_0_0_V,3,11647,1
head_0_0_V,3,11370,1
head_0_0_V,3,11139,1
head_0_0_V,3,10882,1
head_0_0_V,3,10675,1
head_0_0_V,3,10602,1
head_0_0_V,3,10577,1
head_0_0_V,3,10072,1
head_0_0_V,3,9992,1
head_0_0_V,3,9657,1
head_0_0_V,3,8931,1
head_0_0_V,3,8863,1
head_0_0_V,3,8118,1
head_0_0_V,3,8074,1
head_0_0_V,3,7839,1
head_0_0_V,3,7603,1
head_0_0_V,3,7534,1
head_0_0_V,3,7418,1
head_0_0_V,3,7303,1
head_0_0_V,3,7263,1
head_0_0_V,3,7226,1
head_0_0_V,3,7068,1
head_0_0_V,3,7043,1
head_0_0_V,3,6962,1
head_0_0_V,3,6758,1
head_0_0_V,3,6723,1
head_0_0_V,3,6657,1
head_0_0_V,3,6650,1
head_0_0_V,3,6622,1
head_0_0_V,3,6486,1
head_0_0_V,3,6321,1
head_0_0_V,3,6271,1
head_0_0_V,3,6257,1
head_0_0_V,3,6140,1
head_0_0_V,3,6050,1
head_0_0_V,3,6034,1
head_0_0_V,3,6033,1
head_0_0_V,3,5995,1
head_0_0_V,3,5968,1
head_0_0_V,3,5904,1
head_0_0_V,3,5851,1
head_0_0_V,3,5755,1
head_0_0_V,3,5654,1
head_0_0_V,3,5628,1
head_0_0_V,3,5565,1
head_0_0_V,3,5541,1
head_0_0_V,3,5508,1
head_0_0_V,3,5506,1
head_0_0_V,3,5448,1
head_0_0_V,3,5249,1
head_0_0_V,3,5226,1
head_0_0_V,3,5220,1
head_0_0_V,3,5213,1
head_0_0_V,3,5153,1
head_0_0_V,3,5130,1
head_0_0_V,3,5127,1
head_0_0_V,3,5106,1
head_0_0_V,3,5056,1
head_0_0_V,3,4966,1
head_0_0_V,3,4948,2
head_0_0_V,3,4938,1
head_0_0_V,3,4925,1
head_0_0_V,3,4910,1
head_0_0_V,3,4840,1
head_0_0_V,3,4834,1
head_0_0_V,3,4804,1
head_0_0_V,3,4711,1
head_0_0_V,3,4703,1
head_0_0_V,3,4662,1
head_0_0_V,3,4660,1
head_0_0_V,3,4645,1
head_0_0_V,3,4481,1
head_0_0_V,3,4474,1
head_0_0_V,3,4426,1
head_0_0_V,3,4322,1
head_0_0_V,3,4279,1
head_0_0_V,3,4266,1
head_0_0_V,3,4261,1
head_0_0_V,3,4163,1
head_0_0_V,3,4159,1
head_0_0_V,3,4134,1
head_0_0_V,3,4128,1
head_0_0_V,3,4121,1
head_0_0_V,3,4107,1
head_0_0_V,3,4102,1
head_0_0_V,3,4040,1
head_0_0_V,3,4030,1
head_0_0_V,3,4020,1
head_0_0_V,3,4017,1
head_0_0_V,3,3946,1
head_0_0_V,3,3941,1
head_0_0_V,3,3918,1
head_0_0_V,3,3900,1
head_0_0_V,3,3892,1
head_0_0_V,3,3860,1
head_0_0_V,3,3854,1
head_0_0_V,3,3836,1
head_0_0_V,3,3827,1
head_0_0_V,3,3802,1
head_0_0_V,3,3790,1
head_0_0_V,3,3786,1
head_0_0_V,3,3769,1
head_0_0_V,3,3759,1
head_0_0_V,3,3672,1
head_0_0_V,3,3629,1
head_0_0_V,3,3621,1
head_0_0_V,3,3613,1
head_0_0_V,3,3607,1
head_0_0_V,3,3598,1
head_0_0_V,3,3583,1
head_0_0_V,3,3553,1
head_0_0_V,3,3546,1
head_0_0_V,3,3541,1
head_0_0_V,3,3523,1
head_0_0_V,3,3504,1
head_0_0_V,3,3503,1
head_0_0_V,3,3502,1
head_0_0_V,3,3490,1
head_0_0_V,3,3481,1
head_0_0_V,3,3471,1
head_0_0_V,3,3463,1
head_0_0_V,3,3424,1
head_0_0_V,3,3415,2
head_0_0_V,3,3411,1
head_0_0_V,3,3394,2
head_0_0_V,3,3385,1
head_0_0_V,3,3374,1
head_0_0_V,3,3357,1
head_0_0_V,3,3341,1
head_0_0_V,3,3333,1
head_0_0_V,3,3321,1
head_0_0_V,3,3291,1
head_0_0_V,3,3285,1
head_0_0_V,3,3275,1
head_0_0_V,3,3267,1
head_0_0_V,3,3254,1
head_0_0_V,3,3243,1
head_0_0_V,3,3205,1
head_0_0_V,3,3203,1
head_0_0_V,3,3197,1
head_0_0_V,3,3186,1
head_0_0_V,3,3139,1
head_0_0_V,3,3129,1
head_0_0_V,3,3122,1
head_0_0_V,3,3113,1
head_0_0_V,3,3096,1
head_0_0_V,3,3092,1
head_0_0_V,3,3088,1
head_0_0_V,3,3078,1
head_0_0_V,3,3059,1
head_0_0_V,3,3053,1
head_0_0_V,3,3038,2
head_0_0_V,3,3004,1
head_0_0_V,3,2999,1
head_0_0_V,3,2995,1
head_0_0_V,3,2992,1
head_0_0_V,3,2990,1
head_0_0_V,3,2989,1
head_0_0_V,3,2988,1
head_0_0_V,3,2985,1
head_0_0_V,3,2981,1
head_0_0_V,3,2970,1
head_0_0_V,3,2962,1
head_0_0_V,3,2961,1
head_0_0_V,3,2956,1
head_0_0_V,3,2955,1
head_0_0_V,3,2949,1
head_0_0_V,3,2927,1
head_0_0_V,3,2912,1
head_0_0_V,3,2908,1
head_0_0_V,3,2884,1
head_0_0_V,3,2881,1
head_0_0_V,3,2871,1
head_0_0_V,3,2865,1
head_0_0_V,3,2863,1
head_0_0_V,3,2862,1
head_0_0_V,3,2861,1
head_0_0_V,3,2848,1
head_0_0_V,3,2812,1
head_0_0_V,3,2811,1
head_0_0_V,3,2790,1
head_0_0_V,3,2788,1
head_0_0_V,3,2787,1
head_0_0_V,3,2784,1
head_0_0_V,3,2773,1
head_0_0_V,3,2768,1
head_0_0_V,3,2756,1
head_0_0_V,3,2740,1
head_0_0_V,3,2736,1
head_0_0_V,3,2735,1
head_0_0_V,3,2706,1
head_0_0_V,3,2701,1
head_0_0_V,3,2698,1
head_0_0_V,3,2693,1
head_0_0_V,3,2690,1
head_0_0_V,3,2681,1
head_0_0_V,3,2667,2
head_0_0_V,3,2642,1
head_0_0_V,3,2583,1
head_0_0_V,3,2573,1
head_0_0_V,3,2571,1
head_0_0_V,3,2566,2
head_0_0_V,3,2560,1
head_0_0_V,3,2552,2
head_0_0_V,3,2536,1
head_0_0_V,3,2535,1
head_0_0_V,3,2530,1
head_0_0_V,3,2526,1
head_0_0_V,3,2522,2
head_0_0_V,3,2504,2
head_0_0_V,3,2499,1
head_0_0_V,3,2496,1
head_0_0_V,3,2494,1
head_0_0_V,3,2489,1
head_0_0_V,3,2462,1
head_0_0_V,3,2458,1
head_0_0_V,3,2436,1
head_0_0_V,3,2404,1
head_0_0_V,3,2398,1
head_0_0_V,3,2394,1
head_0_0_V,3,2393,1
head_0_0_V,3,2392,1
head_0_0_V,3,2380,1
head_0_0_V,3,2373,1
head_0_0_V,3,2372,1
head_0_0_V,3,2369,1
head_0_0_V,3,2366,1
head_0_0_V,3,2354,1
head_0_0_V,3,2347,1
head_0_0_V,3,2345,1
head_0_0_V,3,2343,1
head_0_0_V,3,2328,1
head_0_0_V,3,2312,1
head_0_0_V,3,2311,1
head_0_0_V,3,2309,1
head_0_0_V,3,2307,1
head_0_0_V,3,2292,1
head_0_0_V,3,2289,1
head_0_0_V,3,2282,1
head_0_0_V,3,2263,1
head_0_0_V,3,2262,1
head_0_0_V,3,2241,1
head_0_0_V,3,2233,1
head_0_0_V,3,2232,1
head_0_0_V,3,2224,1
head_0_0_V,3,2210,1
head_0_0_V,3,2199,1
head_0_0_V,3,2194,1
head_0_0_V,3,2184,1
head_0_0_V,3,2173,1
head_0_0_V,3,2172,1
head_0_0_V,3,2164,1
head_0_0_V,3,2160,1
head_0_0_V,3,2136,1
head_0_0_V,3,2134,1
head_0_0_V,3,2128,1
head_0_0_V,3,2120,1
head_0_0_V,3,2108,1
head_0_0_V,3,2106,1
head_0_0_V,3,2099,1
head_0_0_V,3,2085,1
head_0_0_V,3,2079,1
head_0_0_V,3,2076,1
head_0_0_V,3,2072,1
head_0_0_V,3,2068,1
head_0_0_V,3,2065,2
head_0_0_V,3,2064,1
head_0_0_V,3,2063,1
head_0_0_V,3,2062,1
head_0_0_V,3,2046,1
head_0_0_V,3,2045,1
head_0_0_V,3,2040,1
head_0_0_V,3,2038,1
head_0_0_V,3,2029,1
head_0_0_V,3,2024,1
head_0_0_V,3,2019,1
head_0_0_V,3,2016,1
head_0_0_V,3,2015,1
head_0_0_V,3,2012,2
head_0_0_V,3,2007,1
head_0_0_V,3,2005,1
head_0_0_V,3,2004,1
head_0_0_V,3,2001,2
head_0_0_V,3,2000,1
head_0_0_V,3,1998,1
head_0_0_V,3,1994,1
head_0_0_V,3,1986,1
head_0_0_V,3,1984,1
head_0_0_V,3,1982,1
head_0_0_V,3,1979,1
head_0_0_V,3,1976,1
head_0_0_V,3,1975,1
head_0_0_V,3,1970,1
head_0_0_V,3,1969,1
head_0_0_V,3,1967,1
head_0_0_V,3,1966,1
head_0_0_V,3,1957,1
head_0_0_V,3,1947,1
head_0_0_V,3,1946,1
head_0_0_V,3,1942,1
head_0_0_V,3,1939,1
head_0_0_V,3,1931,1
head_0_0_V,3,1930,1
head_0_0_V,3,1927,1
head_0_0_V,3,1919,1
head_0_0_V,3,1916,1
head_0_0_V,3,1915,5
head_0_0_V,3,1914,1
head_0_0_V,3,1900,2
head_0_0_V,3,1895,1
head_0_0_V,3,1885,1
head_0_0_V,3,1883,1
head_0_0_V,3,1882,2
head_0_0_V,3,1881,1
head_0_0_V,3,1877,1
head_0_0_V,3,1862,1
head_0_0_V,3,1858,1
head_0_0_V,3,1851,1
head_0_0_V,3,1849,1
head_0_0_V,3,1845,1
head_0_0_V,3,1842,1
head_0_0_V,3,1841,1
head_0_0_V,3,1831,1
head_0_0_V,3,1829,1
head_0_0_V,3,1819,2
head_0_0_V,3,1816,1
head_0_0_V,3,1809,1
head_0_0_V,3,1806,3
head_0_0_V,3,1804,1
head_0_0_V,3,1802,1
head_0_0_V,3,1797,2
head_0_0_V,3,1795,1
head_0_0_V,3,1793,1
head_0_0_V,3,1790,1
head_0_0_V,3,1786,1
head_0_0_V,3,1783,1
head_0_0_V,3,1781,1
head_0_0_V,3,1771,1
head_0_0_V,3,1770,2
head_0_0_V,3,1762,1
head_0_0_V,3,1761,2
head_0_0_V,3,1749,3
head_0_0_V,3,1746,1
head_0_0_V,3,1745,2
head_0_0_V,3,1742,1
head_0_0_V,3,1741,1
head_0_0_V,3,1735,2
head_0_0_V,3,1731,1
head_0_0_V,3,1729,1
head_0_0_V,3,1724,1
head_0_0_V,3,1720,1
head_0_0_V,3,1716,1
head_0_0_V,3,1715,1
head_0_0_V,3,1711,1
head_0_0_V,3,1702,1
head_0_0_V,3,1693,1
head_0_0_V,3,1685,1
head_0_0_V,3,1684,2
head_0_0_V,3,1682,1
head_0_0_V,3,1679,1
head_0_0_V,3,1678,1
head_0_0_V,3,1676,2
head_0_0_V,3,1671,1
head_0_0_V,3,1670,1
head_0_0_V,3,1664,1
head_0_0_V,3,1659,2
head_0_0_V,3,1657,3
head_0_0_V,3,1655,1
head_0_0_V,3,1650,1
head_0_0_V,3,1648,1
head_0_0_V,3,1646,1
head_0_0_V,3,1640,1
head_0_0_V,3,1638,2
head_0_0_V,3,1635,1
head_0_0_V,3,1634,1
head_0_0_V,3,1633,1
head_0_0_V,3,1630,1
head_0_0_V,3,1629,3
head_0_0_V,3,1617,2
head_0_0_V,3,1612,1
head_0_0_V,3,1602,1
head_0_0_V,3,1600,1
head_0_0_V,3,1598,1
head_0_0_V,3,1597,1
head_0_0_V,3,1595,1
head_0_0_V,3,1589,1
head_0_0_V,3,1587,2
head_0_0_V,3,1581,1
head_0_0_V,3,1580,1
head_0_0_V,3,1578,1
head_0_0_V,3,1576,1
head_0_0_V,3,1573,1
head_0_0_V,3,1572,1
head_0_0_V,3,1571,3
head_0_0_V,3,1569,1
head_0_0_V,3,1566,1
head_0_0_V,3,1561,1
head_0_0_V,3,1557,1
head_0_0_V,3,1553,1
head_0_0_V,3,1552,2
head_0_0_V,3,1551,2
head_0_0_V,3,1549,2
head_0_0_V,3,1548,1
head_0_0_V,3,1546,1
head_0_0_V,3,1540,1
head_0_0_V,3,1536,1
head_0_0_V,3,1534,2
head_0_0_V,3,1533,1
head_0_0_V,3,1532,1
head_0_0_V,3,1530,1
head_0_0_V,3,1529,1
head_0_0_V,3,1527,1
head_0_0_V,3,1525,2
head_0_0_V,3,1521,1
head_0_0_V,3,1516,1
head_0_0_V,3,1513,1
head_0_0_V,3,1510,1
head_0_0_V,3,1505,1
head_0_0_V,3,1504,1
head_0_0_V,3,1502,1
head_0_0_V,3,1500,1
head_0_0_V,3,1499,1
head_0_0_V,3,1498,1
head_0_0_V,3,1495,2
head_0_0_V,3,1493,1
head_0_0_V,3,1492,1
head_0_0_V,3,1491,1
head_0_0_V,3,1490,1
head_0_0_V,3,1488,1
head_0_0_V,3,1487,1
head_0_0_V,3,1484,1
head_0_0_V,3,1483,1
head_0_0_V,3,1479,1
head_0_0_V,3,1477,1
head_0_0_V,3,1475,1
head_0_0_V,3,1468,1
head_0_0_V,3,1466,1
head_0_0_V,3,1463,1
head_0_0_V,3,1462,1
head_0_0_V,3,1461,2
head_0_0_V,3,1455,1
head_0_0_V,3,1453,1
head_0_0_V,3,1451,1
head_0_0_V,3,1449,1
head_0_0_V,3,1446,2
head_0_0_V,3,1444,2
head_0_0_V,3,1443,1
head_0_0_V,3,1442,1
head_0_0_V,3,1440,3
head_0_0_V,3,1435,2
head_0_0_V,3,1434,2
head_0_0_V,3,1433,2
head_0_0_V,3,1425,1
head_0_0_V,3,1424,1
head_0_0_V,3,1423,1
head_0_0_V,3,1421,1
head_0_0_V,3,1418,1
head_0_0_V,3,1416,1
head_0_0_V,3,1414,1
head_0_0_V,3,1413,1
head_0_0_V,3,1412,1
head_0_0_V,3,1410,1
head_0_0_V,3,1409,2
head_0_0_V,3,1408,1
head_0_0_V,3,1406,1
head_0_0_V,3,1402,2
head_0_0_V,3,1399,1
head_0_0_V,3,1395,1
head_0_0_V,3,1394,1
head_0_0_V,3,1392,2
head_0_0_V,3,1391,1
head_0_0_V,3,1390,1
head_0_0_V,3,1389,1
head_0_0_V,3,1386,1
head_0_0_V,3,1384,1
head_0_0_V,3,1382,1
head_0_0_V,3,1379,1
head_0_0_V,3,1378,1
head_0_0_V,3,1375,2
head_0_0_V,3,1374,2
head_0_0_V,3,1371,2
head_0_0_V,3,1369,2
head_0_0_V,3,1368,2
head_0_0_V,3,1365,1
head_0_0_V,3,1364,2
head_0_0_V,3,1363,1
head_0_0_V,3,1359,1
head_0_0_V,3,1357,1
head_0_0_V,3,1353,1
head_0_0_V,3,1351,1
head_0_0_V,3,1348,2
head_0_0_V,3,1347,2
head_0_0_V,3,1346,1
head_0_0_V,3,1344,1
head_0_0_V,3,1340,2
head_0_0_V,3,1339,3
head_0_0_V,3,1338,1
head_0_0_V,3,1334,2
head_0_0_V,3,1333,1
head_0_0_V,3,1332,2
head_0_0_V,3,1331,1
head_0_0_V,3,1330,1
head_0_0_V,3,1328,1
head_0_0_V,3,1327,1
head_0_0_V,3,1325,1
head_0_0_V,3,1323,1
head_0_0_V,3,1322,1
head_0_0_V,3,1321,2
head_0_0_V,3,1320,1
head_0_0_V,3,1314,1
head_0_0_V,3,1311,3
head_0_0_V,3,1310,1
head_0_0_V,3,1307,1
head_0_0_V,3,1306,1
head_0_0_V,3,1304,3
head_0_0_V,3,1303,1
head_0_0_V,3,1301,3
head_0_0_V,3,1300,1
head_0_0_V,3,1299,1
head_0_0_V,3,1298,1
head_0_0_V,3,1293,2
head_0_0_V,3,1292,2
head_0_0_V,3,1290,1
head_0_0_V,3,1287,1
head_0_0_V,3,1284,2
head_0_0_V,3,1281,2
head_0_0_V,3,1280,1
head_0_0_V,3,1278,2
head_0_0_V,3,1277,1
head_0_0_V,3,1276,2
head_0_0_V,3,1272,1
head_0_0_V,3,1271,1
head_0_0_V,3,1270,1
head_0_0_V,3,1269,1
head_0_0_V,3,1268,1
head_0_0_V,3,1267,1
head_0_0_V,3,1266,1
head_0_0_V,3,1264,1
head_0_0_V,3,1263,1
head_0_0_V,3,1261,1
head_0_0_V,3,1259,1
head_0_0_V,3,1255,1
head_0_0_V,3,1254,3
head_0_0_V,3,1253,1
head_0_0_V,3,1249,1
head_0_0_V,3,1248,1
head_0_0_V,3,1246,1
head_0_0_V,3,1243,2
head_0_0_V,3,1239,1
head_0_0_V,3,1238,1
head_0_0_V,3,1236,1
head_0_0_V,3,1235,1
head_0_0_V,3,1234,3
head_0_0_V,3,1233,2
head_0_0_V,3,1231,2
head_0_0_V,3,1228,3
head_0_0_V,3,1224,5
head_0_0_V,3,1223,3
head_0_0_V,3,1222,1
head_0_0_V,3,1220,1
head_0_0_V,3,1218,1
head_0_0_V,3,1217,1
head_0_0_V,3,1215,1
head_0_0_V,3,1214,1
head_0_0_V,3,1213,3
head_0_0_V,3,1211,2
head_0_0_V,3,1209,1
head_0_0_V,3,1203,1
head_0_0_V,3,1202,2
head_0_0_V,3,1201,2
head_0_0_V,3,1200,1
head_0_0_V,3,1199,1
head_0_0_V,3,1198,1
head_0_0_V,3,1197,1
head_0_0_V,3,1196,2
head_0_0_V,3,1193,1
head_0_0_V,3,1192,2
head_0_0_V,3,1190,2
head_0_0_V,3,1189,2
head_0_0_V,3,1188,2
head_0_0_V,3,1187,2
head_0_0_V,3,1186,2
head_0_0_V,3,1184,2
head_0_0_V,3,1182,1
head_0_0_V,3,1180,2
head_0_0_V,3,1179,1
head_0_0_V,3,1176,1
head_0_0_V,3,1174,1
head_0_0_V,3,1172,1
head_0_0_V,3,1171,1
head_0_0_V,3,1170,1
head_0_0_V,3,1169,1
head_0_0_V,3,1168,1
head_0_0_V,3,1167,1
head_0_0_V,3,1166,2
head_0_0_V,3,1159,2
head_0_0_V,3,1157,1
head_0_0_V,3,1156,1
head_0_0_V,3,1155,1
head_0_0_V,3,1152,2
head_0_0_V,3,1151,1
head_0_0_V,3,1148,1
head_0_0_V,3,1147,1
head_0_0_V,3,1145,1
head_0_0_V,3,1144,2
head_0_0_V,3,1141,3
head_0_0_V,3,1140,2
head_0_0_V,3,1139,1
head_0_0_V,3,1138,2
head_0_0_V,3,1137,2
head_0_0_V,3,1136,2
head_0_0_V,3,1134,1
head_0_0_V,3,1132,1
head_0_0_V,3,1131,1
head_0_0_V,3,1130,2
head_0_0_V,3,1129,1
head_0_0_V,3,1128,1
head_0_0_V,3,1125,1
head_0_0_V,3,1123,2
head_0_0_V,3,1122,1
head_0_0_V,3,1120,2
head_0_0_V,3,1119,1
head_0_0_V,3,1118,3
head_0_0_V,3,1116,2
head_0_0_V,3,1114,2
head_0_0_V,3,1111,1
head_0_0_V,3,1110,2
head_0_0_V,3,1109,1
head_0_0_V,3,1107,2
head_0_0_V,3,1106,2
head_0_0_V,3,1105,4
head_0_0_V,3,1104,4
head_0_0_V,3,1101,2
head_0_0_V,3,1097,1
head_0_0_V,3,1096,1
head_0_0_V,3,1095,2
head_0_0_V,3,1094,2
head_0_0_V,3,1093,1
head_0_0_V,3,1091,2
head_0_0_V,3,1088,1
head_0_0_V,3,1086,1
head_0_0_V,3,1085,1
head_0_0_V,3,1084,1
head_0_0_V,3,1083,2
head_0_0_V,3,1081,2
head_0_0_V,3,1080,1
head_0_0_V,3,1078,1
head_0_0_V,3,1074,1
head_0_0_V,3,1073,2
head_0_0_V,3,1072,2
head_0_0_V,3,1071,2
head_0_0_V,3,1070,1
head_0_0_V,3,1066,1
head_0_0_V,3,1065,1
head_0_0_V,3,1062,1
head_0_0_V,3,1061,1
head_0_0_V,3,1059,2
head_0_0_V,3,1058,2
head_0_0_V,3,1057,2
head_0_0_V,3,1056,1
head_0_0_V,3,1055,1
head_0_0_V,3,1054,1
head_0_0_V,3,1053,1
head_0_0_V,3,1051,1
head_0_0_V,3,1049,2
head_0_0_V,3,1048,1
head_0_0_V,3,1047,1
head_0_0_V,3,1045,3
head_0_0_V,3,1044,2
head_0_0_V,3,1043,3
head_0_0_V,3,1042,3
head_0_0_V,3,1041,3
head_0_0_V,3,1037,1
head_0_0_V,3,1036,2
head_0_0_V,3,1035,2
head_0_0_V,3,1034,2
head_0_0_V,3,1033,3
head_0_0_V,3,1032,1
head_0_0_V,3,1031,2
head_0_0_V,3,1030,1
head_0_0_V,3,1029,1
head_0_0_V,3,1027,1
head_0_0_V,3,1026,1
head_0_0_V,3,1023,1
head_0_0_V,3,1022,1
head_0_0_V,3,1021,2
head_0_0_V,3,1018,2
head_0_0_V,3,1017,1
head_0_0_V,3,1015,2
head_0_0_V,3,1014,2
head_0_0_V,3,1013,3
head_0_0_V,3,1012,1
head_0_0_V,3,1011,2
head_0_0_V,3,1010,2
head_0_0_V,3,1008,2
head_0_0_V,3,1007,2
head_0_0_V,3,1003,1
head_0_0_V,3,1002,1
head_0_0_V,3,1001,1
head_0_0_V,3,997,2
head_0_0_V,3,995,1
head_0_0_V,3,994,1
head_0_0_V,3,993,3
head_0_0_V,3,991,1
head_0_0_V,3,990,4
head_0_0_V,3,989,2
head_0_0_V,3,988,1
head_0_0_V,3,987,1
head_0_0_V,3,984,3
head_0_0_V,3,983,1
head_0_0_V,3,982,1
head_0_0_V,3,979,1
head_0_0_V,3,978,1
head_0_0_V,3,977,1
head_0_0_V,3,975,1
head_0_0_V,3,974,1
head_0_0_V,3,972,2
head_0_0_V,3,971,1
head_0_0_V,3,970,2
head_0_0_V,3,969,1
head_0_0_V,3,968,2
head_0_0_V,3,967,2
head_0_0_V,3,966,1
head_0_0_V,3,965,1
head_0_0_V,3,963,1
head_0_0_V,3,962,2
head_0_0_V,3,961,2
head_0_0_V,3,959,3
head_0_0_V,3,958,1
head_0_0_V,3,957,2
head_0_0_V,3,955,1
head_0_0_V,3,954,3
head_0_0_V,3,949,4
head_0_0_V,3,948,2
head_0_0_V,3,946,1
head_0_0_V,3,945,1
head_0_0_V,3,944,1
head_0_0_V,3,943,2
head_0_0_V,3,942,1
head_0_0_V,3,941,2
head_0_0_V,3,940,1
head_0_0_V,3,939,2
head_0_0_V,3,938,2
head_0_0_V,3,937,1
head_0_0_V,3,936,1
head_0_0_V,3,935,2
head_0_0_V,3,933,1
head_0_0_V,3,932,2
head_0_0_V,3,931,1
head_0_0_V,3,930,1
head_0_0_V,3,928,1
head_0_0_V,3,927,2
head_0_0_V,3,925,1
head_0_0_V,3,924,3
head_0_0_V,3,923,1
head_0_0_V,3,922,1
head_0_0_V,3,921,1
head_0_0_V,3,920,1
head_0_0_V,3,916,3
head_0_0_V,3,915,3
head_0_0_V,3,914,2
head_0_0_V,3,913,2
head_0_0_V,3,912,3
head_0_0_V,3,910,2
head_0_0_V,3,908,3
head_0_0_V,3,907,1
head_0_0_V,3,906,2
head_0_0_V,3,905,1
head_0_0_V,3,902,2
head_0_0_V,3,901,1
head_0_0_V,3,900,1
head_0_0_V,3,898,1
head_0_0_V,3,897,1
head_0_0_V,3,896,2
head_0_0_V,3,895,3
head_0_0_V,3,894,4
head_0_0_V,3,892,1
head_0_0_V,3,890,1
head_0_0_V,3,889,2
head_0_0_V,3,886,2
head_0_0_V,3,885,2
head_0_0_V,3,884,1
head_0_0_V,3,883,2
head_0_0_V,3,882,2
head_0_0_V,3,881,1
head_0_0_V,3,879,1
head_0_0_V,3,878,1
head_0_0_V,3,877,3
head_0_0_V,3,876,5
head_0_0_V,3,873,1
head_0_0_V,3,872,5
head_0_0_V,3,871,2
head_0_0_V,3,868,1
head_0_0_V,3,866,3
head_0_0_V,3,865,2
head_0_0_V,3,863,3
head_0_0_V,3,862,2
head_0_0_V,3,861,1
head_0_0_V,3,860,3
head_0_0_V,3,859,3
head_0_0_V,3,858,2
head_0_0_V,3,857,1
head_0_0_V,3,856,1
head_0_0_V,3,855,1
head_0_0_V,3,854,5
head_0_0_V,3,853,2
head_0_0_V,3,852,2
head_0_0_V,3,851,1
head_0_0_V,3,850,1
head_0_0_V,3,848,1
head_0_0_V,3,847,2
head_0_0_V,3,846,1
head_0_0_V,3,845,2
head_0_0_V,3,844,2
head_0_0_V,3,841,1
head_0_0_V,3,840,4
head_0_0_V,3,839,1
head_0_0_V,3,838,1
head_0_0_V,3,837,3
head_0_0_V,3,836,2
head_0_0_V,3,835,1
head_0_0_V,3,834,3
head_0_0_V,3,833,5
head_0_0_V,3,832,3
head_0_0_V,3,831,3
head_0_0_V,3,829,2
head_0_0_V,3,828,1
head_0_0_V,3,827,2
head_0_0_V,3,826,2
head_0_0_V,3,825,5
head_0_0_V,3,824,4
head_0_0_V,3,823,1
head_0_0_V,3,822,2
head_0_0_V,3,821,4
head_0_0_V,3,820,3
head_0_0_V,3,819,2
head_0_0_V,3,818,4
head_0_0_V,3,815,1
head_0_0_V,3,814,2
head_0_0_V,3,813,5
head_0_0_V,3,812,2
head_0_0_V,3,811,3
head_0_0_V,3,810,1
head_0_0_V,3,809,1
head_0_0_V,3,807,2
head_0_0_V,3,806,2
head_0_0_V,3,805,2
head_0_0_V,3,804,1
head_0_0_V,3,803,5
head_0_0_V,3,802,3
head_0_0_V,3,801,1
head_0_0_V,3,800,3
head_0_0_V,3,799,5
head_0_0_V,3,798,2
head_0_0_V,3,797,2
head_0_0_V,3,796,2
head_0_0_V,3,795,1
head_0_0_V,3,794,3
head_0_0_V,3,793,2
head_0_0_V,3,792,1
head_0_0_V,3,791,2
head_0_0_V,3,790,3
head_0_0_V,3,789,2
head_0_0_V,3,788,3
head_0_0_V,3,787,1
head_0_0_V,3,786,1
head_0_0_V,3,785,1
head_0_0_V,3,784,1
head_0_0_V,3,783,3
head_0_0_V,3,782,5
head_0_0_V,3,780,3
head_0_0_V,3,779,3
head_0_0_V,3,778,1
head_0_0_V,3,777,1
head_0_0_V,3,776,3
head_0_0_V,3,775,2
head_0_0_V,3,774,1
head_0_0_V,3,773,3
head_0_0_V,3,772,6
head_0_0_V,3,771,1
head_0_0_V,3,770,3
head_0_0_V,3,769,1
head_0_0_V,3,768,1
head_0_0_V,3,767,3
head_0_0_V,3,766,1
head_0_0_V,3,765,2
head_0_0_V,3,764,3
head_0_0_V,3,763,5
head_0_0_V,3,762,3
head_0_0_V,3,761,1
head_0_0_V,3,760,2
head_0_0_V,3,759,3
head_0_0_V,3,758,2
head_0_0_V,3,757,1
head_0_0_V,3,756,1
head_0_0_V,3,755,4
head_0_0_V,3,754,2
head_0_0_V,3,753,2
head_0_0_V,3,752,1
head_0_0_V,3,751,4
head_0_0_V,3,750,3
head_0_0_V,3,749,2
head_0_0_V,3,748,4
head_0_0_V,3,747,4
head_0_0_V,3,746,1
head_0_0_V,3,745,2
head_0_0_V,3,744,3
head_0_0_V,3,743,2
head_0_0_V,3,742,2
head_0_0_V,3,741,2
head_0_0_V,3,740,2
head_0_0_V,3,739,2
head_0_0_V,3,738,1
head_0_0_V,3,737,3
head_0_0_V,3,736,5
head_0_0_V,3,735,3
head_0_0_V,3,734,2
head_0_0_V,3,733,2
head_0_0_V,3,732,4
head_0_0_V,3,731,3
head_0_0_V,3,730,2
head_0_0_V,3,729,5
head_0_0_V,3,728,1
head_0_0_V,3,727,5
head_0_0_V,3,725,2
head_0_0_V,3,724,2
head_0_0_V,3,723,1
head_0_0_V,3,722,2
head_0_0_V,3,721,1
head_0_0_V,3,720,1
head_0_0_V,3,719,3
head_0_0_V,3,718,2
head_0_0_V,3,717,2
head_0_0_V,3,716,4
head_0_0_V,3,715,1
head_0_0_V,3,714,2
head_0_0_V,3,713,2
head_0_0_V,3,712,3
head_0_0_V,3,710,4
head_0_0_V,3,708,4
head_0_0_V,3,707,3
head_0_0_V,3,706,4
head_0_0_V,3,705,4
head_0_0_V,3,704,1
head_0_0_V,3,703,5
head_0_0_V,3,702,4
head_0_0_V,3,701,1
head_0_0_V,3,700,2
head_0_0_V,3,699,2
head_0_0_V,3,698,3
head_0_0_V,3,697,4
head_0_0_V,3,696,5
head_0_0_V,3,695,3
head_0_0_V,3,694,4
head_0_0_V,3,693,3
head_0_0_V,3,692,4
head_0_0_V,3,691,5
head_0_0_V,3,690,1
head_0_0_V,3,689,3
head_0_0_V,3,688,2
head_0_0_V,3,687,3
head_0_0_V,3,686,3
head_0_0_V,3,685,2
head_0_0_V,3,684,1
head_0_0_V,3,683,2
head_0_0_V,3,682,5
head_0_0_V,3,681,4
head_0_0_V,3,680,3
head_0_0_V,3,679,3
head_0_0_V,3,678,3
head_0_0_V,3,677,1
head_0_0_V,3,676,4
head_0_0_V,3,675,4
head_0_0_V,3,674,5
head_0_0_V,3,673,2
head_0_0_V,3,672,3
head_0_0_V,3,671,1
head_0_0_V,3,670,5
head_0_0_V,3,669,4
head_0_0_V,3,668,2
head_0_0_V,3,667,7
head_0_0_V,3,666,5
head_0_0_V,3,665,4
head_0_0_V,3,664,2
head_0_0_V,3,663,5
head_0_0_V,3,662,7
head_0_0_V,3,661,1
head_0_0_V,3,660,5
head_0_0_V,3,659,8
head_0_0_V,3,658,4
head_0_0_V,3,657,2
head_0_0_V,3,656,4
head_0_0_V,3,655,8
head_0_0_V,3,654,4
head_0_0_V,3,653,2
head_0_0_V,3,652,3
head_0_0_V,3,651,3
head_0_0_V,3,650,2
head_0_0_V,3,649,4
head_0_0_V,3,648,1
head_0_0_V,3,647,2
head_0_0_V,3,646,5
head_0_0_V,3,645,4
head_0_0_V,3,644,3
head_0_0_V,3,643,3
head_0_0_V,3,641,1
head_0_0_V,3,640,3
head_0_0_V,3,639,8
head_0_0_V,3,638,4
head_0_0_V,3,637,6
head_0_0_V,3,636,2
head_0_0_V,3,635,4
head_0_0_V,3,634,4
head_0_0_V,3,633,3
head_0_0_V,3,632,3
head_0_0_V,3,631,2
head_0_0_V,3,630,7
head_0_0_V,3,629,1
head_0_0_V,3,628,7
head_0_0_V,3,627,1
head_0_0_V,3,626,6
head_0_0_V,3,625,7
head_0_0_V,3,624,4
head_0_0_V,3,623,2
head_0_0_V,3,622,3
head_0_0_V,3,621,3
head_0_0_V,3,620,4
head_0_0_V,3,619,3
head_0_0_V,3,618,4
head_0_0_V,3,617,3
head_0_0_V,3,616,1
head_0_0_V,3,615,6
head_0_0_V,3,614,2
head_0_0_V,3,613,3
head_0_0_V,3,612,5
head_0_0_V,3,611,1
head_0_0_V,3,610,4
head_0_0_V,3,609,6
head_0_0_V,3,608,2
head_0_0_V,3,607,5
head_0_0_V,3,606,5
head_0_0_V,3,605,3
head_0_0_V,3,604,5
head_0_0_V,3,603,4
head_0_0_V,3,602,7
head_0_0_V,3,601,3
head_0_0_V,3,600,2
head_0_0_V,3,599,5
head_0_0_V,3,598,2
head_0_0_V,3,597,5
head_0_0_V,3,596,4
head_0_0_V,3,595,7
head_0_0_V,3,594,4
head_0_0_V,3,593,5
head_0_0_V,3,592,3
head_0_0_V,3,591,3
head_0_0_V,3,590,5
head_0_0_V,3,589,2
head_0_0_V,3,588,5
head_0_0_V,3,587,3
head_0_0_V,3,586,7
head_0_0_V,3,585,5
head_0_0_V,3,584,4
head_0_0_V,3,583,5
head_0_0_V,3,582,6
head_0_0_V,3,581,6
head_0_0_V,3,580,6
head_0_0_V,3,579,5
head_0_0_V,3,578,1
head_0_0_V,3,577,2
head_0_0_V,3,576,2
head_0_0_V,3,575,9
head_0_0_V,3,574,8
head_0_0_V,3,573,2
head_0_0_V,3,572,6
head_0_0_V,3,571,4
head_0_0_V,3,570,6
head_0_0_V,3,569,4
head_0_0_V,3,568,5
head_0_0_V,3,567,2
head_0_0_V,3,566,4
head_0_0_V,3,565,5
head_0_0_V,3,564,5
head_0_0_V,3,563,4
head_0_0_V,3,562,3
head_0_0_V,3,561,9
head_0_0_V,3,560,3
head_0_0_V,3,559,6
head_0_0_V,3,558,4
head_0_0_V,3,557,4
head_0_0_V,3,556,6
head_0_0_V,3,555,4
head_0_0_V,3,554,2
head_0_0_V,3,553,3
head_0_0_V,3,552,4
head_0_0_V,3,551,6
head_0_0_V,3,550,9
head_0_0_V,3,549,5
head_0_0_V,3,548,3
head_0_0_V,3,547,2
head_0_0_V,3,546,5
head_0_0_V,3,545,2
head_0_0_V,3,544,5
head_0_0_V,3,543,5
head_0_0_V,3,542,3
head_0_0_V,3,541,5
head_0_0_V,3,540,3
head_0_0_V,3,539,3
head_0_0_V,3,538,2
head_0_0_V,3,537,3
head_0_0_V,3,536,10
head_0_0_V,3,535,6
head_0_0_V,3,534,2
head_0_0_V,3,533,2
head_0_0_V,3,532,5
head_0_0_V,3,531,3
head_0_0_V,3,530,5
head_0_0_V,3,529,4
head_0_0_V,3,528,3
head_0_0_V,3,527,4
head_0_0_V,3,526,5
head_0_0_V,3,525,5
head_0_0_V,3,524,6
head_0_0_V,3,523,6
head_0_0_V,3,522,4
head_0_0_V,3,521,9
head_0_0_V,3,520,6
head_0_0_V,3,519,8
head_0_0_V,3,518,4
head_0_0_V,3,517,4
head_0_0_V,3,516,4
head_0_0_V,3,515,9
head_0_0_V,3,514,4
head_0_0_V,3,513,5
head_0_0_V,3,512,5
head_0_0_V,3,511,4
head_0_0_V,3,510,9
head_0_0_V,3,509,3
head_0_0_V,3,508,2
head_0_0_V,3,507,5
head_0_0_V,3,506,8
head_0_0_V,3,505,8
head_0_0_V,3,504,5
head_0_0_V,3,503,6
head_0_0_V,3,502,6
head_0_0_V,3,501,5
head_0_0_V,3,500,14
head_0_0_V,3,499,5
head_0_0_V,3,498,2
head_0_0_V,3,497,5
head_0_0_V,3,496,4
head_0_0_V,3,495,11
head_0_0_V,3,494,5
head_0_0_V,3,493,8
head_0_0_V,3,492,6
head_0_0_V,3,491,6
head_0_0_V,3,490,6
head_0_0_V,3,489,6
head_0_0_V,3,488,10
head_0_0_V,3,487,4
head_0_0_V,3,486,12
head_0_0_V,3,485,4
head_0_0_V,3,484,6
head_0_0_V,3,483,4
head_0_0_V,3,482,6
head_0_0_V,3,481,7
head_0_0_V,3,480,5
head_0_0_V,3,479,5
head_0_0_V,3,478,8
head_0_0_V,3,477,7
head_0_0_V,3,476,6
head_0_0_V,3,475,6
head_0_0_V,3,474,7
head_0_0_V,3,473,8
head_0_0_V,3,472,6
head_0_0_V,3,471,4
head_0_0_V,3,470,7
head_0_0_V,3,469,3
head_0_0_V,3,468,7
head_0_0_V,3,467,4
head_0_0_V,3,466,7
head_0_0_V,3,465,8
head_0_0_V,3,464,7
head_0_0_V,3,463,1
head_0_0_V,3,462,9
head_0_0_V,3,461,4
head_0_0_V,3,460,3
head_0_0_V,3,459,4
head_0_0_V,3,458,8
head_0_0_V,3,457,6
head_0_0_V,3,456,14
head_0_0_V,3,455,5
head_0_0_V,3,454,3
head_0_0_V,3,453,5
head_0_0_V,3,452,3
head_0_0_V,3,451,4
head_0_0_V,3,450,8
head_0_0_V,3,449,4
head_0_0_V,3,448,8
head_0_0_V,3,447,5
head_0_0_V,3,446,5
head_0_0_V,3,445,5
head_0_0_V,3,444,8
head_0_0_V,3,443,8
head_0_0_V,3,442,6
head_0_0_V,3,441,3
head_0_0_V,3,440,3
head_0_0_V,3,439,7
head_0_0_V,3,438,7
head_0_0_V,3,437,5
head_0_0_V,3,436,3
head_0_0_V,3,435,8
head_0_0_V,3,434,8
head_0_0_V,3,433,8
head_0_0_V,3,432,14
head_0_0_V,3,431,6
head_0_0_V,3,430,4
head_0_0_V,3,429,4
head_0_0_V,3,428,7
head_0_0_V,3,427,8
head_0_0_V,3,426,11
head_0_0_V,3,425,6
head_0_0_V,3,424,6
head_0_0_V,3,423,13
head_0_0_V,3,422,9
head_0_0_V,3,421,8
head_0_0_V,3,420,6
head_0_0_V,3,419,10
head_0_0_V,3,418,6
head_0_0_V,3,417,9
head_0_0_V,3,416,6
head_0_0_V,3,415,5
head_0_0_V,3,414,6
head_0_0_V,3,413,8
head_0_0_V,3,412,6
head_0_0_V,3,411,10
head_0_0_V,3,410,7
head_0_0_V,3,409,7
head_0_0_V,3,408,9
head_0_0_V,3,407,8
head_0_0_V,3,406,4
head_0_0_V,3,405,6
head_0_0_V,3,404,7
head_0_0_V,3,403,9
head_0_0_V,3,402,9
head_0_0_V,3,401,3
head_0_0_V,3,400,9
head_0_0_V,3,399,6
head_0_0_V,3,398,7
head_0_0_V,3,397,14
head_0_0_V,3,396,11
head_0_0_V,3,395,13
head_0_0_V,3,394,4
head_0_0_V,3,393,11
head_0_0_V,3,392,8
head_0_0_V,3,391,9
head_0_0_V,3,390,13
head_0_0_V,3,389,8
head_0_0_V,3,388,13
head_0_0_V,3,387,8
head_0_0_V,3,386,18
head_0_0_V,3,385,13
head_0_0_V,3,384,19
head_0_0_V,3,383,9
head_0_0_V,3,382,17
head_0_0_V,3,381,11
head_0_0_V,3,380,9
head_0_0_V,3,379,6
head_0_0_V,3,378,11
head_0_0_V,3,377,11
head_0_0_V,3,376,7
head_0_0_V,3,375,6
head_0_0_V,3,374,4
head_0_0_V,3,373,12
head_0_0_V,3,372,14
head_0_0_V,3,371,9
head_0_0_V,3,370,17
head_0_0_V,3,369,8
head_0_0_V,3,368,12
head_0_0_V,3,367,19
head_0_0_V,3,366,11
head_0_0_V,3,365,9
head_0_0_V,3,364,9
head_0_0_V,3,363,19
head_0_0_V,3,362,9
head_0_0_V,3,361,11
head_0_0_V,3,360,8
head_0_0_V,3,359,9
head_0_0_V,3,358,6
head_0_0_V,3,357,18
head_0_0_V,3,356,11
head_0_0_V,3,355,7
head_0_0_V,3,354,9
head_0_0_V,3,353,15
head_0_0_V,3,352,15
head_0_0_V,3,351,13
head_0_0_V,3,350,6
head_0_0_V,3,349,11
head_0_0_V,3,348,14
head_0_0_V,3,347,14
head_0_0_V,3,346,9
head_0_0_V,3,345,20
head_0_0_V,3,344,11
head_0_0_V,3,343,12
head_0_0_V,3,342,11
head_0_0_V,3,341,16
head_0_0_V,3,340,16
head_0_0_V,3,339,10
head_0_0_V,3,338,9
head_0_0_V,3,337,20
head_0_0_V,3,336,11
head_0_0_V,3,335,14
head_0_0_V,3,334,10
head_0_0_V,3,333,13
head_0_0_V,3,332,11
head_0_0_V,3,331,11
head_0_0_V,3,330,9
head_0_0_V,3,329,9
head_0_0_V,3,328,12
head_0_0_V,3,327,10
head_0_0_V,3,326,9
head_0_0_V,3,325,9
head_0_0_V,3,324,21
head_0_0_V,3,323,14
head_0_0_V,3,322,18
head_0_0_V,3,321,17
head_0_0_V,3,320,8
head_0_0_V,3,319,12
head_0_0_V,3,318,13
head_0_0_V,3,317,22
head_0_0_V,3,316,18
head_0_0_V,3,315,11
head_0_0_V,3,314,10
head_0_0_V,3,313,12
head_0_0_V,3,312,18
head_0_0_V,3,311,12
head_0_0_V,3,310,20
head_0_0_V,3,309,12
head_0_0_V,3,308,11
head_0_0_V,3,307,13
head_0_0_V,3,306,10
head_0_0_V,3,305,13
head_0_0_V,3,304,21
head_0_0_V,3,303,10
head_0_0_V,3,302,18
head_0_0_V,3,301,19
head_0_0_V,3,300,15
head_0_0_V,3,299,20
head_0_0_V,3,298,15
head_0_0_V,3,297,10
head_0_0_V,3,296,12
head_0_0_V,3,295,18
head_0_0_V,3,294,12
head_0_0_V,3,293,17
head_0_0_V,3,292,12
head_0_0_V,3,291,11
head_0_0_V,3,290,12
head_0_0_V,3,289,13
head_0_0_V,3,288,21
head_0_0_V,3,287,8
head_0_0_V,3,286,16
head_0_0_V,3,285,14
head_0_0_V,3,284,18
head_0_0_V,3,283,24
head_0_0_V,3,282,18
head_0_0_V,3,281,23
head_0_0_V,3,280,23
head_0_0_V,3,279,20
head_0_0_V,3,278,9
head_0_0_V,3,277,13
head_0_0_V,3,276,19
head_0_0_V,3,275,10
head_0_0_V,3,274,12
head_0_0_V,3,273,13
head_0_0_V,3,272,25
head_0_0_V,3,271,24
head_0_0_V,3,270,21
head_0_0_V,3,269,24
head_0_0_V,3,268,22
head_0_0_V,3,267,15
head_0_0_V,3,266,13
head_0_0_V,3,265,23
head_0_0_V,3,264,24
head_0_0_V,3,263,21
head_0_0_V,3,262,14
head_0_0_V,3,261,15
head_0_0_V,3,260,19
head_0_0_V,3,259,21
head_0_0_V,3,258,15
head_0_0_V,3,257,14
head_0_0_V,3,256,22
head_0_0_V,3,255,24
head_0_0_V,3,254,24
head_0_0_V,3,253,20
head_0_0_V,3,252,17
head_0_0_V,3,251,23
head_0_0_V,3,250,28
head_0_0_V,3,249,21
head_0_0_V,3,248,20
head_0_0_V,3,247,27
head_0_0_V,3,246,24
head_0_0_V,3,245,17
head_0_0_V,3,244,17
head_0_0_V,3,243,15
head_0_0_V,3,242,24
head_0_0_V,3,241,17
head_0_0_V,3,240,19
head_0_0_V,3,239,22
head_0_0_V,3,238,23
head_0_0_V,3,237,21
head_0_0_V,3,236,25
head_0_0_V,3,235,22
head_0_0_V,3,234,19
head_0_0_V,3,233,26
head_0_0_V,3,232,26
head_0_0_V,3,231,22
head_0_0_V,3,230,27
head_0_0_V,3,229,23
head_0_0_V,3,228,26
head_0_0_V,3,227,24
head_0_0_V,3,226,20
head_0_0_V,3,225,24
head_0_0_V,3,224,33
head_0_0_V,3,223,25
head_0_0_V,3,222,23
head_0_0_V,3,221,22
head_0_0_V,3,220,29
head_0_0_V,3,219,25
head_0_0_V,3,218,23
head_0_0_V,3,217,25
head_0_0_V,3,216,25
head_0_0_V,3,215,33
head_0_0_V,3,214,23
head_0_0_V,3,213,32
head_0_0_V,3,212,29
head_0_0_V,3,211,30
head_0_0_V,3,210,21
head_0_0_V,3,209,14
head_0_0_V,3,208,34
head_0_0_V,3,207,31
head_0_0_V,3,206,33
head_0_0_V,3,205,25
head_0_0_V,3,204,30
head_0_0_V,3,203,24
head_0_0_V,3,202,26
head_0_0_V,3,201,24
head_0_0_V,3,200,25
head_0_0_V,3,199,35
head_0_0_V,3,198,35
head_0_0_V,3,197,33
head_0_0_V,3,196,39
head_0_0_V,3,195,33
head_0_0_V,3,194,45
head_0_0_V,3,193,35
head_0_0_V,3,192,28
head_0_0_V,3,191,29
head_0_0_V,3,190,46
head_0_0_V,3,189,40
head_0_0_V,3,188,42
head_0_0_V,3,187,34
head_0_0_V,3,186,33
head_0_0_V,3,185,36
head_0_0_V,3,184,27
head_0_0_V,3,183,32
head_0_0_V,3,182,42
head_0_0_V,3,181,35
head_0_0_V,3,180,41
head_0_0_V,3,179,48
head_0_0_V,3,178,35
head_0_0_V,3,177,43
head_0_0_V,3,176,40
head_0_0_V,3,175,44
head_0_0_V,3,174,41
head_0_0_V,3,173,35
head_0_0_V,3,172,33
head_0_0_V,3,171,42
head_0_0_V,3,170,35
head_0_0_V,3,169,43
head_0_0_V,3,168,50
head_0_0_V,3,167,48
head_0_0_V,3,166,36
head_0_0_V,3,165,29
head_0_0_V,3,164,56
head_0_0_V,3,163,41
head_0_0_V,3,162,44
head_0_0_V,3,161,48
head_0_0_V,3,160,51
head_0_0_V,3,159,57
head_0_0_V,3,158,44
head_0_0_V,3,157,54
head_0_0_V,3,156,54
head_0_0_V,3,155,51
head_0_0_V,3,154,50
head_0_0_V,3,153,54
head_0_0_V,3,152,52
head_0_0_V,3,151,48
head_0_0_V,3,150,63
head_0_0_V,3,149,50
head_0_0_V,3,148,59
head_0_0_V,3,147,57
head_0_0_V,3,146,47
head_0_0_V,3,145,61
head_0_0_V,3,144,62
head_0_0_V,3,143,50
head_0_0_V,3,142,69
head_0_0_V,3,141,45
head_0_0_V,3,140,52
head_0_0_V,3,139,71
head_0_0_V,3,138,55
head_0_0_V,3,137,59
head_0_0_V,3,136,45
head_0_0_V,3,135,53
head_0_0_V,3,134,63
head_0_0_V,3,133,68
head_0_0_V,3,132,76
head_0_0_V,3,131,51
head_0_0_V,3,130,59
head_0_0_V,3,129,62
head_0_0_V,3,128,69
head_0_0_V,3,127,74
head_0_0_V,3,126,65
head_0_0_V,3,125,71
head_0_0_V,3,124,62
head_0_0_V,3,123,59
head_0_0_V,3,122,63
head_0_0_V,3,121,80
head_0_0_V,3,120,67
head_0_0_V,3,119,69
head_0_0_V,3,118,69
head_0_0_V,3,117,78
head_0_0_V,3,116,71
head_0_0_V,3,115,81
head_0_0_V,3,114,67
head_0_0_V,3,113,55
head_0_0_V,3,112,82
head_0_0_V,3,111,72
head_0_0_V,3,110,70
head_0_0_V,3,109,79
head_0_0_V,3,108,71
head_0_0_V,3,107,67
head_0_0_V,3,106,79
head_0_0_V,3,105,92
head_0_0_V,3,104,107
head_0_0_V,3,103,88
head_0_0_V,3,102,84
head_0_0_V,3,101,82
head_0_0_V,3,100,92
head_0_0_V,3,99,106
head_0_0_V,3,98,103
head_0_0_V,3,97,90
head_0_0_V,3,96,101
head_0_0_V,3,95,102
head_0_0_V,3,94,112
head_0_0_V,3,93,114
head_0_0_V,3,92,115
head_0_0_V,3,91,101
head_0_0_V,3,90,114
head_0_0_V,3,89,145
head_0_0_V,3,88,116
head_0_0_V,3,87,108
head_0_0_V,3,86,116
head_0_0_V,3,85,128
head_0_0_V,3,84,113
head_0_0_V,3,83,150
head_0_0_V,3,82,116
head_0_0_V,3,81,112
head_0_0_V,3,80,127
head_0_0_V,3,79,145
head_0_0_V,3,78,136
head_0_0_V,3,77,138
head_0_0_V,3,76,162
head_0_0_V,3,75,147
head_0_0_V,3,74,136
head_0_0_V,3,73,136
head_0_0_V,3,72,158
head_0_0_V,3,71,138
head_0_0_V,3,70,180
head_0_0_V,3,69,157
head_0_0_V,3,68,169
head_0_0_V,3,67,150
head_0_0_V,3,66,171
head_0_0_V,3,65,170
head_0_0_V,3,64,166
head_0_0_V,3,63,158
head_0_0_V,3,62,158
head_0_0_V,3,61,169
head_0_0_V,3,60,163
head_0_0_V,3,59,180
head_0_0_V,3,58,184
head_0_0_V,3,57,177
head_0_0_V,3,56,204
head_0_0_V,3,55,207
head_0_0_V,3,54,204
head_0_0_V,3,53,226
head_0_0_V,3,52,206
head_0_0_V,3,51,221
head_0_0_V,3,50,211
head_0_0_V,3,49,194
head_0_0_V,3,48,246
head_0_0_V,3,47,242
head_0_0_V,3,46,273
head_0_0_V,3,45,253
head_0_0_V,3,44,300
head_0_0_V,3,43,232
head_0_0_V,3,42,262
head_0_0_V,3,41,250
head_0_0_V,3,40,285
head_0_0_V,3,39,288
head_0_0_V,3,38,330
head_0_0_V,3,37,280
head_0_0_V,3,36,290
head_0_0_V,3,35,318
head_0_0_V,3,34,305
head_0_0_V,3,33,347
head_0_0_V,3,32,381
head_0_0_V,3,31,374
head_0_0_V,3,30,390
head_0_0_V,3,29,371
head_0_0_V,3,28,394
head_0_0_V,3,27,403
head_0_0_V,3,26,391
head_0_0_V,3,25,419
head_0_0_V,3,24,463
head_0_0_V,3,23,418
head_0_0_V,3,22,484
head_0_0_V,3,21,496
head_0_0_V,3,20,533
head_0_0_V,3,19,487
head_0_0_V,3,18,552
head_0_0_V,3,17,553
head_0_0_V,3,16,569
head_0_0_V,3,15,617
head_0_0_V,3,14,579
head_0_0_V,3,13,632
head_0_0_V,3,12,620
head_0_0_V,3,11,623
head_0_0_V,3,10,695
head_0_0_V,3,9,665
head_0_0_V,3,8,679
head_0_0_V,3,7,676
head_0_0_V,3,6,731
head_0_0_V,3,5,670
head_0_0_V,3,4,671
head_0_0_V,3,3,600
head_0_0_V,3,2,494
head_0_0_V,3,1,358
head_0_0_V,3,0,24768
head_0_1_V,0,19636,1
head_0_1_V,0,19547,1
head_0_1_V,0,18975,1
head_0_1_V,0,17316,1
head_0_1_V,0,15518,1
head_0_1_V,0,15501,1
head_0_1_V,0,13993,1
head_0_1_V,0,13752,1
head_0_1_V,0,13716,1
head_0_1_V,0,12455,1
head_0_1_V,0,10710,1
head_0_1_V,0,10600,1
head_0_1_V,0,10146,1
head_0_1_V,0,9850,1
head_0_1_V,0,8898,1
head_0_1_V,0,8514,1
head_0_1_V,0,8388,1
head_0_1_V,0,8340,1
head_0_1_V,0,7975,1
head_0_1_V,0,7820,1
head_0_1_V,0,7811,1
head_0_1_V,0,7697,1
head_0_1_V,0,7579,1
head_0_1_V,0,7475,1
head_0_1_V,0,7248,1
head_0_1_V,0,7223,1
head_0_1_V,0,7218,1
head_0_1_V,0,7217,1
head_0_1_V,0,7209,1
head_0_1_V,0,7195,1
head_0_1_V,0,7110,1
head_0_1_V,0,7102,1
head_0_1_V,0,7073,1
head_0_1_V,0,7028,1
head_0_1_V,0,7018,1
head_0_1_V,0,6940,1
head_0_1_V,0,6817,1
head_0_1_V,0,6790,1
head_0_1_V,0,6772,1
head_0_1_V,0,6763,1
head_0_1_V,0,6610,1
head_0_1_V,0,6537,1
head_0_1_V,0,6517,1
head_0_1_V,0,6488,1
head_0_1_V,0,6446,1
head_0_1_V,0,6362,1
head_0_1_V,0,6353,1
head_0_1_V,0,6322,1
head_0_1_V,0,6277,1
head_0_1_V,0,6166,1
head_0_1_V,0,6102,1
head_0_1_V,0,6087,1
head_0_1_V,0,6062,1
head_0_1_V,0,5941,1
head_0_1_V,0,5926,1
head_0_1_V,0,5900,1
head_0_1_V,0,5884,1
head_0_1_V,0,5871,1
head_0_1_V,0,5824,1
head_0_1_V,0,5729,1
head_0_1_V,0,5720,1
head_0_1_V,0,5691,1
head_0_1_V,0,5649,1
head_0_1_V,0,5642,1
head_0_1_V,0,5565,1
head_0_1_V,0,5556,1
head_0_1_V,0,5486,1
head_0_1_V,0,5430,1
head_0_1_V,0,5409,1
head_0_1_V,0,5385,1
head_0_1_V,0,5373,1
head_0_1_V,0,5321,1
head_0_1_V,0,5318,1
head_0_1_V,0,5287,1
head_0_1_V,0,5223,2
head_0_1_V,0,5219,1
head_0_1_V,0,5212,1
head_0_1_V,0,5190,1
head_0_1_V,0,5178,1
head_0_1_V,0,5170,1
head_0_1_V,0,5091,1
head_0_1_V,0,5088,1
head_0_1_V,0,4970,1
head_0_1_V,0,4965,1
head_0_1_V,0,4901,1
head_0_1_V,0,4892,1
head_0_1_V,0,4890,1
head_0_1_V,0,4880,1
head_0_1_V,0,4835,1
head_0_1_V,0,4730,1
head_0_1_V,0,4719,1
head_0_1_V,0,4710,1
head_0_1_V,0,4642,1
head_0_1_V,0,4583,1
head_0_1_V,0,4552,1
head_0_1_V,0,4544,1
head_0_1_V,0,4493,1
head_0_1_V,0,4492,1
head_0_1_V,0,4474,1
head_0_1_V,0,4454,1
head_0_1_V,0,4428,1
head_0_1_V,0,4369,1
head_0_1_V,0,4323,1
head_0_1_V,0,4316,1
head_0_1_V,0,4286,1
head_0_1_V,0,4277,1
head_0_1_V,0,4276,1
head_0_1_V,0,4262,1
head_0_1_V,0,4195,1
head_0_1_V,0,4166,1
head_0_1_V,0,4062,1
head_0_1_V,0,4025,2
head_0_1_V,0,4018,1
head_0_1_V,0,4016,1
head_0_1_V,0,3971,1
head_0_1_V,0,3955,1
head_0_1_V,0,3943,1
head_0_1_V,0,3906,1
head_0_1_V,0,3902,1
head_0_1_V,0,3871,1
head_0_1_V,0,3854,1
head_0_1_V,0,3842,1
head_0_1_V,0,3836,1
head_0_1_V,0,3834,1
head_0_1_V,0,3832,1
head_0_1_V,0,3831,1
head_0_1_V,0,3827,1
head_0_1_V,0,3824,1
head_0_1_V,0,3806,1
head_0_1_V,0,3804,1
head_0_1_V,0,3796,1
head_0_1_V,0,3789,1
head_0_1_V,0,3788,1
head_0_1_V,0,3747,1
head_0_1_V,0,3738,1
head_0_1_V,0,3713,1
head_0_1_V,0,3704,1
head_0_1_V,0,3697,1
head_0_1_V,0,3693,1
head_0_1_V,0,3689,1
head_0_1_V,0,3684,1
head_0_1_V,0,3675,1
head_0_1_V,0,3674,1
head_0_1_V,0,3666,1
head_0_1_V,0,3655,1
head_0_1_V,0,3636,1
head_0_1_V,0,3622,1
head_0_1_V,0,3614,1
head_0_1_V,0,3607,1
head_0_1_V,0,3568,1
head_0_1_V,0,3564,1
head_0_1_V,0,3559,1
head_0_1_V,0,3555,1
head_0_1_V,0,3549,1
head_0_1_V,0,3545,1
head_0_1_V,0,3544,1
head_0_1_V,0,3535,1
head_0_1_V,0,3530,1
head_0_1_V,0,3519,1
head_0_1_V,0,3508,1
head_0_1_V,0,3504,1
head_0_1_V,0,3491,1
head_0_1_V,0,3475,1
head_0_1_V,0,3473,1
head_0_1_V,0,3457,1
head_0_1_V,0,3442,1
head_0_1_V,0,3441,2
head_0_1_V,0,3434,1
head_0_1_V,0,3419,1
head_0_1_V,0,3408,1
head_0_1_V,0,3390,1
head_0_1_V,0,3356,1
head_0_1_V,0,3348,1
head_0_1_V,0,3343,1
head_0_1_V,0,3337,1
head_0_1_V,0,3317,1
head_0_1_V,0,3303,1
head_0_1_V,0,3294,1
head_0_1_V,0,3293,1
head_0_1_V,0,3291,1
head_0_1_V,0,3288,1
head_0_1_V,0,3283,1
head_0_1_V,0,3269,1
head_0_1_V,0,3265,1
head_0_1_V,0,3256,1
head_0_1_V,0,3241,1
head_0_1_V,0,3237,1
head_0_1_V,0,3236,1
head_0_1_V,0,3214,1
head_0_1_V,0,3205,1
head_0_1_V,0,3204,1
head_0_1_V,0,3203,1
head_0_1_V,0,3190,1
head_0_1_V,0,3181,1
head_0_1_V,0,3172,1
head_0_1_V,0,3168,1
head_0_1_V,0,3165,1
head_0_1_V,0,3157,1
head_0_1_V,0,3146,2
head_0_1_V,0,3090,1
head_0_1_V,0,3083,1
head_0_1_V,0,3080,1
head_0_1_V,0,3077,1
head_0_1_V,0,3064,1
head_0_1_V,0,3056,1
head_0_1_V,0,3049,1
head_0_1_V,0,3043,1
head_0_1_V,0,3041,1
head_0_1_V,0,3033,1
head_0_1_V,0,3029,1
head_0_1_V,0,3028,1
head_0_1_V,0,3023,1
head_0_1_V,0,3015,1
head_0_1_V,0,3014,1
head_0_1_V,0,3000,1
head_0_1_V,0,2993,2
head_0_1_V,0,2992,1
head_0_1_V,0,2991,1
head_0_1_V,0,2989,1
head_0_1_V,0,2987,1
head_0_1_V,0,2985,1
head_0_1_V,0,2978,1
head_0_1_V,0,2973,1
head_0_1_V,0,2970,1
head_0_1_V,0,2960,1
head_0_1_V,0,2957,2
head_0_1_V,0,2956,1
head_0_1_V,0,2954,1
head_0_1_V,0,2950,1
head_0_1_V,0,2948,1
head_0_1_V,0,2938,1
head_0_1_V,0,2925,1
head_0_1_V,0,2910,1
head_0_1_V,0,2902,1
head_0_1_V,0,2893,1
head_0_1_V,0,2885,1
head_0_1_V,0,2864,1
head_0_1_V,0,2861,1
head_0_1_V,0,2856,1
head_0_1_V,0,2851,1
head_0_1_V,0,2827,1
head_0_1_V,0,2824,1
head_0_1_V,0,2814,1
head_0_1_V,0,2809,1
head_0_1_V,0,2806,1
head_0_1_V,0,2796,1
head_0_1_V,0,2795,1
head_0_1_V,0,2786,1
head_0_1_V,0,2783,1
head_0_1_V,0,2780,1
head_0_1_V,0,2777,1
head_0_1_V,0,2776,1
head_0_1_V,0,2771,1
head_0_1_V,0,2766,1
head_0_1_V,0,2764,1
head_0_1_V,0,2758,1
head_0_1_V,0,2746,1
head_0_1_V,0,2740,1
head_0_1_V,0,2733,2
head_0_1_V,0,2730,1
head_0_1_V,0,2726,1
head_0_1_V,0,2719,1
head_0_1_V,0,2716,1
head_0_1_V,0,2710,1
head_0_1_V,0,2703,1
head_0_1_V,0,2700,1
head_0_1_V,0,2686,1
head_0_1_V,0,2678,1
head_0_1_V,0,2673,1
head_0_1_V,0,2646,1
head_0_1_V,0,2645,1
head_0_1_V,0,2635,1
head_0_1_V,0,2627,1
head_0_1_V,0,2624,1
head_0_1_V,0,2616,1
head_0_1_V,0,2602,1
head_0_1_V,0,2599,1
head_0_1_V,0,2593,1
head_0_1_V,0,2592,1
head_0_1_V,0,2589,1
head_0_1_V,0,2586,1
head_0_1_V,0,2585,1
head_0_1_V,0,2580,1
head_0_1_V,0,2565,1
head_0_1_V,0,2564,1
head_0_1_V,0,2561,1
head_0_1_V,0,2544,1
head_0_1_V,0,2543,1
head_0_1_V,0,2531,1
head_0_1_V,0,2526,1
head_0_1_V,0,2523,1
head_0_1_V,0,2520,1
head_0_1_V,0,2517,1
head_0_1_V,0,2509,1
head_0_1_V,0,2507,1
head_0_1_V,0,2504,1
head_0_1_V,0,2481,1
head_0_1_V,0,2477,1
head_0_1_V,0,2475,1
head_0_1_V,0,2473,1
head_0_1_V,0,2471,1
head_0_1_V,0,2462,1
head_0_1_V,0,2438,1
head_0_1_V,0,2437,1
head_0_1_V,0,2431,1
head_0_1_V,0,2427,1
head_0_1_V,0,2423,1
head_0_1_V,0,2422,1
head_0_1_V,0,2421,1
head_0_1_V,0,2417,1
head_0_1_V,0,2409,1
head_0_1_V,0,2408,1
head_0_1_V,0,2404,1
head_0_1_V,0,2400,1
head_0_1_V,0,2385,1
head_0_1_V,0,2372,1
head_0_1_V,0,2367,1
head_0_1_V,0,2362,1
head_0_1_V,0,2360,1
head_0_1_V,0,2347,1
head_0_1_V,0,2344,1
head_0_1_V,0,2337,1
head_0_1_V,0,2332,1
head_0_1_V,0,2330,1
head_0_1_V,0,2325,1
head_0_1_V,0,2322,1
head_0_1_V,0,2319,1
head_0_1_V,0,2318,1
head_0_1_V,0,2317,1
head_0_1_V,0,2309,1
head_0_1_V,0,2298,1
head_0_1_V,0,2295,1
head_0_1_V,0,2290,1
head_0_1_V,0,2281,1
head_0_1_V,0,2278,1
head_0_1_V,0,2276,1
head_0_1_V,0,2274,1
head_0_1_V,0,2272,1
head_0_1_V,0,2267,1
head_0_1_V,0,2263,1
head_0_1_V,0,2262,1
head_0_1_V,0,2261,2
head_0_1_V,0,2259,1
head_0_1_V,0,2254,1
head_0_1_V,0,2250,1
head_0_1_V,0,2246,1
head_0_1_V,0,2237,1
head_0_1_V,0,2232,1
head_0_1_V,0,2230,2
head_0_1_V,0,2224,1
head_0_1_V,0,2218,1
head_0_1_V,0,2214,1
head_0_1_V,0,2211,1
head_0_1_V,0,2204,1
head_0_1_V,0,2202,1
head_0_1_V,0,2200,1
head_0_1_V,0,2197,2
head_0_1_V,0,2196,1
head_0_1_V,0,2195,1
head_0_1_V,0,2191,1
head_0_1_V,0,2188,1
head_0_1_V,0,2186,1
head_0_1_V,0,2176,1
head_0_1_V,0,2173,1
head_0_1_V,0,2168,1
head_0_1_V,0,2166,1
head_0_1_V,0,2164,1
head_0_1_V,0,2162,1
head_0_1_V,0,2157,1
head_0_1_V,0,2149,1
head_0_1_V,0,2142,1
head_0_1_V,0,2140,1
head_0_1_V,0,2126,1
head_0_1_V,0,2123,1
head_0_1_V,0,2121,1
head_0_1_V,0,2118,1
head_0_1_V,0,2115,1
head_0_1_V,0,2112,1
head_0_1_V,0,2107,1
head_0_1_V,0,2090,2
head_0_1_V,0,2085,1
head_0_1_V,0,2084,2
head_0_1_V,0,2082,1
head_0_1_V,0,2081,2
head_0_1_V,0,2073,2
head_0_1_V,0,2071,1
head_0_1_V,0,2067,1
head_0_1_V,0,2064,1
head_0_1_V,0,2060,2
head_0_1_V,0,2059,2
head_0_1_V,0,2050,1
head_0_1_V,0,2045,1
head_0_1_V,0,2044,1
head_0_1_V,0,2040,2
head_0_1_V,0,2038,4
head_0_1_V,0,2032,1
head_0_1_V,0,2030,1
head_0_1_V,0,2025,1
head_0_1_V,0,2022,1
head_0_1_V,0,2021,1
head_0_1_V,0,2020,2
head_0_1_V,0,2016,1
head_0_1_V,0,2015,1
head_0_1_V,0,2008,1
head_0_1_V,0,2005,1
head_0_1_V,0,2004,1
head_0_1_V,0,2002,1
head_0_1_V,0,2001,2
head_0_1_V,0,2000,1
head_0_1_V,0,1991,1
head_0_1_V,0,1989,1
head_0_1_V,0,1981,1
head_0_1_V,0,1978,1
head_0_1_V,0,1975,1
head_0_1_V,0,1974,1
head_0_1_V,0,1973,1
head_0_1_V,0,1966,2
head_0_1_V,0,1963,1
head_0_1_V,0,1959,1
head_0_1_V,0,1954,1
head_0_1_V,0,1952,1
head_0_1_V,0,1951,1
head_0_1_V,0,1948,1
head_0_1_V,0,1946,1
head_0_1_V,0,1942,1
head_0_1_V,0,1941,1
head_0_1_V,0,1935,1
head_0_1_V,0,1930,1
head_0_1_V,0,1927,1
head_0_1_V,0,1922,1
head_0_1_V,0,1918,1
head_0_1_V,0,1914,3
head_0_1_V,0,1913,1
head_0_1_V,0,1912,1
head_0_1_V,0,1909,1
head_0_1_V,0,1907,1
head_0_1_V,0,1904,1
head_0_1_V,0,1903,1
head_0_1_V,0,1902,1
head_0_1_V,0,1899,1
head_0_1_V,0,1894,1
head_0_1_V,0,1893,1
head_0_1_V,0,1891,1
head_0_1_V,0,1887,1
head_0_1_V,0,1885,1
head_0_1_V,0,1882,1
head_0_1_V,0,1881,2
head_0_1_V,0,1877,1
head_0_1_V,0,1876,1
head_0_1_V,0,1873,1
head_0_1_V,0,1870,1
head_0_1_V,0,1869,2
head_0_1_V,0,1868,1
head_0_1_V,0,1867,1
head_0_1_V,0,1855,1
head_0_1_V,0,1854,1
head_0_1_V,0,1848,1
head_0_1_V,0,1846,1
head_0_1_V,0,1845,1
head_0_1_V,0,1844,1
head_0_1_V,0,1843,2
head_0_1_V,0,1842,1
head_0_1_V,0,1839,1
head_0_1_V,0,1837,1
head_0_1_V,0,1835,1
head_0_1_V,0,1834,1
head_0_1_V,0,1833,1
head_0_1_V,0,1832,2
head_0_1_V,0,1823,1
head_0_1_V,0,1820,1
head_0_1_V,0,1818,1
head_0_1_V,0,1817,1
head_0_1_V,0,1815,1
head_0_1_V,0,1814,1
head_0_1_V,0,1811,1
head_0_1_V,0,1810,1
head_0_1_V,0,1809,1
head_0_1_V,0,1805,1
head_0_1_V,0,1804,1
head_0_1_V,0,1801,2
head_0_1_V,0,1800,1
head_0_1_V,0,1799,1
head_0_1_V,0,1798,1
head_0_1_V,0,1795,1
head_0_1_V,0,1794,1
head_0_1_V,0,1793,1
head_0_1_V,0,1791,1
head_0_1_V,0,1790,1
head_0_1_V,0,1787,1
head_0_1_V,0,1785,1
head_0_1_V,0,1779,2
head_0_1_V,0,1778,1
head_0_1_V,0,1777,1
head_0_1_V,0,1776,1
head_0_1_V,0,1775,1
head_0_1_V,0,1771,2
head_0_1_V,0,1769,1
head_0_1_V,0,1764,2
head_0_1_V,0,1763,1
head_0_1_V,0,1761,1
head_0_1_V,0,1760,1
head_0_1_V,0,1756,1
head_0_1_V,0,1749,1
head_0_1_V,0,1748,2
head_0_1_V,0,1744,2
head_0_1_V,0,1742,2
head_0_1_V,0,1739,1
head_0_1_V,0,1733,1
head_0_1_V,0,1730,1
head_0_1_V,0,1729,1
head_0_1_V,0,1724,2
head_0_1_V,0,1723,1
head_0_1_V,0,1721,1
head_0_1_V,0,1720,1
head_0_1_V,0,1719,1
head_0_1_V,0,1715,1
head_0_1_V,0,1714,1
head_0_1_V,0,1712,1
head_0_1_V,0,1709,1
head_0_1_V,0,1708,1
head_0_1_V,0,1706,1
head_0_1_V,0,1700,1
head_0_1_V,0,1699,1
head_0_1_V,0,1689,2
head_0_1_V,0,1688,1
head_0_1_V,0,1687,1
head_0_1_V,0,1683,1
head_0_1_V,0,1682,1
head_0_1_V,0,1671,2
head_0_1_V,0,1670,1
head_0_1_V,0,1669,1
head_0_1_V,0,1668,1
head_0_1_V,0,1666,1
head_0_1_V,0,1662,1
head_0_1_V,0,1660,1
head_0_1_V,0,1659,1
head_0_1_V,0,1657,1
head_0_1_V,0,1654,1
head_0_1_V,0,1653,1
head_0_1_V,0,1652,2
head_0_1_V,0,1651,2
head_0_1_V,0,1648,1
head_0_1_V,0,1645,1
head_0_1_V,0,1642,1
head_0_1_V,0,1639,1
head_0_1_V,0,1638,1
head_0_1_V,0,1634,1
head_0_1_V,0,1632,1
head_0_1_V,0,1631,1
head_0_1_V,0,1630,2
head_0_1_V,0,1628,1
head_0_1_V,0,1626,1
head_0_1_V,0,1625,1
head_0_1_V,0,1622,1
head_0_1_V,0,1620,1
head_0_1_V,0,1619,1
head_0_1_V,0,1618,2
head_0_1_V,0,1612,2
head_0_1_V,0,1611,1
head_0_1_V,0,1610,1
head_0_1_V,0,1609,1
head_0_1_V,0,1608,2
head_0_1_V,0,1607,3
head_0_1_V,0,1605,2
head_0_1_V,0,1600,3
head_0_1_V,0,1599,1
head_0_1_V,0,1598,2
head_0_1_V,0,1595,1
head_0_1_V,0,1593,2
head_0_1_V,0,1592,2
head_0_1_V,0,1590,3
head_0_1_V,0,1589,1
head_0_1_V,0,1588,1
head_0_1_V,0,1587,1
head_0_1_V,0,1581,1
head_0_1_V,0,1575,1
head_0_1_V,0,1573,1
head_0_1_V,0,1572,1
head_0_1_V,0,1570,1
head_0_1_V,0,1569,2
head_0_1_V,0,1561,1
head_0_1_V,0,1560,1
head_0_1_V,0,1559,2
head_0_1_V,0,1558,2
head_0_1_V,0,1556,2
head_0_1_V,0,1555,1
head_0_1_V,0,1554,2
head_0_1_V,0,1553,1
head_0_1_V,0,1552,1
head_0_1_V,0,1551,1
head_0_1_V,0,1550,1
head_0_1_V,0,1549,1
head_0_1_V,0,1547,1
head_0_1_V,0,1542,1
head_0_1_V,0,1541,1
head_0_1_V,0,1539,2
head_0_1_V,0,1536,1
head_0_1_V,0,1531,2
head_0_1_V,0,1530,1
head_0_1_V,0,1526,1
head_0_1_V,0,1525,1
head_0_1_V,0,1521,2
head_0_1_V,0,1520,1
head_0_1_V,0,1519,2
head_0_1_V,0,1517,1
head_0_1_V,0,1516,2
head_0_1_V,0,1512,3
head_0_1_V,0,1511,1
head_0_1_V,0,1510,1
head_0_1_V,0,1509,1
head_0_1_V,0,1508,2
head_0_1_V,0,1506,1
head_0_1_V,0,1505,1
head_0_1_V,0,1504,1
head_0_1_V,0,1501,2
head_0_1_V,0,1499,2
head_0_1_V,0,1498,1
head_0_1_V,0,1496,2
head_0_1_V,0,1495,1
head_0_1_V,0,1494,1
head_0_1_V,0,1491,2
head_0_1_V,0,1490,1
head_0_1_V,0,1488,1
head_0_1_V,0,1486,1
head_0_1_V,0,1485,1
head_0_1_V,0,1483,1
head_0_1_V,0,1480,1
head_0_1_V,0,1479,1
head_0_1_V,0,1477,2
head_0_1_V,0,1476,1
head_0_1_V,0,1474,1
head_0_1_V,0,1473,2
head_0_1_V,0,1472,1
head_0_1_V,0,1469,1
head_0_1_V,0,1468,2
head_0_1_V,0,1467,1
head_0_1_V,0,1466,1
head_0_1_V,0,1465,1
head_0_1_V,0,1462,1
head_0_1_V,0,1460,1
head_0_1_V,0,1458,1
head_0_1_V,0,1457,1
head_0_1_V,0,1453,1
head_0_1_V,0,1452,2
head_0_1_V,0,1448,1
head_0_1_V,0,1446,2
head_0_1_V,0,1445,2
head_0_1_V,0,1444,1
head_0_1_V,0,1442,1
head_0_1_V,0,1440,1
head_0_1_V,0,1439,1
head_0_1_V,0,1436,1
head_0_1_V,0,1434,1
head_0_1_V,0,1433,1
head_0_1_V,0,1431,1
head_0_1_V,0,1429,1
head_0_1_V,0,1427,1
head_0_1_V,0,1426,1
head_0_1_V,0,1424,2
head_0_1_V,0,1422,1
head_0_1_V,0,1420,1
head_0_1_V,0,1419,1
head_0_1_V,0,1416,1
head_0_1_V,0,1413,1
head_0_1_V,0,1410,2
head_0_1_V,0,1409,1
head_0_1_V,0,1408,3
head_0_1_V,0,1405,2
head_0_1_V,0,1404,1
head_0_1_V,0,1403,1
head_0_1_V,0,1399,1
head_0_1_V,0,1398,1
head_0_1_V,0,1397,1
head_0_1_V,0,1391,1
head_0_1_V,0,1388,1
head_0_1_V,0,1386,1
head_0_1_V,0,1384,2
head_0_1_V,0,1381,1
head_0_1_V,0,1379,1
head_0_1_V,0,1378,1
head_0_1_V,0,1376,1
head_0_1_V,0,1375,1
head_0_1_V,0,1374,1
head_0_1_V,0,1373,2
head_0_1_V,0,1372,1
head_0_1_V,0,1371,2
head_0_1_V,0,1370,1
head_0_1_V,0,1369,4
head_0_1_V,0,1364,1
head_0_1_V,0,1363,2
head_0_1_V,0,1361,3
head_0_1_V,0,1356,2
head_0_1_V,0,1355,3
head_0_1_V,0,1354,1
head_0_1_V,0,1351,1
head_0_1_V,0,1350,2
head_0_1_V,0,1349,1
head_0_1_V,0,1348,3
head_0_1_V,0,1347,2
head_0_1_V,0,1346,1
head_0_1_V,0,1341,2
head_0_1_V,0,1339,2
head_0_1_V,0,1338,1
head_0_1_V,0,1336,1
head_0_1_V,0,1335,1
head_0_1_V,0,1334,1
head_0_1_V,0,1333,3
head_0_1_V,0,1332,2
head_0_1_V,0,1331,2
head_0_1_V,0,1329,1
head_0_1_V,0,1326,2
head_0_1_V,0,1325,1
head_0_1_V,0,1324,1
head_0_1_V,0,1321,2
head_0_1_V,0,1320,1
head_0_1_V,0,1319,1
head_0_1_V,0,1318,1
head_0_1_V,0,1317,1
head_0_1_V,0,1316,2
head_0_1_V,0,1314,1
head_0_1_V,0,1313,2
head_0_1_V,0,1309,2
head_0_1_V,0,1308,4
head_0_1_V,0,1307,1
head_0_1_V,0,1305,1
head_0_1_V,0,1303,2
head_0_1_V,0,1299,1
head_0_1_V,0,1296,2
head_0_1_V,0,1295,1
head_0_1_V,0,1293,1
head_0_1_V,0,1292,3
head_0_1_V,0,1291,2
head_0_1_V,0,1287,1
head_0_1_V,0,1285,2
head_0_1_V,0,1284,1
head_0_1_V,0,1283,1
head_0_1_V,0,1282,1
head_0_1_V,0,1279,2
head_0_1_V,0,1278,1
head_0_1_V,0,1277,2
head_0_1_V,0,1275,2
head_0_1_V,0,1274,1
head_0_1_V,0,1273,1
head_0_1_V,0,1272,2
head_0_1_V,0,1271,2
head_0_1_V,0,1269,1
head_0_1_V,0,1267,1
head_0_1_V,0,1266,2
head_0_1_V,0,1265,3
head_0_1_V,0,1262,1
head_0_1_V,0,1258,3
head_0_1_V,0,1256,1
head_0_1_V,0,1253,2
head_0_1_V,0,1252,1
head_0_1_V,0,1250,1
head_0_1_V,0,1247,1
head_0_1_V,0,1246,1
head_0_1_V,0,1245,1
head_0_1_V,0,1244,1
head_0_1_V,0,1241,1
head_0_1_V,0,1239,1
head_0_1_V,0,1238,1
head_0_1_V,0,1237,1
head_0_1_V,0,1234,2
head_0_1_V,0,1233,1
head_0_1_V,0,1229,1
head_0_1_V,0,1228,1
head_0_1_V,0,1227,2
head_0_1_V,0,1226,2
head_0_1_V,0,1224,2
head_0_1_V,0,1223,2
head_0_1_V,0,1220,1
head_0_1_V,0,1219,1
head_0_1_V,0,1218,2
head_0_1_V,0,1217,1
head_0_1_V,0,1215,1
head_0_1_V,0,1214,1
head_0_1_V,0,1211,1
head_0_1_V,0,1209,1
head_0_1_V,0,1208,1
head_0_1_V,0,1207,1
head_0_1_V,0,1206,1
head_0_1_V,0,1204,1
head_0_1_V,0,1203,1
head_0_1_V,0,1201,3
head_0_1_V,0,1200,2
head_0_1_V,0,1199,2
head_0_1_V,0,1198,1
head_0_1_V,0,1194,2
head_0_1_V,0,1193,4
head_0_1_V,0,1191,1
head_0_1_V,0,1190,1
head_0_1_V,0,1187,1
head_0_1_V,0,1186,1
head_0_1_V,0,1185,1
head_0_1_V,0,1184,1
head_0_1_V,0,1183,1
head_0_1_V,0,1181,1
head_0_1_V,0,1180,3
head_0_1_V,0,1179,1
head_0_1_V,0,1176,2
head_0_1_V,0,1175,1
head_0_1_V,0,1174,1
head_0_1_V,0,1173,2
head_0_1_V,0,1171,1
head_0_1_V,0,1168,1
head_0_1_V,0,1166,1
head_0_1_V,0,1165,2
head_0_1_V,0,1163,2
head_0_1_V,0,1162,1
head_0_1_V,0,1161,1
head_0_1_V,0,1158,3
head_0_1_V,0,1157,2
head_0_1_V,0,1156,3
head_0_1_V,0,1155,1
head_0_1_V,0,1154,4
head_0_1_V,0,1153,1
head_0_1_V,0,1150,1
head_0_1_V,0,1149,1
head_0_1_V,0,1147,1
head_0_1_V,0,1146,2
head_0_1_V,0,1145,1
head_0_1_V,0,1142,1
head_0_1_V,0,1140,3
head_0_1_V,0,1138,2
head_0_1_V,0,1137,1
head_0_1_V,0,1135,3
head_0_1_V,0,1134,1
head_0_1_V,0,1133,1
head_0_1_V,0,1132,1
head_0_1_V,0,1131,2
head_0_1_V,0,1130,3
head_0_1_V,0,1129,2
head_0_1_V,0,1127,1
head_0_1_V,0,1126,2
head_0_1_V,0,1124,1
head_0_1_V,0,1123,3
head_0_1_V,0,1122,3
head_0_1_V,0,1121,3
head_0_1_V,0,1120,2
head_0_1_V,0,1119,2
head_0_1_V,0,1118,1
head_0_1_V,0,1115,1
head_0_1_V,0,1113,1
head_0_1_V,0,1111,1
head_0_1_V,0,1110,3
head_0_1_V,0,1109,1
head_0_1_V,0,1108,2
head_0_1_V,0,1105,1
head_0_1_V,0,1103,1
head_0_1_V,0,1102,2
head_0_1_V,0,1101,1
head_0_1_V,0,1099,1
head_0_1_V,0,1098,2
head_0_1_V,0,1097,1
head_0_1_V,0,1095,1
head_0_1_V,0,1094,3
head_0_1_V,0,1091,4
head_0_1_V,0,1089,2
head_0_1_V,0,1088,3
head_0_1_V,0,1085,1
head_0_1_V,0,1084,1
head_0_1_V,0,1083,3
head_0_1_V,0,1081,3
head_0_1_V,0,1078,1
head_0_1_V,0,1075,2
head_0_1_V,0,1074,2
head_0_1_V,0,1073,2
head_0_1_V,0,1072,1
head_0_1_V,0,1071,2
head_0_1_V,0,1069,2
head_0_1_V,0,1067,1
head_0_1_V,0,1065,3
head_0_1_V,0,1063,1
head_0_1_V,0,1061,1
head_0_1_V,0,1060,2
head_0_1_V,0,1059,2
head_0_1_V,0,1058,3
head_0_1_V,0,1057,1
head_0_1_V,0,1056,3
head_0_1_V,0,1055,1
head_0_1_V,0,1054,1
head_0_1_V,0,1053,1
head_0_1_V,0,1052,1
head_0_1_V,0,1051,2
head_0_1_V,0,1049,1
head_0_1_V,0,1048,1
head_0_1_V,0,1047,3
head_0_1_V,0,1045,2
head_0_1_V,0,1044,4
head_0_1_V,0,1043,1
head_0_1_V,0,1042,4
head_0_1_V,0,1041,2
head_0_1_V,0,1039,3
head_0_1_V,0,1033,1
head_0_1_V,0,1032,1
head_0_1_V,0,1031,4
head_0_1_V,0,1030,2
head_0_1_V,0,1029,2
head_0_1_V,0,1028,1
head_0_1_V,0,1027,1
head_0_1_V,0,1026,1
head_0_1_V,0,1025,1
head_0_1_V,0,1024,1
head_0_1_V,0,1023,2
head_0_1_V,0,1022,2
head_0_1_V,0,1021,1
head_0_1_V,0,1020,2
head_0_1_V,0,1019,1
head_0_1_V,0,1018,2
head_0_1_V,0,1017,1
head_0_1_V,0,1016,3
head_0_1_V,0,1014,1
head_0_1_V,0,1013,1
head_0_1_V,0,1012,1
head_0_1_V,0,1011,2
head_0_1_V,0,1010,1
head_0_1_V,0,1009,1
head_0_1_V,0,1008,2
head_0_1_V,0,1006,2
head_0_1_V,0,1005,5
head_0_1_V,0,1004,4
head_0_1_V,0,1003,1
head_0_1_V,0,1002,1
head_0_1_V,0,1001,2
head_0_1_V,0,1000,2
head_0_1_V,0,999,1
head_0_1_V,0,998,2
head_0_1_V,0,997,1
head_0_1_V,0,996,2
head_0_1_V,0,994,1
head_0_1_V,0,993,1
head_0_1_V,0,992,1
head_0_1_V,0,991,2
head_0_1_V,0,990,2
head_0_1_V,0,989,3
head_0_1_V,0,988,1
head_0_1_V,0,986,1
head_0_1_V,0,984,3
head_0_1_V,0,982,1
head_0_1_V,0,981,4
head_0_1_V,0,980,2
head_0_1_V,0,978,1
head_0_1_V,0,977,1
head_0_1_V,0,976,3
head_0_1_V,0,975,4
head_0_1_V,0,974,1
head_0_1_V,0,973,1
head_0_1_V,0,972,2
head_0_1_V,0,971,1
head_0_1_V,0,970,1
head_0_1_V,0,969,1
head_0_1_V,0,968,1
head_0_1_V,0,967,3
head_0_1_V,0,966,2
head_0_1_V,0,965,3
head_0_1_V,0,964,3
head_0_1_V,0,963,2
head_0_1_V,0,962,2
head_0_1_V,0,961,1
head_0_1_V,0,960,4
head_0_1_V,0,958,1
head_0_1_V,0,957,1
head_0_1_V,0,955,3
head_0_1_V,0,954,1
head_0_1_V,0,952,1
head_0_1_V,0,951,2
head_0_1_V,0,950,4
head_0_1_V,0,949,1
head_0_1_V,0,948,3
head_0_1_V,0,947,3
head_0_1_V,0,946,1
head_0_1_V,0,945,4
head_0_1_V,0,944,1
head_0_1_V,0,943,1
head_0_1_V,0,942,1
head_0_1_V,0,939,2
head_0_1_V,0,938,3
head_0_1_V,0,937,1
head_0_1_V,0,936,3
head_0_1_V,0,935,4
head_0_1_V,0,934,2
head_0_1_V,0,933,2
head_0_1_V,0,932,3
head_0_1_V,0,929,2
head_0_1_V,0,928,1
head_0_1_V,0,927,1
head_0_1_V,0,926,2
head_0_1_V,0,925,1
head_0_1_V,0,924,1
head_0_1_V,0,923,1
head_0_1_V,0,922,4
head_0_1_V,0,921,4
head_0_1_V,0,920,3
head_0_1_V,0,919,2
head_0_1_V,0,918,2
head_0_1_V,0,916,4
head_0_1_V,0,913,2
head_0_1_V,0,912,1
head_0_1_V,0,911,2
head_0_1_V,0,910,2
head_0_1_V,0,909,3
head_0_1_V,0,908,2
head_0_1_V,0,907,2
head_0_1_V,0,906,2
head_0_1_V,0,905,3
head_0_1_V,0,904,3
head_0_1_V,0,903,2
head_0_1_V,0,902,3
head_0_1_V,0,900,3
head_0_1_V,0,899,3
head_0_1_V,0,898,1
head_0_1_V,0,897,1
head_0_1_V,0,896,1
head_0_1_V,0,895,1
head_0_1_V,0,894,3
head_0_1_V,0,893,1
head_0_1_V,0,892,1
head_0_1_V,0,891,2
head_0_1_V,0,890,1
head_0_1_V,0,889,1
head_0_1_V,0,888,4
head_0_1_V,0,886,4
head_0_1_V,0,885,3
head_0_1_V,0,884,2
head_0_1_V,0,883,3
head_0_1_V,0,882,2
head_0_1_V,0,879,4
head_0_1_V,0,878,3
head_0_1_V,0,877,3
head_0_1_V,0,876,2
head_0_1_V,0,875,1
head_0_1_V,0,874,5
head_0_1_V,0,873,2
head_0_1_V,0,872,1
head_0_1_V,0,871,1
head_0_1_V,0,868,1
head_0_1_V,0,867,2
head_0_1_V,0,866,1
head_0_1_V,0,865,1
head_0_1_V,0,864,3
head_0_1_V,0,863,2
head_0_1_V,0,862,3
head_0_1_V,0,861,1
head_0_1_V,0,860,1
head_0_1_V,0,859,2
head_0_1_V,0,858,3
head_0_1_V,0,857,2
head_0_1_V,0,856,4
head_0_1_V,0,855,1
head_0_1_V,0,852,4
head_0_1_V,0,851,3
head_0_1_V,0,850,3
head_0_1_V,0,849,3
head_0_1_V,0,848,1
head_0_1_V,0,846,2
head_0_1_V,0,845,3
head_0_1_V,0,844,3
head_0_1_V,0,843,3
head_0_1_V,0,842,3
head_0_1_V,0,841,3
head_0_1_V,0,840,1
head_0_1_V,0,839,1
head_0_1_V,0,837,1
head_0_1_V,0,836,1
head_0_1_V,0,835,3
head_0_1_V,0,833,3
head_0_1_V,0,832,2
head_0_1_V,0,831,2
head_0_1_V,0,830,3
head_0_1_V,0,829,3
head_0_1_V,0,828,5
head_0_1_V,0,827,2
head_0_1_V,0,826,3
head_0_1_V,0,825,4
head_0_1_V,0,824,4
head_0_1_V,0,823,1
head_0_1_V,0,822,2
head_0_1_V,0,821,2
head_0_1_V,0,820,1
head_0_1_V,0,819,5
head_0_1_V,0,818,2
head_0_1_V,0,817,1
head_0_1_V,0,816,4
head_0_1_V,0,815,3
head_0_1_V,0,814,3
head_0_1_V,0,813,2
head_0_1_V,0,812,2
head_0_1_V,0,811,1
head_0_1_V,0,810,3
head_0_1_V,0,809,3
head_0_1_V,0,808,4
head_0_1_V,0,807,4
head_0_1_V,0,806,1
head_0_1_V,0,805,1
head_0_1_V,0,804,2
head_0_1_V,0,803,2
head_0_1_V,0,802,2
head_0_1_V,0,801,4
head_0_1_V,0,800,2
head_0_1_V,0,799,4
head_0_1_V,0,797,4
head_0_1_V,0,796,2
head_0_1_V,0,795,3
head_0_1_V,0,794,1
head_0_1_V,0,793,3
head_0_1_V,0,792,3
head_0_1_V,0,791,3
head_0_1_V,0,790,2
head_0_1_V,0,789,1
head_0_1_V,0,788,4
head_0_1_V,0,787,6
head_0_1_V,0,786,3
head_0_1_V,0,785,3
head_0_1_V,0,784,1
head_0_1_V,0,783,3
head_0_1_V,0,781,2
head_0_1_V,0,780,3
head_0_1_V,0,779,2
head_0_1_V,0,778,2
head_0_1_V,0,776,4
head_0_1_V,0,775,1
head_0_1_V,0,774,5
head_0_1_V,0,773,3
head_0_1_V,0,771,3
head_0_1_V,0,770,4
head_0_1_V,0,769,2
head_0_1_V,0,768,2
head_0_1_V,0,766,1
head_0_1_V,0,765,5
head_0_1_V,0,764,3
head_0_1_V,0,763,4
head_0_1_V,0,761,3
head_0_1_V,0,760,4
head_0_1_V,0,759,2
head_0_1_V,0,758,2
head_0_1_V,0,757,2
head_0_1_V,0,756,5
head_0_1_V,0,755,2
head_0_1_V,0,754,2
head_0_1_V,0,753,2
head_0_1_V,0,752,4
head_0_1_V,0,751,1
head_0_1_V,0,750,4
head_0_1_V,0,749,4
head_0_1_V,0,748,1
head_0_1_V,0,747,4
head_0_1_V,0,745,3
head_0_1_V,0,744,3
head_0_1_V,0,743,3
head_0_1_V,0,741,4
head_0_1_V,0,740,4
head_0_1_V,0,739,2
head_0_1_V,0,738,1
head_0_1_V,0,736,1
head_0_1_V,0,735,4
head_0_1_V,0,734,4
head_0_1_V,0,733,3
head_0_1_V,0,732,5
head_0_1_V,0,731,1
head_0_1_V,0,730,5
head_0_1_V,0,729,2
head_0_1_V,0,728,3
head_0_1_V,0,727,3
head_0_1_V,0,726,2
head_0_1_V,0,725,6
head_0_1_V,0,724,1
head_0_1_V,0,723,2
head_0_1_V,0,722,2
head_0_1_V,0,721,3
head_0_1_V,0,720,4
head_0_1_V,0,719,4
head_0_1_V,0,718,3
head_0_1_V,0,717,2
head_0_1_V,0,716,4
head_0_1_V,0,715,4
head_0_1_V,0,714,5
head_0_1_V,0,713,3
head_0_1_V,0,712,1
head_0_1_V,0,711,4
head_0_1_V,0,709,2
head_0_1_V,0,708,2
head_0_1_V,0,707,2
head_0_1_V,0,706,1
head_0_1_V,0,705,3
head_0_1_V,0,704,4
head_0_1_V,0,702,3
head_0_1_V,0,701,3
head_0_1_V,0,699,6
head_0_1_V,0,698,3
head_0_1_V,0,697,3
head_0_1_V,0,696,2
head_0_1_V,0,695,7
head_0_1_V,0,694,3
head_0_1_V,0,693,5
head_0_1_V,0,692,3
head_0_1_V,0,691,2
head_0_1_V,0,690,1
head_0_1_V,0,689,5
head_0_1_V,0,688,4
head_0_1_V,0,687,1
head_0_1_V,0,686,8
head_0_1_V,0,685,2
head_0_1_V,0,684,4
head_0_1_V,0,683,4
head_0_1_V,0,682,1
head_0_1_V,0,681,4
head_0_1_V,0,680,5
head_0_1_V,0,679,4
head_0_1_V,0,678,6
head_0_1_V,0,677,3
head_0_1_V,0,676,1
head_0_1_V,0,675,5
head_0_1_V,0,674,5
head_0_1_V,0,673,3
head_0_1_V,0,672,3
head_0_1_V,0,671,1
head_0_1_V,0,670,5
head_0_1_V,0,669,2
head_0_1_V,0,668,3
head_0_1_V,0,667,4
head_0_1_V,0,666,6
head_0_1_V,0,665,5
head_0_1_V,0,664,8
head_0_1_V,0,663,4
head_0_1_V,0,662,3
head_0_1_V,0,661,2
head_0_1_V,0,660,4
head_0_1_V,0,659,8
head_0_1_V,0,658,4
head_0_1_V,0,657,1
head_0_1_V,0,656,2
head_0_1_V,0,655,3
head_0_1_V,0,654,5
head_0_1_V,0,653,2
head_0_1_V,0,652,3
head_0_1_V,0,651,3
head_0_1_V,0,650,3
head_0_1_V,0,649,3
head_0_1_V,0,648,3
head_0_1_V,0,647,4
head_0_1_V,0,646,4
head_0_1_V,0,645,4
head_0_1_V,0,644,3
head_0_1_V,0,643,4
head_0_1_V,0,642,2
head_0_1_V,0,641,4
head_0_1_V,0,640,2
head_0_1_V,0,639,2
head_0_1_V,0,638,5
head_0_1_V,0,637,1
head_0_1_V,0,636,5
head_0_1_V,0,635,3
head_0_1_V,0,634,4
head_0_1_V,0,633,1
head_0_1_V,0,632,6
head_0_1_V,0,631,1
head_0_1_V,0,630,2
head_0_1_V,0,629,5
head_0_1_V,0,628,5
head_0_1_V,0,627,1
head_0_1_V,0,626,6
head_0_1_V,0,625,5
head_0_1_V,0,624,4
head_0_1_V,0,623,2
head_0_1_V,0,622,3
head_0_1_V,0,621,6
head_0_1_V,0,620,7
head_0_1_V,0,619,2
head_0_1_V,0,618,2
head_0_1_V,0,617,2
head_0_1_V,0,616,5
head_0_1_V,0,615,9
head_0_1_V,0,614,3
head_0_1_V,0,613,3
head_0_1_V,0,612,3
head_0_1_V,0,611,5
head_0_1_V,0,610,5
head_0_1_V,0,609,2
head_0_1_V,0,608,6
head_0_1_V,0,607,5
head_0_1_V,0,606,6
head_0_1_V,0,605,5
head_0_1_V,0,604,5
head_0_1_V,0,603,2
head_0_1_V,0,602,1
head_0_1_V,0,601,7
head_0_1_V,0,600,1
head_0_1_V,0,599,3
head_0_1_V,0,598,5
head_0_1_V,0,597,3
head_0_1_V,0,596,5
head_0_1_V,0,595,3
head_0_1_V,0,594,3
head_0_1_V,0,593,7
head_0_1_V,0,591,5
head_0_1_V,0,590,4
head_0_1_V,0,589,7
head_0_1_V,0,588,4
head_0_1_V,0,587,3
head_0_1_V,0,586,8
head_0_1_V,0,585,4
head_0_1_V,0,584,5
head_0_1_V,0,583,6
head_0_1_V,0,582,4
head_0_1_V,0,581,2
head_0_1_V,0,580,8
head_0_1_V,0,579,3
head_0_1_V,0,578,4
head_0_1_V,0,577,2
head_0_1_V,0,576,4
head_0_1_V,0,575,3
head_0_1_V,0,574,6
head_0_1_V,0,573,5
head_0_1_V,0,572,4
head_0_1_V,0,571,3
head_0_1_V,0,570,4
head_0_1_V,0,569,6
head_0_1_V,0,568,9
head_0_1_V,0,567,6
head_0_1_V,0,566,4
head_0_1_V,0,565,4
head_0_1_V,0,564,4
head_0_1_V,0,563,2
head_0_1_V,0,562,3
head_0_1_V,0,561,6
head_0_1_V,0,560,7
head_0_1_V,0,559,2
head_0_1_V,0,558,4
head_0_1_V,0,557,6
head_0_1_V,0,556,11
head_0_1_V,0,555,5
head_0_1_V,0,554,4
head_0_1_V,0,553,4
head_0_1_V,0,552,4
head_0_1_V,0,551,5
head_0_1_V,0,550,7
head_0_1_V,0,549,4
head_0_1_V,0,548,1
head_0_1_V,0,547,3
head_0_1_V,0,546,8
head_0_1_V,0,545,4
head_0_1_V,0,544,5
head_0_1_V,0,542,5
head_0_1_V,0,541,6
head_0_1_V,0,540,3
head_0_1_V,0,539,5
head_0_1_V,0,538,5
head_0_1_V,0,537,1
head_0_1_V,0,536,10
head_0_1_V,0,535,4
head_0_1_V,0,534,3
head_0_1_V,0,533,7
head_0_1_V,0,532,4
head_0_1_V,0,531,2
head_0_1_V,0,530,7
head_0_1_V,0,529,10
head_0_1_V,0,528,3
head_0_1_V,0,527,3
head_0_1_V,0,526,7
head_0_1_V,0,525,7
head_0_1_V,0,524,5
head_0_1_V,0,523,3
head_0_1_V,0,522,4
head_0_1_V,0,521,1
head_0_1_V,0,520,3
head_0_1_V,0,519,4
head_0_1_V,0,518,7
head_0_1_V,0,517,10
head_0_1_V,0,516,8
head_0_1_V,0,515,5
head_0_1_V,0,514,6
head_0_1_V,0,513,6
head_0_1_V,0,512,8
head_0_1_V,0,511,10
head_0_1_V,0,509,3
head_0_1_V,0,508,2
head_0_1_V,0,507,6
head_0_1_V,0,506,4
head_0_1_V,0,505,7
head_0_1_V,0,504,4
head_0_1_V,0,503,5
head_0_1_V,0,502,9
head_0_1_V,0,501,6
head_0_1_V,0,500,5
head_0_1_V,0,499,12
head_0_1_V,0,498,5
head_0_1_V,0,497,4
head_0_1_V,0,496,5
head_0_1_V,0,495,8
head_0_1_V,0,494,4
head_0_1_V,0,493,7
head_0_1_V,0,492,5
head_0_1_V,0,491,6
head_0_1_V,0,490,3
head_0_1_V,0,489,3
head_0_1_V,0,488,3
head_0_1_V,0,487,9
head_0_1_V,0,486,5
head_0_1_V,0,485,3
head_0_1_V,0,484,11
head_0_1_V,0,483,7
head_0_1_V,0,482,5
head_0_1_V,0,481,4
head_0_1_V,0,480,12
head_0_1_V,0,479,15
head_0_1_V,0,478,5
head_0_1_V,0,477,3
head_0_1_V,0,476,3
head_0_1_V,0,475,6
head_0_1_V,0,474,9
head_0_1_V,0,473,6
head_0_1_V,0,472,3
head_0_1_V,0,471,4
head_0_1_V,0,470,5
head_0_1_V,0,469,8
head_0_1_V,0,468,5
head_0_1_V,0,467,8
head_0_1_V,0,466,8
head_0_1_V,0,465,5
head_0_1_V,0,464,7
head_0_1_V,0,463,4
head_0_1_V,0,462,10
head_0_1_V,0,461,2
head_0_1_V,0,460,7
head_0_1_V,0,459,5
head_0_1_V,0,458,10
head_0_1_V,0,457,9
head_0_1_V,0,456,8
head_0_1_V,0,455,11
head_0_1_V,0,454,8
head_0_1_V,0,453,7
head_0_1_V,0,452,5
head_0_1_V,0,451,8
head_0_1_V,0,450,7
head_0_1_V,0,449,7
head_0_1_V,0,448,10
head_0_1_V,0,447,4
head_0_1_V,0,446,5
head_0_1_V,0,445,5
head_0_1_V,0,444,6
head_0_1_V,0,443,7
head_0_1_V,0,442,7
head_0_1_V,0,441,6
head_0_1_V,0,440,12
head_0_1_V,0,439,7
head_0_1_V,0,438,1
head_0_1_V,0,437,7
head_0_1_V,0,436,2
head_0_1_V,0,435,3
head_0_1_V,0,434,6
head_0_1_V,0,433,12
head_0_1_V,0,432,9
head_0_1_V,0,431,4
head_0_1_V,0,430,9
head_0_1_V,0,429,5
head_0_1_V,0,428,8
head_0_1_V,0,427,7
head_0_1_V,0,426,4
head_0_1_V,0,425,12
head_0_1_V,0,424,8
head_0_1_V,0,423,8
head_0_1_V,0,422,10
head_0_1_V,0,421,8
head_0_1_V,0,420,9
head_0_1_V,0,419,8
head_0_1_V,0,418,9
head_0_1_V,0,417,10
head_0_1_V,0,416,8
head_0_1_V,0,415,8
head_0_1_V,0,414,9
head_0_1_V,0,413,5
head_0_1_V,0,412,8
head_0_1_V,0,411,6
head_0_1_V,0,410,3
head_0_1_V,0,409,10
head_0_1_V,0,408,6
head_0_1_V,0,407,9
head_0_1_V,0,406,8
head_0_1_V,0,405,6
head_0_1_V,0,404,11
head_0_1_V,0,403,6
head_0_1_V,0,402,8
head_0_1_V,0,401,9
head_0_1_V,0,400,5
head_0_1_V,0,399,3
head_0_1_V,0,398,11
head_0_1_V,0,397,11
head_0_1_V,0,396,6
head_0_1_V,0,395,9
head_0_1_V,0,394,5
head_0_1_V,0,393,6
head_0_1_V,0,392,7
head_0_1_V,0,391,8
head_0_1_V,0,390,7
head_0_1_V,0,389,6
head_0_1_V,0,388,16
head_0_1_V,0,387,12
head_0_1_V,0,386,10
head_0_1_V,0,385,13
head_0_1_V,0,384,10
head_0_1_V,0,383,11
head_0_1_V,0,382,5
head_0_1_V,0,381,6
head_0_1_V,0,380,9
head_0_1_V,0,379,7
head_0_1_V,0,378,11
head_0_1_V,0,377,12
head_0_1_V,0,376,7
head_0_1_V,0,375,6
head_0_1_V,0,374,8
head_0_1_V,0,373,10
head_0_1_V,0,372,5
head_0_1_V,0,371,8
head_0_1_V,0,370,5
head_0_1_V,0,369,6
head_0_1_V,0,368,10
head_0_1_V,0,367,7
head_0_1_V,0,366,5
head_0_1_V,0,365,7
head_0_1_V,0,364,7
head_0_1_V,0,363,18
head_0_1_V,0,362,13
head_0_1_V,0,361,8
head_0_1_V,0,360,7
head_0_1_V,0,359,7
head_0_1_V,0,358,7
head_0_1_V,0,357,8
head_0_1_V,0,356,9
head_0_1_V,0,355,10
head_0_1_V,0,354,9
head_0_1_V,0,353,13
head_0_1_V,0,352,13
head_0_1_V,0,351,10
head_0_1_V,0,350,11
head_0_1_V,0,349,11
head_0_1_V,0,348,8
head_0_1_V,0,347,9
head_0_1_V,0,346,5
head_0_1_V,0,345,13
head_0_1_V,0,344,10
head_0_1_V,0,343,12
head_0_1_V,0,342,9
head_0_1_V,0,341,12
head_0_1_V,0,340,12
head_0_1_V,0,339,14
head_0_1_V,0,338,11
head_0_1_V,0,337,11
head_0_1_V,0,336,16
head_0_1_V,0,335,15
head_0_1_V,0,334,13
head_0_1_V,0,333,6
head_0_1_V,0,332,11
head_0_1_V,0,331,11
head_0_1_V,0,330,7
head_0_1_V,0,329,12
head_0_1_V,0,328,14
head_0_1_V,0,327,19
head_0_1_V,0,326,11
head_0_1_V,0,325,11
head_0_1_V,0,324,9
head_0_1_V,0,323,9
head_0_1_V,0,322,9
head_0_1_V,0,321,13
head_0_1_V,0,320,7
head_0_1_V,0,319,12
head_0_1_V,0,318,12
head_0_1_V,0,317,14
head_0_1_V,0,316,17
head_0_1_V,0,315,12
head_0_1_V,0,314,8
head_0_1_V,0,313,15
head_0_1_V,0,312,9
head_0_1_V,0,311,9
head_0_1_V,0,310,10
head_0_1_V,0,309,12
head_0_1_V,0,308,10
head_0_1_V,0,307,15
head_0_1_V,0,306,14
head_0_1_V,0,305,12
head_0_1_V,0,304,14
head_0_1_V,0,303,12
head_0_1_V,0,302,12
head_0_1_V,0,301,15
head_0_1_V,0,300,14
head_0_1_V,0,299,17
head_0_1_V,0,298,9
head_0_1_V,0,297,15
head_0_1_V,0,296,14
head_0_1_V,0,295,14
head_0_1_V,0,294,12
head_0_1_V,0,293,10
head_0_1_V,0,292,10
head_0_1_V,0,291,13
head_0_1_V,0,290,16
head_0_1_V,0,289,13
head_0_1_V,0,288,17
head_0_1_V,0,287,16
head_0_1_V,0,286,13
head_0_1_V,0,285,13
head_0_1_V,0,284,16
head_0_1_V,0,283,9
head_0_1_V,0,282,12
head_0_1_V,0,281,14
head_0_1_V,0,280,14
head_0_1_V,0,279,16
head_0_1_V,0,278,11
head_0_1_V,0,277,11
head_0_1_V,0,276,15
head_0_1_V,0,275,19
head_0_1_V,0,274,19
head_0_1_V,0,273,18
head_0_1_V,0,272,21
head_0_1_V,0,271,15
head_0_1_V,0,270,14
head_0_1_V,0,269,22
head_0_1_V,0,268,16
head_0_1_V,0,267,17
head_0_1_V,0,266,14
head_0_1_V,0,265,25
head_0_1_V,0,264,12
head_0_1_V,0,263,11
head_0_1_V,0,262,7
head_0_1_V,0,261,19
head_0_1_V,0,260,17
head_0_1_V,0,259,17
head_0_1_V,0,258,15
head_0_1_V,0,257,21
head_0_1_V,0,256,18
head_0_1_V,0,255,14
head_0_1_V,0,254,19
head_0_1_V,0,253,13
head_0_1_V,0,252,20
head_0_1_V,0,251,20
head_0_1_V,0,250,16
head_0_1_V,0,249,20
head_0_1_V,0,248,20
head_0_1_V,0,247,13
head_0_1_V,0,246,20
head_0_1_V,0,245,24
head_0_1_V,0,244,19
head_0_1_V,0,243,21
head_0_1_V,0,242,19
head_0_1_V,0,241,19
head_0_1_V,0,240,22
head_0_1_V,0,239,16
head_0_1_V,0,238,16
head_0_1_V,0,237,25
head_0_1_V,0,236,18
head_0_1_V,0,235,18
head_0_1_V,0,234,27
head_0_1_V,0,233,21
head_0_1_V,0,232,20
head_0_1_V,0,231,18
head_0_1_V,0,230,18
head_0_1_V,0,229,21
head_0_1_V,0,228,26
head_0_1_V,0,227,17
head_0_1_V,0,226,30
head_0_1_V,0,225,19
head_0_1_V,0,224,20
head_0_1_V,0,223,20
head_0_1_V,0,222,17
head_0_1_V,0,221,16
head_0_1_V,0,220,20
head_0_1_V,0,219,17
head_0_1_V,0,218,18
head_0_1_V,0,217,16
head_0_1_V,0,216,27
head_0_1_V,0,215,16
head_0_1_V,0,214,22
head_0_1_V,0,213,25
head_0_1_V,0,212,24
head_0_1_V,0,211,26
head_0_1_V,0,210,21
head_0_1_V,0,209,23
head_0_1_V,0,208,22
head_0_1_V,0,207,22
head_0_1_V,0,206,19
head_0_1_V,0,205,27
head_0_1_V,0,204,19
head_0_1_V,0,203,22
head_0_1_V,0,202,24
head_0_1_V,0,201,24
head_0_1_V,0,200,25
head_0_1_V,0,199,36
head_0_1_V,0,198,29
head_0_1_V,0,197,21
head_0_1_V,0,196,21
head_0_1_V,0,195,15
head_0_1_V,0,194,30
head_0_1_V,0,193,33
head_0_1_V,0,192,28
head_0_1_V,0,191,18
head_0_1_V,0,190,28
head_0_1_V,0,189,18
head_0_1_V,0,188,30
head_0_1_V,0,187,26
head_0_1_V,0,186,29
head_0_1_V,0,185,29
head_0_1_V,0,184,29
head_0_1_V,0,183,34
head_0_1_V,0,182,21
head_0_1_V,0,181,31
head_0_1_V,0,180,22
head_0_1_V,0,179,30
head_0_1_V,0,178,37
head_0_1_V,0,177,29
head_0_1_V,0,176,27
head_0_1_V,0,175,31
head_0_1_V,0,174,40
head_0_1_V,0,173,23
head_0_1_V,0,172,34
head_0_1_V,0,171,40
head_0_1_V,0,170,33
head_0_1_V,0,169,27
head_0_1_V,0,168,38
head_0_1_V,0,167,21
head_0_1_V,0,166,22
head_0_1_V,0,165,34
head_0_1_V,0,164,36
head_0_1_V,0,163,28
head_0_1_V,0,162,30
head_0_1_V,0,161,34
head_0_1_V,0,160,36
head_0_1_V,0,159,40
head_0_1_V,0,158,30
head_0_1_V,0,157,30
head_0_1_V,0,156,35
head_0_1_V,0,155,36
head_0_1_V,0,154,35
head_0_1_V,0,153,33
head_0_1_V,0,152,32
head_0_1_V,0,151,37
head_0_1_V,0,150,27
head_0_1_V,0,149,45
head_0_1_V,0,148,32
head_0_1_V,0,147,30
head_0_1_V,0,146,39
head_0_1_V,0,145,39
head_0_1_V,0,144,35
head_0_1_V,0,143,40
head_0_1_V,0,142,50
head_0_1_V,0,141,28
head_0_1_V,0,140,43
head_0_1_V,0,139,49
head_0_1_V,0,138,49
head_0_1_V,0,137,38
head_0_1_V,0,136,46
head_0_1_V,0,135,38
head_0_1_V,0,134,40
head_0_1_V,0,133,36
head_0_1_V,0,132,32
head_0_1_V,0,131,49
head_0_1_V,0,130,48
head_0_1_V,0,129,49
head_0_1_V,0,128,49
head_0_1_V,0,127,50
head_0_1_V,0,126,46
head_0_1_V,0,125,44
head_0_1_V,0,124,49
head_0_1_V,0,123,41
head_0_1_V,0,122,48
head_0_1_V,0,121,59
head_0_1_V,0,120,50
head_0_1_V,0,119,52
head_0_1_V,0,118,45
head_0_1_V,0,117,70
head_0_1_V,0,116,50
head_0_1_V,0,115,60
head_0_1_V,0,114,31
head_0_1_V,0,113,48
head_0_1_V,0,112,49
head_0_1_V,0,111,55
head_0_1_V,0,110,47
head_0_1_V,0,109,54
head_0_1_V,0,108,46
head_0_1_V,0,107,56
head_0_1_V,0,106,57
head_0_1_V,0,105,67
head_0_1_V,0,104,65
head_0_1_V,0,103,61
head_0_1_V,0,102,58
head_0_1_V,0,101,68
head_0_1_V,0,100,72
head_0_1_V,0,99,66
head_0_1_V,0,98,45
head_0_1_V,0,97,63
head_0_1_V,0,96,61
head_0_1_V,0,95,62
head_0_1_V,0,94,66
head_0_1_V,0,93,77
head_0_1_V,0,92,58
head_0_1_V,0,91,64
head_0_1_V,0,90,70
head_0_1_V,0,89,72
head_0_1_V,0,88,70
head_0_1_V,0,87,91
head_0_1_V,0,86,91
head_0_1_V,0,85,76
head_0_1_V,0,84,83
head_0_1_V,0,83,81
head_0_1_V,0,82,80
head_0_1_V,0,81,76
head_0_1_V,0,80,89
head_0_1_V,0,79,96
head_0_1_V,0,78,77
head_0_1_V,0,77,95
head_0_1_V,0,76,100
head_0_1_V,0,75,100
head_0_1_V,0,74,80
head_0_1_V,0,73,90
head_0_1_V,0,72,100
head_0_1_V,0,71,90
head_0_1_V,0,70,86
head_0_1_V,0,69,114
head_0_1_V,0,68,108
head_0_1_V,0,67,108
head_0_1_V,0,66,95
head_0_1_V,0,65,103
head_0_1_V,0,64,93
head_0_1_V,0,63,116
head_0_1_V,0,62,80
head_0_1_V,0,61,112
head_0_1_V,0,60,104
head_0_1_V,0,59,136
head_0_1_V,0,58,116
head_0_1_V,0,57,110
head_0_1_V,0,56,136
head_0_1_V,0,55,112
head_0_1_V,0,54,126
head_0_1_V,0,53,140
head_0_1_V,0,52,140
head_0_1_V,0,51,146
head_0_1_V,0,50,109
head_0_1_V,0,49,173
head_0_1_V,0,48,165
head_0_1_V,0,47,146
head_0_1_V,0,46,144
head_0_1_V,0,45,169
head_0_1_V,0,44,178
head_0_1_V,0,43,170
head_0_1_V,0,42,164
head_0_1_V,0,41,196
head_0_1_V,0,40,170
head_0_1_V,0,39,191
head_0_1_V,0,38,184
head_0_1_V,0,37,192
head_0_1_V,0,36,187
head_0_1_V,0,35,189
head_0_1_V,0,34,189
head_0_1_V,0,33,218
head_0_1_V,0,32,213
head_0_1_V,0,31,232
head_0_1_V,0,30,238
head_0_1_V,0,29,269
head_0_1_V,0,28,254
head_0_1_V,0,27,238
head_0_1_V,0,26,266
head_0_1_V,0,25,280
head_0_1_V,0,24,308
head_0_1_V,0,23,322
head_0_1_V,0,22,310
head_0_1_V,0,21,307
head_0_1_V,0,20,329
head_0_1_V,0,19,391
head_0_1_V,0,18,402
head_0_1_V,0,17,378
head_0_1_V,0,16,350
head_0_1_V,0,15,409
head_0_1_V,0,14,435
head_0_1_V,0,13,455
head_0_1_V,0,12,485
head_0_1_V,0,11,494
head_0_1_V,0,10,533
head_0_1_V,0,9,579
head_0_1_V,0,8,669
head_0_1_V,0,7,672
head_0_1_V,0,6,736
head_0_1_V,0,5,785
head_0_1_V,0,4,827
head_0_1_V,0,3,921
head_0_1_V,0,2,1161
head_0_1_V,0,1,1467
head_0_1_V,0,0,32097
head_0_1_V,1,22382,1
head_0_1_V,1,21498,1
head_0_1_V,1,18770,1
head_0_1_V,1,13707,1
head_0_1_V,1,13161,1
head_0_1_V,1,13055,1
head_0_1_V,1,12743,1
head_0_1_V,1,12102,1
head_0_1_V,1,11260,1
head_0_1_V,1,11083,1
head_0_1_V,1,9643,1
head_0_1_V,1,9636,1
head_0_1_V,1,9188,1
head_0_1_V,1,8909,1
head_0_1_V,1,8818,1
head_0_1_V,1,8557,1
head_0_1_V,1,8443,1
head_0_1_V,1,8426,1
head_0_1_V,1,8326,1
head_0_1_V,1,8285,1
head_0_1_V,1,8241,1
head_0_1_V,1,8230,1
head_0_1_V,1,8141,1
head_0_1_V,1,8016,1
head_0_1_V,1,7643,1
head_0_1_V,1,7455,1
head_0_1_V,1,7422,1
head_0_1_V,1,7384,1
head_0_1_V,1,7355,1
head_0_1_V,1,7012,1
head_0_1_V,1,6988,1
head_0_1_V,1,6966,1
head_0_1_V,1,6922,1
head_0_1_V,1,6840,1
head_0_1_V,1,6686,1
head_0_1_V,1,6577,1
head_0_1_V,1,6475,1
head_0_1_V,1,6448,2
head_0_1_V,1,6400,1
head_0_1_V,1,6180,1
head_0_1_V,1,6112,1
head_0_1_V,1,6077,1
head_0_1_V,1,5982,1
head_0_1_V,1,5834,1
head_0_1_V,1,5827,1
head_0_1_V,1,5793,1
head_0_1_V,1,5789,1
head_0_1_V,1,5786,1
head_0_1_V,1,5765,1
head_0_1_V,1,5756,1
head_0_1_V,1,5753,1
head_0_1_V,1,5742,2
head_0_1_V,1,5712,1
head_0_1_V,1,5708,1
head_0_1_V,1,5687,1
head_0_1_V,1,5674,1
head_0_1_V,1,5644,1
head_0_1_V,1,5562,1
head_0_1_V,1,5549,1
head_0_1_V,1,5475,1
head_0_1_V,1,5473,1
head_0_1_V,1,5389,1
head_0_1_V,1,5323,1
head_0_1_V,1,5291,1
head_0_1_V,1,5262,1
head_0_1_V,1,5236,1
head_0_1_V,1,5192,1
head_0_1_V,1,5191,1
head_0_1_V,1,5164,1
head_0_1_V,1,5143,1
head_0_1_V,1,5130,1
head_0_1_V,1,5112,1
head_0_1_V,1,5097,2
head_0_1_V,1,4990,1
head_0_1_V,1,4965,1
head_0_1_V,1,4920,1
head_0_1_V,1,4900,1
head_0_1_V,1,4899,1
head_0_1_V,1,4891,1
head_0_1_V,1,4862,1
head_0_1_V,1,4844,1
head_0_1_V,1,4831,1
head_0_1_V,1,4828,1
head_0_1_V,1,4827,1
head_0_1_V,1,4746,1
head_0_1_V,1,4737,1
head_0_1_V,1,4731,1
head_0_1_V,1,4662,1
head_0_1_V,1,4652,1
head_0_1_V,1,4629,1
head_0_1_V,1,4586,1
head_0_1_V,1,4570,1
head_0_1_V,1,4560,1
head_0_1_V,1,4524,1
head_0_1_V,1,4511,1
head_0_1_V,1,4456,1
head_0_1_V,1,4417,1
head_0_1_V,1,4382,1
head_0_1_V,1,4378,1
head_0_1_V,1,4360,1
head_0_1_V,1,4358,1
head_0_1_V,1,4307,1
head_0_1_V,1,4234,1
head_0_1_V,1,4208,1
head_0_1_V,1,4177,1
head_0_1_V,1,4165,1
head_0_1_V,1,4161,1
head_0_1_V,1,4151,1
head_0_1_V,1,4147,1
head_0_1_V,1,4100,1
head_0_1_V,1,4084,1
head_0_1_V,1,4069,1
head_0_1_V,1,4068,1
head_0_1_V,1,3988,1
head_0_1_V,1,3980,1
head_0_1_V,1,3956,1
head_0_1_V,1,3953,1
head_0_1_V,1,3892,1
head_0_1_V,1,3861,1
head_0_1_V,1,3859,1
head_0_1_V,1,3808,1
head_0_1_V,1,3800,1
head_0_1_V,1,3787,2
head_0_1_V,1,3774,1
head_0_1_V,1,3766,1
head_0_1_V,1,3743,1
head_0_1_V,1,3735,1
head_0_1_V,1,3690,1
head_0_1_V,1,3682,1
head_0_1_V,1,3669,1
head_0_1_V,1,3666,2
head_0_1_V,1,3663,1
head_0_1_V,1,3658,1
head_0_1_V,1,3615,1
head_0_1_V,1,3611,1
head_0_1_V,1,3560,1
head_0_1_V,1,3551,1
head_0_1_V,1,3517,1
head_0_1_V,1,3461,1
head_0_1_V,1,3452,1
head_0_1_V,1,3449,1
head_0_1_V,1,3417,1
head_0_1_V,1,3412,1
head_0_1_V,1,3398,1
head_0_1_V,1,3397,1
head_0_1_V,1,3354,1
head_0_1_V,1,3308,1
head_0_1_V,1,3284,1
head_0_1_V,1,3275,2
head_0_1_V,1,3257,1
head_0_1_V,1,3255,1
head_0_1_V,1,3246,1
head_0_1_V,1,3245,1
head_0_1_V,1,3233,1
head_0_1_V,1,3224,1
head_0_1_V,1,3207,1
head_0_1_V,1,3192,1
head_0_1_V,1,3173,1
head_0_1_V,1,3156,1
head_0_1_V,1,3138,1
head_0_1_V,1,3133,1
head_0_1_V,1,3117,1
head_0_1_V,1,3054,1
head_0_1_V,1,3041,1
head_0_1_V,1,3027,1
head_0_1_V,1,2993,1
head_0_1_V,1,2990,1
head_0_1_V,1,2969,1
head_0_1_V,1,2950,1
head_0_1_V,1,2922,1
head_0_1_V,1,2909,1
head_0_1_V,1,2890,1
head_0_1_V,1,2886,1
head_0_1_V,1,2860,1
head_0_1_V,1,2855,1
head_0_1_V,1,2850,2
head_0_1_V,1,2843,1
head_0_1_V,1,2832,1
head_0_1_V,1,2829,1
head_0_1_V,1,2823,1
head_0_1_V,1,2817,1
head_0_1_V,1,2814,1
head_0_1_V,1,2793,1
head_0_1_V,1,2789,1
head_0_1_V,1,2769,1
head_0_1_V,1,2764,1
head_0_1_V,1,2754,1
head_0_1_V,1,2727,1
head_0_1_V,1,2725,1
head_0_1_V,1,2718,1
head_0_1_V,1,2716,1
head_0_1_V,1,2710,1
head_0_1_V,1,2709,1
head_0_1_V,1,2701,2
head_0_1_V,1,2694,1
head_0_1_V,1,2673,2
head_0_1_V,1,2667,1
head_0_1_V,1,2662,1
head_0_1_V,1,2661,1
head_0_1_V,1,2632,1
head_0_1_V,1,2631,1
head_0_1_V,1,2618,1
head_0_1_V,1,2589,1
head_0_1_V,1,2586,1
head_0_1_V,1,2583,1
head_0_1_V,1,2560,1
head_0_1_V,1,2549,1
head_0_1_V,1,2497,1
head_0_1_V,1,2490,1
head_0_1_V,1,2487,1
head_0_1_V,1,2483,2
head_0_1_V,1,2481,1
head_0_1_V,1,2475,1
head_0_1_V,1,2472,1
head_0_1_V,1,2470,1
head_0_1_V,1,2445,2
head_0_1_V,1,2433,1
head_0_1_V,1,2431,1
head_0_1_V,1,2423,1
head_0_1_V,1,2418,1
head_0_1_V,1,2399,1
head_0_1_V,1,2393,1
head_0_1_V,1,2392,1
head_0_1_V,1,2368,1
head_0_1_V,1,2364,1
head_0_1_V,1,2362,1
head_0_1_V,1,2357,2
head_0_1_V,1,2348,1
head_0_1_V,1,2343,1
head_0_1_V,1,2342,1
head_0_1_V,1,2330,1
head_0_1_V,1,2328,1
head_0_1_V,1,2323,1
head_0_1_V,1,2320,1
head_0_1_V,1,2317,1
head_0_1_V,1,2310,1
head_0_1_V,1,2304,1
head_0_1_V,1,2296,1
head_0_1_V,1,2292,1
head_0_1_V,1,2289,2
head_0_1_V,1,2287,1
head_0_1_V,1,2285,1
head_0_1_V,1,2282,1
head_0_1_V,1,2280,1
head_0_1_V,1,2270,1
head_0_1_V,1,2248,1
head_0_1_V,1,2246,1
head_0_1_V,1,2238,2
head_0_1_V,1,2230,1
head_0_1_V,1,2223,2
head_0_1_V,1,2221,1
head_0_1_V,1,2219,1
head_0_1_V,1,2218,1
head_0_1_V,1,2212,1
head_0_1_V,1,2210,1
head_0_1_V,1,2205,1
head_0_1_V,1,2192,1
head_0_1_V,1,2189,1
head_0_1_V,1,2188,1
head_0_1_V,1,2186,1
head_0_1_V,1,2168,1
head_0_1_V,1,2167,1
head_0_1_V,1,2166,1
head_0_1_V,1,2164,1
head_0_1_V,1,2153,1
head_0_1_V,1,2143,1
head_0_1_V,1,2137,1
head_0_1_V,1,2123,1
head_0_1_V,1,2121,1
head_0_1_V,1,2118,1
head_0_1_V,1,2116,1
head_0_1_V,1,2112,1
head_0_1_V,1,2111,1
head_0_1_V,1,2107,1
head_0_1_V,1,2106,1
head_0_1_V,1,2102,3
head_0_1_V,1,2098,1
head_0_1_V,1,2092,1
head_0_1_V,1,2084,1
head_0_1_V,1,2079,1
head_0_1_V,1,2076,2
head_0_1_V,1,2070,1
head_0_1_V,1,2067,1
head_0_1_V,1,2066,1
head_0_1_V,1,2065,1
head_0_1_V,1,2059,2
head_0_1_V,1,2057,1
head_0_1_V,1,2050,1
head_0_1_V,1,2049,1
head_0_1_V,1,2048,1
head_0_1_V,1,2042,2
head_0_1_V,1,2035,1
head_0_1_V,1,2029,2
head_0_1_V,1,2022,1
head_0_1_V,1,2021,2
head_0_1_V,1,2020,1
head_0_1_V,1,2017,1
head_0_1_V,1,2005,1
head_0_1_V,1,2003,1
head_0_1_V,1,2000,1
head_0_1_V,1,1996,1
head_0_1_V,1,1995,1
head_0_1_V,1,1992,1
head_0_1_V,1,1990,2
head_0_1_V,1,1986,1
head_0_1_V,1,1980,1
head_0_1_V,1,1971,1
head_0_1_V,1,1967,2
head_0_1_V,1,1965,1
head_0_1_V,1,1962,1
head_0_1_V,1,1958,1
head_0_1_V,1,1956,1
head_0_1_V,1,1951,1
head_0_1_V,1,1948,2
head_0_1_V,1,1946,1
head_0_1_V,1,1941,1
head_0_1_V,1,1939,1
head_0_1_V,1,1938,3
head_0_1_V,1,1933,1
head_0_1_V,1,1929,1
head_0_1_V,1,1925,2
head_0_1_V,1,1919,1
head_0_1_V,1,1914,1
head_0_1_V,1,1900,1
head_0_1_V,1,1898,1
head_0_1_V,1,1896,1
head_0_1_V,1,1894,1
head_0_1_V,1,1893,1
head_0_1_V,1,1889,1
head_0_1_V,1,1887,1
head_0_1_V,1,1883,1
head_0_1_V,1,1876,1
head_0_1_V,1,1865,1
head_0_1_V,1,1864,3
head_0_1_V,1,1853,1
head_0_1_V,1,1847,1
head_0_1_V,1,1845,1
head_0_1_V,1,1841,2
head_0_1_V,1,1840,2
head_0_1_V,1,1839,1
head_0_1_V,1,1837,1
head_0_1_V,1,1835,1
head_0_1_V,1,1830,1
head_0_1_V,1,1827,1
head_0_1_V,1,1819,2
head_0_1_V,1,1814,1
head_0_1_V,1,1812,1
head_0_1_V,1,1809,1
head_0_1_V,1,1808,1
head_0_1_V,1,1807,1
head_0_1_V,1,1806,1
head_0_1_V,1,1800,1
head_0_1_V,1,1782,1
head_0_1_V,1,1779,1
head_0_1_V,1,1775,1
head_0_1_V,1,1769,1
head_0_1_V,1,1767,1
head_0_1_V,1,1766,1
head_0_1_V,1,1761,3
head_0_1_V,1,1750,1
head_0_1_V,1,1744,1
head_0_1_V,1,1743,1
head_0_1_V,1,1738,1
head_0_1_V,1,1737,2
head_0_1_V,1,1735,1
head_0_1_V,1,1734,1
head_0_1_V,1,1730,2
head_0_1_V,1,1725,1
head_0_1_V,1,1724,1
head_0_1_V,1,1723,1
head_0_1_V,1,1722,2
head_0_1_V,1,1719,1
head_0_1_V,1,1716,1
head_0_1_V,1,1715,1
head_0_1_V,1,1714,1
head_0_1_V,1,1712,1
head_0_1_V,1,1710,1
head_0_1_V,1,1703,2
head_0_1_V,1,1692,1
head_0_1_V,1,1691,2
head_0_1_V,1,1681,2
head_0_1_V,1,1674,1
head_0_1_V,1,1667,1
head_0_1_V,1,1663,1
head_0_1_V,1,1662,1
head_0_1_V,1,1661,1
head_0_1_V,1,1660,1
head_0_1_V,1,1654,2
head_0_1_V,1,1651,1
head_0_1_V,1,1645,1
head_0_1_V,1,1641,1
head_0_1_V,1,1634,1
head_0_1_V,1,1632,1
head_0_1_V,1,1629,2
head_0_1_V,1,1626,1
head_0_1_V,1,1623,1
head_0_1_V,1,1621,1
head_0_1_V,1,1620,1
head_0_1_V,1,1616,1
head_0_1_V,1,1612,1
head_0_1_V,1,1609,1
head_0_1_V,1,1608,1
head_0_1_V,1,1606,1
head_0_1_V,1,1605,2
head_0_1_V,1,1603,1
head_0_1_V,1,1597,3
head_0_1_V,1,1592,2
head_0_1_V,1,1587,1
head_0_1_V,1,1586,1
head_0_1_V,1,1579,1
head_0_1_V,1,1577,1
head_0_1_V,1,1576,2
head_0_1_V,1,1575,3
head_0_1_V,1,1574,1
head_0_1_V,1,1572,1
head_0_1_V,1,1571,1
head_0_1_V,1,1567,1
head_0_1_V,1,1566,1
head_0_1_V,1,1562,1
head_0_1_V,1,1561,1
head_0_1_V,1,1560,1
head_0_1_V,1,1556,1
head_0_1_V,1,1555,1
head_0_1_V,1,1554,1
head_0_1_V,1,1547,3
head_0_1_V,1,1546,1
head_0_1_V,1,1545,1
head_0_1_V,1,1543,1
head_0_1_V,1,1542,1
head_0_1_V,1,1541,1
head_0_1_V,1,1540,1
head_0_1_V,1,1538,1
head_0_1_V,1,1537,1
head_0_1_V,1,1535,1
head_0_1_V,1,1534,1
head_0_1_V,1,1533,1
head_0_1_V,1,1531,2
head_0_1_V,1,1530,1
head_0_1_V,1,1529,1
head_0_1_V,1,1527,1
head_0_1_V,1,1525,1
head_0_1_V,1,1515,1
head_0_1_V,1,1514,1
head_0_1_V,1,1513,1
head_0_1_V,1,1512,1
head_0_1_V,1,1511,1
head_0_1_V,1,1510,2
head_0_1_V,1,1508,1
head_0_1_V,1,1506,1
head_0_1_V,1,1503,3
head_0_1_V,1,1501,1
head_0_1_V,1,1500,1
head_0_1_V,1,1495,1
head_0_1_V,1,1494,1
head_0_1_V,1,1493,2
head_0_1_V,1,1484,1
head_0_1_V,1,1482,1
head_0_1_V,1,1479,1
head_0_1_V,1,1477,1
head_0_1_V,1,1475,2
head_0_1_V,1,1474,1
head_0_1_V,1,1469,1
head_0_1_V,1,1465,1
head_0_1_V,1,1463,2
head_0_1_V,1,1461,1
head_0_1_V,1,1457,1
head_0_1_V,1,1453,1
head_0_1_V,1,1444,3
head_0_1_V,1,1441,1
head_0_1_V,1,1438,2
head_0_1_V,1,1436,1
head_0_1_V,1,1435,2
head_0_1_V,1,1433,1
head_0_1_V,1,1430,1
head_0_1_V,1,1429,1
head_0_1_V,1,1427,1
head_0_1_V,1,1425,1
head_0_1_V,1,1424,1
head_0_1_V,1,1423,1
head_0_1_V,1,1422,1
head_0_1_V,1,1420,2
head_0_1_V,1,1417,1
head_0_1_V,1,1416,1
head_0_1_V,1,1411,1
head_0_1_V,1,1410,1
head_0_1_V,1,1408,2
head_0_1_V,1,1407,3
head_0_1_V,1,1406,1
head_0_1_V,1,1401,1
head_0_1_V,1,1400,1
head_0_1_V,1,1398,1
head_0_1_V,1,1395,2
head_0_1_V,1,1392,1
head_0_1_V,1,1391,1
head_0_1_V,1,1390,2
head_0_1_V,1,1384,4
head_0_1_V,1,1382,2
head_0_1_V,1,1378,1
head_0_1_V,1,1377,1
head_0_1_V,1,1374,1
head_0_1_V,1,1371,1
head_0_1_V,1,1368,1
head_0_1_V,1,1367,1
head_0_1_V,1,1364,1
head_0_1_V,1,1363,2
head_0_1_V,1,1359,1
head_0_1_V,1,1357,1
head_0_1_V,1,1352,1
head_0_1_V,1,1350,1
head_0_1_V,1,1349,2
head_0_1_V,1,1348,1
head_0_1_V,1,1347,1
head_0_1_V,1,1344,2
head_0_1_V,1,1343,1
head_0_1_V,1,1341,1
head_0_1_V,1,1340,1
head_0_1_V,1,1339,1
head_0_1_V,1,1338,1
head_0_1_V,1,1336,2
head_0_1_V,1,1335,1
head_0_1_V,1,1332,2
head_0_1_V,1,1330,2
head_0_1_V,1,1327,1
head_0_1_V,1,1326,1
head_0_1_V,1,1324,1
head_0_1_V,1,1321,3
head_0_1_V,1,1320,1
head_0_1_V,1,1318,1
head_0_1_V,1,1317,1
head_0_1_V,1,1311,1
head_0_1_V,1,1309,1
head_0_1_V,1,1306,1
head_0_1_V,1,1305,2
head_0_1_V,1,1303,1
head_0_1_V,1,1301,2
head_0_1_V,1,1297,2
head_0_1_V,1,1296,2
head_0_1_V,1,1295,1
head_0_1_V,1,1293,1
head_0_1_V,1,1292,1
head_0_1_V,1,1291,4
head_0_1_V,1,1290,2
head_0_1_V,1,1288,2
head_0_1_V,1,1285,2
head_0_1_V,1,1284,1
head_0_1_V,1,1283,1
head_0_1_V,1,1281,1
head_0_1_V,1,1279,1
head_0_1_V,1,1276,1
head_0_1_V,1,1273,1
head_0_1_V,1,1268,1
head_0_1_V,1,1267,1
head_0_1_V,1,1265,1
head_0_1_V,1,1263,2
head_0_1_V,1,1262,1
head_0_1_V,1,1259,3
head_0_1_V,1,1258,1
head_0_1_V,1,1257,4
head_0_1_V,1,1256,1
head_0_1_V,1,1252,2
head_0_1_V,1,1248,1
head_0_1_V,1,1245,1
head_0_1_V,1,1242,1
head_0_1_V,1,1240,2
head_0_1_V,1,1237,1
head_0_1_V,1,1236,1
head_0_1_V,1,1234,2
head_0_1_V,1,1233,1
head_0_1_V,1,1232,1
head_0_1_V,1,1230,2
head_0_1_V,1,1226,2
head_0_1_V,1,1225,1
head_0_1_V,1,1222,2
head_0_1_V,1,1221,2
head_0_1_V,1,1220,1
head_0_1_V,1,1216,1
head_0_1_V,1,1215,1
head_0_1_V,1,1212,2
head_0_1_V,1,1207,1
head_0_1_V,1,1204,3
head_0_1_V,1,1201,1
head_0_1_V,1,1200,2
head_0_1_V,1,1199,2
head_0_1_V,1,1197,1
head_0_1_V,1,1196,1
head_0_1_V,1,1195,1
head_0_1_V,1,1194,4
head_0_1_V,1,1192,1
head_0_1_V,1,1190,2
head_0_1_V,1,1188,2
head_0_1_V,1,1186,1
head_0_1_V,1,1185,1
head_0_1_V,1,1184,1
head_0_1_V,1,1182,2
head_0_1_V,1,1180,2
head_0_1_V,1,1179,1
head_0_1_V,1,1174,3
head_0_1_V,1,1173,1
head_0_1_V,1,1172,1
head_0_1_V,1,1166,1
head_0_1_V,1,1165,1
head_0_1_V,1,1164,3
head_0_1_V,1,1163,1
head_0_1_V,1,1162,1
head_0_1_V,1,1161,3
head_0_1_V,1,1160,1
head_0_1_V,1,1159,4
head_0_1_V,1,1157,1
head_0_1_V,1,1155,1
head_0_1_V,1,1154,2
head_0_1_V,1,1151,1
head_0_1_V,1,1149,3
head_0_1_V,1,1148,2
head_0_1_V,1,1145,1
head_0_1_V,1,1144,2
head_0_1_V,1,1143,2
head_0_1_V,1,1142,1
head_0_1_V,1,1141,2
head_0_1_V,1,1140,1
head_0_1_V,1,1139,3
head_0_1_V,1,1138,1
head_0_1_V,1,1137,1
head_0_1_V,1,1136,2
head_0_1_V,1,1135,1
head_0_1_V,1,1132,1
head_0_1_V,1,1131,1
head_0_1_V,1,1130,1
head_0_1_V,1,1129,1
head_0_1_V,1,1128,1
head_0_1_V,1,1127,1
head_0_1_V,1,1126,1
head_0_1_V,1,1125,1
head_0_1_V,1,1124,2
head_0_1_V,1,1123,2
head_0_1_V,1,1121,1
head_0_1_V,1,1117,1
head_0_1_V,1,1116,1
head_0_1_V,1,1114,2
head_0_1_V,1,1113,1
head_0_1_V,1,1112,1
head_0_1_V,1,1111,1
head_0_1_V,1,1110,1
head_0_1_V,1,1108,1
head_0_1_V,1,1107,1
head_0_1_V,1,1106,1
head_0_1_V,1,1105,1
head_0_1_V,1,1104,1
head_0_1_V,1,1103,1
head_0_1_V,1,1102,1
head_0_1_V,1,1101,1
head_0_1_V,1,1100,3
head_0_1_V,1,1099,1
head_0_1_V,1,1098,2
head_0_1_V,1,1096,1
head_0_1_V,1,1095,2
head_0_1_V,1,1091,1
head_0_1_V,1,1090,3
head_0_1_V,1,1089,1
head_0_1_V,1,1086,1
head_0_1_V,1,1084,5
head_0_1_V,1,1082,2
head_0_1_V,1,1081,2
head_0_1_V,1,1080,1
head_0_1_V,1,1078,2
head_0_1_V,1,1077,2
head_0_1_V,1,1076,1
head_0_1_V,1,1074,1
head_0_1_V,1,1073,2
head_0_1_V,1,1072,1
head_0_1_V,1,1068,4
head_0_1_V,1,1067,1
head_0_1_V,1,1066,1
head_0_1_V,1,1065,1
head_0_1_V,1,1063,2
head_0_1_V,1,1062,1
head_0_1_V,1,1060,1
head_0_1_V,1,1059,1
head_0_1_V,1,1058,2
head_0_1_V,1,1057,1
head_0_1_V,1,1056,2
head_0_1_V,1,1055,1
head_0_1_V,1,1054,4
head_0_1_V,1,1053,2
head_0_1_V,1,1052,1
head_0_1_V,1,1050,1
head_0_1_V,1,1049,2
head_0_1_V,1,1048,1
head_0_1_V,1,1047,1
head_0_1_V,1,1045,3
head_0_1_V,1,1044,3
head_0_1_V,1,1043,1
head_0_1_V,1,1041,1
head_0_1_V,1,1040,1
head_0_1_V,1,1039,1
head_0_1_V,1,1038,2
head_0_1_V,1,1037,2
head_0_1_V,1,1034,1
head_0_1_V,1,1033,1
head_0_1_V,1,1031,1
head_0_1_V,1,1030,4
head_0_1_V,1,1029,1
head_0_1_V,1,1025,1
head_0_1_V,1,1024,2
head_0_1_V,1,1022,1
head_0_1_V,1,1021,2
head_0_1_V,1,1020,2
head_0_1_V,1,1019,1
head_0_1_V,1,1017,1
head_0_1_V,1,1015,2
head_0_1_V,1,1013,3
head_0_1_V,1,1012,1
head_0_1_V,1,1011,1
head_0_1_V,1,1010,4
head_0_1_V,1,1007,1
head_0_1_V,1,1005,1
head_0_1_V,1,1004,2
head_0_1_V,1,1002,2
head_0_1_V,1,1001,4
head_0_1_V,1,1000,1
head_0_1_V,1,999,1
head_0_1_V,1,996,3
head_0_1_V,1,995,1
head_0_1_V,1,994,1
head_0_1_V,1,993,5
head_0_1_V,1,991,3
head_0_1_V,1,990,2
head_0_1_V,1,989,2
head_0_1_V,1,988,2
head_0_1_V,1,986,1
head_0_1_V,1,984,2
head_0_1_V,1,983,2
head_0_1_V,1,982,3
head_0_1_V,1,981,3
head_0_1_V,1,979,2
head_0_1_V,1,978,1
head_0_1_V,1,977,1
head_0_1_V,1,976,1
head_0_1_V,1,975,1
head_0_1_V,1,974,2
head_0_1_V,1,973,2
head_0_1_V,1,972,2
head_0_1_V,1,971,1
head_0_1_V,1,970,2
head_0_1_V,1,969,2
head_0_1_V,1,968,1
head_0_1_V,1,967,2
head_0_1_V,1,966,1
head_0_1_V,1,965,1
head_0_1_V,1,964,2
head_0_1_V,1,962,1
head_0_1_V,1,961,3
head_0_1_V,1,960,4
head_0_1_V,1,959,1
head_0_1_V,1,958,1
head_0_1_V,1,956,2
head_0_1_V,1,955,1
head_0_1_V,1,954,1
head_0_1_V,1,953,1
head_0_1_V,1,952,3
head_0_1_V,1,950,4
head_0_1_V,1,948,1
head_0_1_V,1,946,2
head_0_1_V,1,945,1
head_0_1_V,1,944,2
head_0_1_V,1,943,3
head_0_1_V,1,941,1
head_0_1_V,1,940,1
head_0_1_V,1,939,1
head_0_1_V,1,938,2
head_0_1_V,1,937,4
head_0_1_V,1,936,1
head_0_1_V,1,935,1
head_0_1_V,1,933,3
head_0_1_V,1,932,1
head_0_1_V,1,931,2
head_0_1_V,1,930,1
head_0_1_V,1,929,1
head_0_1_V,1,928,3
head_0_1_V,1,927,2
head_0_1_V,1,926,1
head_0_1_V,1,925,2
head_0_1_V,1,921,2
head_0_1_V,1,920,3
head_0_1_V,1,918,2
head_0_1_V,1,916,1
head_0_1_V,1,914,3
head_0_1_V,1,912,2
head_0_1_V,1,911,2
head_0_1_V,1,910,1
head_0_1_V,1,909,1
head_0_1_V,1,908,4
head_0_1_V,1,907,3
head_0_1_V,1,906,2
head_0_1_V,1,905,1
head_0_1_V,1,904,2
head_0_1_V,1,903,2
head_0_1_V,1,902,2
head_0_1_V,1,901,1
head_0_1_V,1,900,1
head_0_1_V,1,899,1
head_0_1_V,1,897,1
head_0_1_V,1,895,3
head_0_1_V,1,894,3
head_0_1_V,1,893,2
head_0_1_V,1,892,2
head_0_1_V,1,891,3
head_0_1_V,1,890,2
head_0_1_V,1,889,3
head_0_1_V,1,888,4
head_0_1_V,1,887,2
head_0_1_V,1,886,3
head_0_1_V,1,884,3
head_0_1_V,1,883,2
head_0_1_V,1,882,2
head_0_1_V,1,881,1
head_0_1_V,1,880,2
head_0_1_V,1,879,2
head_0_1_V,1,878,1
head_0_1_V,1,877,3
head_0_1_V,1,876,2
head_0_1_V,1,875,2
head_0_1_V,1,873,3
head_0_1_V,1,872,1
head_0_1_V,1,871,1
head_0_1_V,1,870,2
head_0_1_V,1,869,2
head_0_1_V,1,867,2
head_0_1_V,1,866,1
head_0_1_V,1,865,2
head_0_1_V,1,864,4
head_0_1_V,1,863,3
head_0_1_V,1,862,3
head_0_1_V,1,861,3
head_0_1_V,1,860,2
head_0_1_V,1,859,2
head_0_1_V,1,858,2
head_0_1_V,1,857,3
head_0_1_V,1,856,5
head_0_1_V,1,855,1
head_0_1_V,1,854,4
head_0_1_V,1,853,3
head_0_1_V,1,852,1
head_0_1_V,1,849,2
head_0_1_V,1,848,4
head_0_1_V,1,847,3
head_0_1_V,1,846,2
head_0_1_V,1,845,1
head_0_1_V,1,844,1
head_0_1_V,1,843,1
head_0_1_V,1,842,1
head_0_1_V,1,840,2
head_0_1_V,1,839,1
head_0_1_V,1,838,2
head_0_1_V,1,837,2
head_0_1_V,1,835,4
head_0_1_V,1,834,1
head_0_1_V,1,833,1
head_0_1_V,1,832,3
head_0_1_V,1,831,2
head_0_1_V,1,830,2
head_0_1_V,1,829,2
head_0_1_V,1,828,2
head_0_1_V,1,827,3
head_0_1_V,1,826,1
head_0_1_V,1,825,1
head_0_1_V,1,824,3
head_0_1_V,1,823,3
head_0_1_V,1,821,3
head_0_1_V,1,820,1
head_0_1_V,1,819,2
head_0_1_V,1,818,4
head_0_1_V,1,817,3
head_0_1_V,1,816,4
head_0_1_V,1,814,3
head_0_1_V,1,813,1
head_0_1_V,1,812,1
head_0_1_V,1,810,2
head_0_1_V,1,809,3
head_0_1_V,1,808,4
head_0_1_V,1,807,1
head_0_1_V,1,806,1
head_0_1_V,1,805,2
head_0_1_V,1,804,1
head_0_1_V,1,803,3
head_0_1_V,1,802,3
head_0_1_V,1,801,1
head_0_1_V,1,800,4
head_0_1_V,1,799,5
head_0_1_V,1,798,1
head_0_1_V,1,797,1
head_0_1_V,1,796,1
head_0_1_V,1,795,2
head_0_1_V,1,794,2
head_0_1_V,1,793,2
head_0_1_V,1,792,2
head_0_1_V,1,791,3
head_0_1_V,1,790,2
head_0_1_V,1,788,1
head_0_1_V,1,787,3
head_0_1_V,1,786,1
head_0_1_V,1,785,2
head_0_1_V,1,784,2
head_0_1_V,1,783,2
head_0_1_V,1,782,1
head_0_1_V,1,781,2
head_0_1_V,1,780,3
head_0_1_V,1,779,1
head_0_1_V,1,778,1
head_0_1_V,1,777,2
head_0_1_V,1,776,1
head_0_1_V,1,775,4
head_0_1_V,1,774,2
head_0_1_V,1,772,2
head_0_1_V,1,771,1
head_0_1_V,1,770,2
head_0_1_V,1,769,2
head_0_1_V,1,768,2
head_0_1_V,1,767,1
head_0_1_V,1,766,1
head_0_1_V,1,765,4
head_0_1_V,1,764,2
head_0_1_V,1,763,4
head_0_1_V,1,759,6
head_0_1_V,1,758,3
head_0_1_V,1,757,3
head_0_1_V,1,756,4
head_0_1_V,1,755,3
head_0_1_V,1,754,2
head_0_1_V,1,753,1
head_0_1_V,1,752,1
head_0_1_V,1,751,2
head_0_1_V,1,750,3
head_0_1_V,1,749,1
head_0_1_V,1,748,5
head_0_1_V,1,746,2
head_0_1_V,1,745,5
head_0_1_V,1,744,4
head_0_1_V,1,743,1
head_0_1_V,1,742,1
head_0_1_V,1,741,5
head_0_1_V,1,740,3
head_0_1_V,1,739,4
head_0_1_V,1,738,2
head_0_1_V,1,737,1
head_0_1_V,1,736,3
head_0_1_V,1,735,2
head_0_1_V,1,734,2
head_0_1_V,1,733,8
head_0_1_V,1,732,3
head_0_1_V,1,731,1
head_0_1_V,1,730,1
head_0_1_V,1,729,3
head_0_1_V,1,728,2
head_0_1_V,1,727,2
head_0_1_V,1,726,1
head_0_1_V,1,725,4
head_0_1_V,1,724,3
head_0_1_V,1,723,2
head_0_1_V,1,721,3
head_0_1_V,1,720,2
head_0_1_V,1,719,4
head_0_1_V,1,718,3
head_0_1_V,1,717,2
head_0_1_V,1,716,3
head_0_1_V,1,715,3
head_0_1_V,1,714,1
head_0_1_V,1,713,2
head_0_1_V,1,712,2
head_0_1_V,1,711,3
head_0_1_V,1,710,2
head_0_1_V,1,709,1
head_0_1_V,1,708,3
head_0_1_V,1,707,2
head_0_1_V,1,706,3
head_0_1_V,1,705,1
head_0_1_V,1,704,4
head_0_1_V,1,703,4
head_0_1_V,1,702,4
head_0_1_V,1,701,4
head_0_1_V,1,700,2
head_0_1_V,1,699,3
head_0_1_V,1,698,3
head_0_1_V,1,697,4
head_0_1_V,1,696,3
head_0_1_V,1,695,1
head_0_1_V,1,694,2
head_0_1_V,1,693,4
head_0_1_V,1,692,1
head_0_1_V,1,691,1
head_0_1_V,1,690,2
head_0_1_V,1,689,4
head_0_1_V,1,688,3
head_0_1_V,1,687,2
head_0_1_V,1,686,1
head_0_1_V,1,685,2
head_0_1_V,1,684,3
head_0_1_V,1,683,4
head_0_1_V,1,682,1
head_0_1_V,1,681,2
head_0_1_V,1,680,3
head_0_1_V,1,679,4
head_0_1_V,1,678,2
head_0_1_V,1,677,6
head_0_1_V,1,676,2
head_0_1_V,1,675,3
head_0_1_V,1,674,2
head_0_1_V,1,673,5
head_0_1_V,1,672,1
head_0_1_V,1,671,5
head_0_1_V,1,670,3
head_0_1_V,1,669,2
head_0_1_V,1,668,1
head_0_1_V,1,667,2
head_0_1_V,1,666,6
head_0_1_V,1,665,4
head_0_1_V,1,664,4
head_0_1_V,1,663,2
head_0_1_V,1,662,5
head_0_1_V,1,661,3
head_0_1_V,1,660,1
head_0_1_V,1,659,5
head_0_1_V,1,658,3
head_0_1_V,1,657,2
head_0_1_V,1,656,8
head_0_1_V,1,655,5
head_0_1_V,1,654,4
head_0_1_V,1,653,5
head_0_1_V,1,651,3
head_0_1_V,1,650,5
head_0_1_V,1,649,5
head_0_1_V,1,648,6
head_0_1_V,1,647,2
head_0_1_V,1,646,2
head_0_1_V,1,645,3
head_0_1_V,1,644,6
head_0_1_V,1,643,6
head_0_1_V,1,642,1
head_0_1_V,1,641,2
head_0_1_V,1,640,5
head_0_1_V,1,639,3
head_0_1_V,1,638,3
head_0_1_V,1,637,2
head_0_1_V,1,636,2
head_0_1_V,1,634,1
head_0_1_V,1,633,8
head_0_1_V,1,632,5
head_0_1_V,1,631,4
head_0_1_V,1,630,2
head_0_1_V,1,629,7
head_0_1_V,1,628,4
head_0_1_V,1,627,5
head_0_1_V,1,626,4
head_0_1_V,1,625,5
head_0_1_V,1,624,5
head_0_1_V,1,623,4
head_0_1_V,1,622,2
head_0_1_V,1,621,3
head_0_1_V,1,620,6
head_0_1_V,1,619,5
head_0_1_V,1,618,3
head_0_1_V,1,617,3
head_0_1_V,1,616,2
head_0_1_V,1,615,4
head_0_1_V,1,614,5
head_0_1_V,1,613,7
head_0_1_V,1,612,2
head_0_1_V,1,611,5
head_0_1_V,1,610,3
head_0_1_V,1,609,1
head_0_1_V,1,607,3
head_0_1_V,1,606,5
head_0_1_V,1,605,4
head_0_1_V,1,604,3
head_0_1_V,1,603,8
head_0_1_V,1,602,5
head_0_1_V,1,601,2
head_0_1_V,1,600,5
head_0_1_V,1,599,3
head_0_1_V,1,598,1
head_0_1_V,1,597,3
head_0_1_V,1,596,4
head_0_1_V,1,595,7
head_0_1_V,1,594,2
head_0_1_V,1,593,1
head_0_1_V,1,592,8
head_0_1_V,1,591,6
head_0_1_V,1,590,2
head_0_1_V,1,589,4
head_0_1_V,1,587,4
head_0_1_V,1,586,4
head_0_1_V,1,585,5
head_0_1_V,1,584,5
head_0_1_V,1,583,2
head_0_1_V,1,582,2
head_0_1_V,1,581,3
head_0_1_V,1,580,4
head_0_1_V,1,579,6
head_0_1_V,1,578,5
head_0_1_V,1,577,3
head_0_1_V,1,576,7
head_0_1_V,1,575,8
head_0_1_V,1,574,5
head_0_1_V,1,573,3
head_0_1_V,1,572,2
head_0_1_V,1,571,5
head_0_1_V,1,570,6
head_0_1_V,1,569,8
head_0_1_V,1,568,2
head_0_1_V,1,567,6
head_0_1_V,1,566,3
head_0_1_V,1,565,7
head_0_1_V,1,564,7
head_0_1_V,1,563,3
head_0_1_V,1,562,6
head_0_1_V,1,561,3
head_0_1_V,1,560,2
head_0_1_V,1,559,6
head_0_1_V,1,558,4
head_0_1_V,1,557,6
head_0_1_V,1,556,6
head_0_1_V,1,555,3
head_0_1_V,1,554,4
head_0_1_V,1,553,4
head_0_1_V,1,552,7
head_0_1_V,1,551,3
head_0_1_V,1,550,3
head_0_1_V,1,549,5
head_0_1_V,1,548,2
head_0_1_V,1,547,6
head_0_1_V,1,546,4
head_0_1_V,1,545,2
head_0_1_V,1,544,3
head_0_1_V,1,543,1
head_0_1_V,1,542,6
head_0_1_V,1,541,5
head_0_1_V,1,540,5
head_0_1_V,1,539,3
head_0_1_V,1,538,3
head_0_1_V,1,537,4
head_0_1_V,1,536,3
head_0_1_V,1,535,4
head_0_1_V,1,534,6
head_0_1_V,1,533,5
head_0_1_V,1,532,4
head_0_1_V,1,531,6
head_0_1_V,1,530,2
head_0_1_V,1,529,5
head_0_1_V,1,528,3
head_0_1_V,1,527,7
head_0_1_V,1,526,6
head_0_1_V,1,525,11
head_0_1_V,1,524,2
head_0_1_V,1,523,5
head_0_1_V,1,522,6
head_0_1_V,1,521,10
head_0_1_V,1,520,8
head_0_1_V,1,519,5
head_0_1_V,1,518,6
head_0_1_V,1,517,4
head_0_1_V,1,516,9
head_0_1_V,1,515,6
head_0_1_V,1,514,7
head_0_1_V,1,513,3
head_0_1_V,1,512,4
head_0_1_V,1,511,2
head_0_1_V,1,510,8
head_0_1_V,1,509,5
head_0_1_V,1,508,2
head_0_1_V,1,507,3
head_0_1_V,1,506,4
head_0_1_V,1,505,7
head_0_1_V,1,504,7
head_0_1_V,1,503,6
head_0_1_V,1,502,2
head_0_1_V,1,501,4
head_0_1_V,1,500,6
head_0_1_V,1,499,8
head_0_1_V,1,498,9
head_0_1_V,1,497,1
head_0_1_V,1,496,8
head_0_1_V,1,495,10
head_0_1_V,1,494,5
head_0_1_V,1,493,6
head_0_1_V,1,492,12
head_0_1_V,1,491,6
head_0_1_V,1,490,8
head_0_1_V,1,489,8
head_0_1_V,1,488,4
head_0_1_V,1,487,11
head_0_1_V,1,486,6
head_0_1_V,1,485,7
head_0_1_V,1,484,4
head_0_1_V,1,483,6
head_0_1_V,1,482,7
head_0_1_V,1,481,5
head_0_1_V,1,480,8
head_0_1_V,1,479,11
head_0_1_V,1,478,5
head_0_1_V,1,477,6
head_0_1_V,1,476,5
head_0_1_V,1,475,5
head_0_1_V,1,474,8
head_0_1_V,1,473,2
head_0_1_V,1,472,3
head_0_1_V,1,471,4
head_0_1_V,1,470,5
head_0_1_V,1,469,12
head_0_1_V,1,468,5
head_0_1_V,1,467,4
head_0_1_V,1,466,8
head_0_1_V,1,465,9
head_0_1_V,1,464,4
head_0_1_V,1,463,2
head_0_1_V,1,462,8
head_0_1_V,1,461,7
head_0_1_V,1,460,1
head_0_1_V,1,459,2
head_0_1_V,1,458,7
head_0_1_V,1,457,7
head_0_1_V,1,456,9
head_0_1_V,1,455,11
head_0_1_V,1,454,2
head_0_1_V,1,453,6
head_0_1_V,1,452,9
head_0_1_V,1,451,5
head_0_1_V,1,450,3
head_0_1_V,1,449,8
head_0_1_V,1,448,4
head_0_1_V,1,447,6
head_0_1_V,1,446,5
head_0_1_V,1,445,7
head_0_1_V,1,444,8
head_0_1_V,1,443,6
head_0_1_V,1,442,6
head_0_1_V,1,441,6
head_0_1_V,1,440,6
head_0_1_V,1,439,4
head_0_1_V,1,438,9
head_0_1_V,1,437,8
head_0_1_V,1,436,6
head_0_1_V,1,435,6
head_0_1_V,1,434,9
head_0_1_V,1,433,14
head_0_1_V,1,432,6
head_0_1_V,1,431,9
head_0_1_V,1,430,7
head_0_1_V,1,429,5
head_0_1_V,1,428,10
head_0_1_V,1,427,10
head_0_1_V,1,426,5
head_0_1_V,1,425,8
head_0_1_V,1,424,9
head_0_1_V,1,423,13
head_0_1_V,1,422,9
head_0_1_V,1,421,11
head_0_1_V,1,420,10
head_0_1_V,1,419,5
head_0_1_V,1,418,8
head_0_1_V,1,417,10
head_0_1_V,1,416,8
head_0_1_V,1,415,2
head_0_1_V,1,414,4
head_0_1_V,1,413,7
head_0_1_V,1,412,8
head_0_1_V,1,411,3
head_0_1_V,1,410,7
head_0_1_V,1,409,4
head_0_1_V,1,408,7
head_0_1_V,1,407,11
head_0_1_V,1,406,8
head_0_1_V,1,405,6
head_0_1_V,1,404,7
head_0_1_V,1,403,8
head_0_1_V,1,402,4
head_0_1_V,1,401,9
head_0_1_V,1,400,8
head_0_1_V,1,399,7
head_0_1_V,1,398,4
head_0_1_V,1,397,6
head_0_1_V,1,396,8
head_0_1_V,1,395,5
head_0_1_V,1,394,4
head_0_1_V,1,393,5
head_0_1_V,1,392,6
head_0_1_V,1,391,6
head_0_1_V,1,390,3
head_0_1_V,1,389,12
head_0_1_V,1,388,8
head_0_1_V,1,387,3
head_0_1_V,1,386,8
head_0_1_V,1,385,5
head_0_1_V,1,384,8
head_0_1_V,1,383,11
head_0_1_V,1,382,9
head_0_1_V,1,381,6
head_0_1_V,1,380,13
head_0_1_V,1,379,7
head_0_1_V,1,378,8
head_0_1_V,1,377,7
head_0_1_V,1,376,7
head_0_1_V,1,375,6
head_0_1_V,1,374,8
head_0_1_V,1,373,14
head_0_1_V,1,372,16
head_0_1_V,1,371,11
head_0_1_V,1,370,9
head_0_1_V,1,369,11
head_0_1_V,1,368,10
head_0_1_V,1,367,16
head_0_1_V,1,366,17
head_0_1_V,1,365,6
head_0_1_V,1,364,7
head_0_1_V,1,363,11
head_0_1_V,1,362,10
head_0_1_V,1,361,10
head_0_1_V,1,360,7
head_0_1_V,1,359,18
head_0_1_V,1,358,7
head_0_1_V,1,357,11
head_0_1_V,1,356,12
head_0_1_V,1,355,11
head_0_1_V,1,354,7
head_0_1_V,1,353,12
head_0_1_V,1,352,8
head_0_1_V,1,351,7
head_0_1_V,1,350,6
head_0_1_V,1,349,9
head_0_1_V,1,348,9
head_0_1_V,1,347,13
head_0_1_V,1,346,11
head_0_1_V,1,345,11
head_0_1_V,1,344,13
head_0_1_V,1,343,11
head_0_1_V,1,342,12
head_0_1_V,1,341,10
head_0_1_V,1,340,6
head_0_1_V,1,339,7
head_0_1_V,1,338,10
head_0_1_V,1,337,14
head_0_1_V,1,336,13
head_0_1_V,1,335,9
head_0_1_V,1,334,8
head_0_1_V,1,333,14
head_0_1_V,1,332,17
head_0_1_V,1,331,8
head_0_1_V,1,330,19
head_0_1_V,1,329,16
head_0_1_V,1,328,12
head_0_1_V,1,327,18
head_0_1_V,1,326,6
head_0_1_V,1,325,12
head_0_1_V,1,324,15
head_0_1_V,1,323,9
head_0_1_V,1,322,14
head_0_1_V,1,321,8
head_0_1_V,1,320,24
head_0_1_V,1,319,12
head_0_1_V,1,318,15
head_0_1_V,1,317,12
head_0_1_V,1,316,15
head_0_1_V,1,315,9
head_0_1_V,1,314,9
head_0_1_V,1,313,9
head_0_1_V,1,312,10
head_0_1_V,1,311,16
head_0_1_V,1,310,18
head_0_1_V,1,309,11
head_0_1_V,1,308,17
head_0_1_V,1,307,14
head_0_1_V,1,306,14
head_0_1_V,1,305,9
head_0_1_V,1,304,16
head_0_1_V,1,303,19
head_0_1_V,1,302,19
head_0_1_V,1,301,8
head_0_1_V,1,300,10
head_0_1_V,1,299,13
head_0_1_V,1,298,6
head_0_1_V,1,297,17
head_0_1_V,1,296,17
head_0_1_V,1,295,14
head_0_1_V,1,294,20
head_0_1_V,1,293,16
head_0_1_V,1,292,9
head_0_1_V,1,291,19
head_0_1_V,1,290,15
head_0_1_V,1,289,10
head_0_1_V,1,288,17
head_0_1_V,1,287,13
head_0_1_V,1,286,10
head_0_1_V,1,285,19
head_0_1_V,1,284,12
head_0_1_V,1,283,17
head_0_1_V,1,282,9
head_0_1_V,1,281,14
head_0_1_V,1,280,17
head_0_1_V,1,279,17
head_0_1_V,1,278,20
head_0_1_V,1,277,14
head_0_1_V,1,276,13
head_0_1_V,1,275,11
head_0_1_V,1,274,10
head_0_1_V,1,273,27
head_0_1_V,1,272,20
head_0_1_V,1,271,14
head_0_1_V,1,270,18
head_0_1_V,1,269,22
head_0_1_V,1,268,16
head_0_1_V,1,267,24
head_0_1_V,1,266,15
head_0_1_V,1,265,20
head_0_1_V,1,264,20
head_0_1_V,1,263,22
head_0_1_V,1,262,22
head_0_1_V,1,261,18
head_0_1_V,1,260,23
head_0_1_V,1,259,19
head_0_1_V,1,258,18
head_0_1_V,1,257,25
head_0_1_V,1,256,19
head_0_1_V,1,255,16
head_0_1_V,1,254,14
head_0_1_V,1,253,28
head_0_1_V,1,252,17
head_0_1_V,1,251,19
head_0_1_V,1,250,17
head_0_1_V,1,249,15
head_0_1_V,1,248,16
head_0_1_V,1,247,22
head_0_1_V,1,246,24
head_0_1_V,1,245,17
head_0_1_V,1,244,18
head_0_1_V,1,243,31
head_0_1_V,1,242,20
head_0_1_V,1,241,25
head_0_1_V,1,240,17
head_0_1_V,1,239,25
head_0_1_V,1,238,22
head_0_1_V,1,237,31
head_0_1_V,1,236,25
head_0_1_V,1,235,15
head_0_1_V,1,234,19
head_0_1_V,1,233,21
head_0_1_V,1,232,17
head_0_1_V,1,231,13
head_0_1_V,1,230,21
head_0_1_V,1,229,16
head_0_1_V,1,228,19
head_0_1_V,1,227,14
head_0_1_V,1,226,24
head_0_1_V,1,225,20
head_0_1_V,1,224,37
head_0_1_V,1,223,21
head_0_1_V,1,222,13
head_0_1_V,1,221,15
head_0_1_V,1,220,28
head_0_1_V,1,219,30
head_0_1_V,1,218,15
head_0_1_V,1,217,28
head_0_1_V,1,216,22
head_0_1_V,1,215,20
head_0_1_V,1,214,25
head_0_1_V,1,213,23
head_0_1_V,1,212,30
head_0_1_V,1,211,28
head_0_1_V,1,210,22
head_0_1_V,1,209,19
head_0_1_V,1,208,23
head_0_1_V,1,207,29
head_0_1_V,1,206,23
head_0_1_V,1,205,28
head_0_1_V,1,204,30
head_0_1_V,1,203,27
head_0_1_V,1,202,28
head_0_1_V,1,201,19
head_0_1_V,1,200,34
head_0_1_V,1,199,33
head_0_1_V,1,198,24
head_0_1_V,1,197,32
head_0_1_V,1,196,29
head_0_1_V,1,195,32
head_0_1_V,1,194,33
head_0_1_V,1,193,29
head_0_1_V,1,192,31
head_0_1_V,1,191,23
head_0_1_V,1,190,29
head_0_1_V,1,189,27
head_0_1_V,1,188,20
head_0_1_V,1,187,27
head_0_1_V,1,186,30
head_0_1_V,1,185,28
head_0_1_V,1,184,32
head_0_1_V,1,183,39
head_0_1_V,1,182,27
head_0_1_V,1,181,37
head_0_1_V,1,180,35
head_0_1_V,1,179,35
head_0_1_V,1,178,31
head_0_1_V,1,177,23
head_0_1_V,1,176,46
head_0_1_V,1,175,35
head_0_1_V,1,174,28
head_0_1_V,1,173,37
head_0_1_V,1,172,38
head_0_1_V,1,171,33
head_0_1_V,1,170,41
head_0_1_V,1,169,45
head_0_1_V,1,168,42
head_0_1_V,1,167,42
head_0_1_V,1,166,38
head_0_1_V,1,165,40
head_0_1_V,1,164,54
head_0_1_V,1,163,41
head_0_1_V,1,162,31
head_0_1_V,1,161,46
head_0_1_V,1,160,38
head_0_1_V,1,159,49
head_0_1_V,1,158,51
head_0_1_V,1,157,45
head_0_1_V,1,156,44
head_0_1_V,1,155,40
head_0_1_V,1,154,39
head_0_1_V,1,153,54
head_0_1_V,1,152,49
head_0_1_V,1,151,51
head_0_1_V,1,150,33
head_0_1_V,1,149,44
head_0_1_V,1,148,39
head_0_1_V,1,147,49
head_0_1_V,1,146,46
head_0_1_V,1,145,54
head_0_1_V,1,144,48
head_0_1_V,1,143,43
head_0_1_V,1,142,51
head_0_1_V,1,141,57
head_0_1_V,1,140,57
head_0_1_V,1,139,60
head_0_1_V,1,138,45
head_0_1_V,1,137,54
head_0_1_V,1,136,52
head_0_1_V,1,135,56
head_0_1_V,1,134,48
head_0_1_V,1,133,69
head_0_1_V,1,132,59
head_0_1_V,1,131,63
head_0_1_V,1,130,54
head_0_1_V,1,129,55
head_0_1_V,1,128,52
head_0_1_V,1,127,66
head_0_1_V,1,126,77
head_0_1_V,1,125,62
head_0_1_V,1,124,44
head_0_1_V,1,123,68
head_0_1_V,1,122,73
head_0_1_V,1,121,66
head_0_1_V,1,120,73
head_0_1_V,1,119,79
head_0_1_V,1,118,66
head_0_1_V,1,117,70
head_0_1_V,1,116,77
head_0_1_V,1,115,67
head_0_1_V,1,114,70
head_0_1_V,1,113,71
head_0_1_V,1,112,88
head_0_1_V,1,111,84
head_0_1_V,1,110,83
head_0_1_V,1,109,87
head_0_1_V,1,108,85
head_0_1_V,1,107,59
head_0_1_V,1,106,88
head_0_1_V,1,105,69
head_0_1_V,1,104,95
head_0_1_V,1,103,72
head_0_1_V,1,102,85
head_0_1_V,1,101,85
head_0_1_V,1,100,83
head_0_1_V,1,99,89
head_0_1_V,1,98,103
head_0_1_V,1,97,96
head_0_1_V,1,96,111
head_0_1_V,1,95,93
head_0_1_V,1,94,96
head_0_1_V,1,93,105
head_0_1_V,1,92,92
head_0_1_V,1,91,100
head_0_1_V,1,90,119
head_0_1_V,1,89,119
head_0_1_V,1,88,90
head_0_1_V,1,87,98
head_0_1_V,1,86,100
head_0_1_V,1,85,110
head_0_1_V,1,84,113
head_0_1_V,1,83,123
head_0_1_V,1,82,131
head_0_1_V,1,81,116
head_0_1_V,1,80,132
head_0_1_V,1,79,123
head_0_1_V,1,78,134
head_0_1_V,1,77,116
head_0_1_V,1,76,127
head_0_1_V,1,75,137
head_0_1_V,1,74,132
head_0_1_V,1,73,143
head_0_1_V,1,72,133
head_0_1_V,1,71,158
head_0_1_V,1,70,152
head_0_1_V,1,69,149
head_0_1_V,1,68,150
head_0_1_V,1,67,148
head_0_1_V,1,66,169
head_0_1_V,1,65,182
head_0_1_V,1,64,173
head_0_1_V,1,63,176
head_0_1_V,1,62,180
head_0_1_V,1,61,183
head_0_1_V,1,60,192
head_0_1_V,1,59,182
head_0_1_V,1,58,218
head_0_1_V,1,57,197
head_0_1_V,1,56,220
head_0_1_V,1,55,207
head_0_1_V,1,54,218
head_0_1_V,1,53,234
head_0_1_V,1,52,231
head_0_1_V,1,51,222
head_0_1_V,1,50,249
head_0_1_V,1,49,230
head_0_1_V,1,48,244
head_0_1_V,1,47,247
head_0_1_V,1,46,288
head_0_1_V,1,45,258
head_0_1_V,1,44,261
head_0_1_V,1,43,273
head_0_1_V,1,42,318
head_0_1_V,1,41,309
head_0_1_V,1,40,293
head_0_1_V,1,39,325
head_0_1_V,1,38,321
head_0_1_V,1,37,366
head_0_1_V,1,36,346
head_0_1_V,1,35,344
head_0_1_V,1,34,388
head_0_1_V,1,33,391
head_0_1_V,1,32,429
head_0_1_V,1,31,443
head_0_1_V,1,30,446
head_0_1_V,1,29,464
head_0_1_V,1,28,431
head_0_1_V,1,27,436
head_0_1_V,1,26,463
head_0_1_V,1,25,539
head_0_1_V,1,24,561
head_0_1_V,1,23,560
head_0_1_V,1,22,561
head_0_1_V,1,21,627
head_0_1_V,1,20,595
head_0_1_V,1,19,632
head_0_1_V,1,18,671
head_0_1_V,1,17,774
head_0_1_V,1,16,815
head_0_1_V,1,15,839
head_0_1_V,1,14,868
head_0_1_V,1,13,977
head_0_1_V,1,12,1020
head_0_1_V,1,11,1027
head_0_1_V,1,10,1064
head_0_1_V,1,9,1254
head_0_1_V,1,8,1379
head_0_1_V,1,7,1428
head_0_1_V,1,6,1536
head_0_1_V,1,5,1680
head_0_1_V,1,4,1858
head_0_1_V,1,3,2203
head_0_1_V,1,2,2383
head_0_1_V,1,1,2463
head_0_1_V,1,0,10504
head_0_1_V,2,18978,1
head_0_1_V,2,18815,1
head_0_1_V,2,18379,1
head_0_1_V,2,17368,1
head_0_1_V,2,16012,1
head_0_1_V,2,14364,1
head_0_1_V,2,14321,1
head_0_1_V,2,12413,1
head_0_1_V,2,11964,1
head_0_1_V,2,11903,1
head_0_1_V,2,11815,1
head_0_1_V,2,11808,1
head_0_1_V,2,11183,1
head_0_1_V,2,10721,1
head_0_1_V,2,10417,1
head_0_1_V,2,10292,1
head_0_1_V,2,9936,1
head_0_1_V,2,9874,1
head_0_1_V,2,9645,1
head_0_1_V,2,9422,1
head_0_1_V,2,9247,1
head_0_1_V,2,8972,1
head_0_1_V,2,8966,1
head_0_1_V,2,7801,1
head_0_1_V,2,7738,1
head_0_1_V,2,7654,1
head_0_1_V,2,7599,1
head_0_1_V,2,7597,1
head_0_1_V,2,7369,1
head_0_1_V,2,7210,1
head_0_1_V,2,7178,1
head_0_1_V,2,7089,1
head_0_1_V,2,7034,1
head_0_1_V,2,7033,1
head_0_1_V,2,6942,1
head_0_1_V,2,6869,1
head_0_1_V,2,6854,1
head_0_1_V,2,6685,1
head_0_1_V,2,6424,1
head_0_1_V,2,6375,1
head_0_1_V,2,6284,1
head_0_1_V,2,6166,1
head_0_1_V,2,6129,1
head_0_1_V,2,6111,1
head_0_1_V,2,6061,1
head_0_1_V,2,5941,1
head_0_1_V,2,5865,1
head_0_1_V,2,5794,1
head_0_1_V,2,5742,1
head_0_1_V,2,5675,1
head_0_1_V,2,5611,1
head_0_1_V,2,5502,1
head_0_1_V,2,5451,1
head_0_1_V,2,5415,1
head_0_1_V,2,5394,1
head_0_1_V,2,5384,1
head_0_1_V,2,5373,1
head_0_1_V,2,5359,1
head_0_1_V,2,5235,1
head_0_1_V,2,5223,1
head_0_1_V,2,5132,1
head_0_1_V,2,5079,1
head_0_1_V,2,4962,1
head_0_1_V,2,4945,1
head_0_1_V,2,4941,1
head_0_1_V,2,4920,1
head_0_1_V,2,4849,1
head_0_1_V,2,4820,1
head_0_1_V,2,4801,1
head_0_1_V,2,4790,1
head_0_1_V,2,4726,1
head_0_1_V,2,4718,1
head_0_1_V,2,4711,1
head_0_1_V,2,4566,1
head_0_1_V,2,4557,1
head_0_1_V,2,4549,1
head_0_1_V,2,4523,1
head_0_1_V,2,4515,1
head_0_1_V,2,4508,1
head_0_1_V,2,4460,1
head_0_1_V,2,4448,1
head_0_1_V,2,4409,1
head_0_1_V,2,4376,1
head_0_1_V,2,4373,1
head_0_1_V,2,4358,1
head_0_1_V,2,4326,1
head_0_1_V,2,4324,1
head_0_1_V,2,4314,1
head_0_1_V,2,4303,1
head_0_1_V,2,4293,1
head_0_1_V,2,4289,1
head_0_1_V,2,4285,1
head_0_1_V,2,4283,1
head_0_1_V,2,4254,1
head_0_1_V,2,4245,1
head_0_1_V,2,4227,1
head_0_1_V,2,4211,1
head_0_1_V,2,4203,1
head_0_1_V,2,4117,1
head_0_1_V,2,4085,1
head_0_1_V,2,4078,1
head_0_1_V,2,4052,1
head_0_1_V,2,4044,1
head_0_1_V,2,4041,1
head_0_1_V,2,4027,1
head_0_1_V,2,4025,1
head_0_1_V,2,4008,1
head_0_1_V,2,3988,1
head_0_1_V,2,3976,1
head_0_1_V,2,3905,1
head_0_1_V,2,3890,1
head_0_1_V,2,3860,1
head_0_1_V,2,3851,1
head_0_1_V,2,3847,1
head_0_1_V,2,3832,1
head_0_1_V,2,3822,1
head_0_1_V,2,3781,1
head_0_1_V,2,3769,1
head_0_1_V,2,3735,1
head_0_1_V,2,3718,1
head_0_1_V,2,3675,1
head_0_1_V,2,3667,1
head_0_1_V,2,3652,1
head_0_1_V,2,3651,1
head_0_1_V,2,3629,3
head_0_1_V,2,3600,1
head_0_1_V,2,3576,1
head_0_1_V,2,3571,1
head_0_1_V,2,3561,1
head_0_1_V,2,3540,1
head_0_1_V,2,3535,1
head_0_1_V,2,3524,1
head_0_1_V,2,3501,1
head_0_1_V,2,3442,1
head_0_1_V,2,3408,1
head_0_1_V,2,3404,1
head_0_1_V,2,3402,1
head_0_1_V,2,3394,1
head_0_1_V,2,3390,1
head_0_1_V,2,3366,1
head_0_1_V,2,3351,1
head_0_1_V,2,3345,1
head_0_1_V,2,3287,1
head_0_1_V,2,3271,1
head_0_1_V,2,3258,1
head_0_1_V,2,3257,1
head_0_1_V,2,3224,1
head_0_1_V,2,3201,1
head_0_1_V,2,3190,1
head_0_1_V,2,3176,1
head_0_1_V,2,3169,1
head_0_1_V,2,3165,1
head_0_1_V,2,3159,1
head_0_1_V,2,3150,1
head_0_1_V,2,3140,1
head_0_1_V,2,3122,1
head_0_1_V,2,3112,1
head_0_1_V,2,3108,1
head_0_1_V,2,3107,1
head_0_1_V,2,3083,1
head_0_1_V,2,3072,1
head_0_1_V,2,3050,1
head_0_1_V,2,3034,1
head_0_1_V,2,3026,1
head_0_1_V,2,3020,1
head_0_1_V,2,3007,1
head_0_1_V,2,2991,1
head_0_1_V,2,2975,1
head_0_1_V,2,2974,1
head_0_1_V,2,2968,1
head_0_1_V,2,2957,1
head_0_1_V,2,2949,1
head_0_1_V,2,2934,1
head_0_1_V,2,2922,1
head_0_1_V,2,2916,1
head_0_1_V,2,2912,1
head_0_1_V,2,2910,1
head_0_1_V,2,2901,1
head_0_1_V,2,2885,1
head_0_1_V,2,2884,1
head_0_1_V,2,2882,1
head_0_1_V,2,2848,1
head_0_1_V,2,2832,1
head_0_1_V,2,2826,1
head_0_1_V,2,2823,1
head_0_1_V,2,2794,1
head_0_1_V,2,2779,1
head_0_1_V,2,2777,1
head_0_1_V,2,2767,1
head_0_1_V,2,2753,2
head_0_1_V,2,2748,1
head_0_1_V,2,2746,1
head_0_1_V,2,2743,1
head_0_1_V,2,2724,1
head_0_1_V,2,2720,1
head_0_1_V,2,2711,1
head_0_1_V,2,2692,1
head_0_1_V,2,2690,2
head_0_1_V,2,2689,1
head_0_1_V,2,2683,2
head_0_1_V,2,2666,2
head_0_1_V,2,2659,1
head_0_1_V,2,2656,1
head_0_1_V,2,2645,1
head_0_1_V,2,2636,1
head_0_1_V,2,2626,1
head_0_1_V,2,2597,1
head_0_1_V,2,2595,1
head_0_1_V,2,2581,1
head_0_1_V,2,2575,1
head_0_1_V,2,2568,1
head_0_1_V,2,2567,1
head_0_1_V,2,2561,1
head_0_1_V,2,2550,1
head_0_1_V,2,2549,1
head_0_1_V,2,2544,1
head_0_1_V,2,2543,1
head_0_1_V,2,2535,1
head_0_1_V,2,2534,1
head_0_1_V,2,2528,1
head_0_1_V,2,2517,1
head_0_1_V,2,2513,1
head_0_1_V,2,2486,1
head_0_1_V,2,2485,1
head_0_1_V,2,2480,1
head_0_1_V,2,2477,1
head_0_1_V,2,2475,1
head_0_1_V,2,2474,1
head_0_1_V,2,2472,1
head_0_1_V,2,2469,1
head_0_1_V,2,2464,1
head_0_1_V,2,2456,1
head_0_1_V,2,2449,1
head_0_1_V,2,2448,1
head_0_1_V,2,2437,1
head_0_1_V,2,2429,2
head_0_1_V,2,2422,2
head_0_1_V,2,2411,2
head_0_1_V,2,2404,2
head_0_1_V,2,2401,1
head_0_1_V,2,2398,1
head_0_1_V,2,2395,1
head_0_1_V,2,2391,1
head_0_1_V,2,2380,1
head_0_1_V,2,2374,1
head_0_1_V,2,2367,1
head_0_1_V,2,2366,1
head_0_1_V,2,2365,1
head_0_1_V,2,2361,1
head_0_1_V,2,2359,1
head_0_1_V,2,2357,1
head_0_1_V,2,2356,1
head_0_1_V,2,2351,1
head_0_1_V,2,2347,1
head_0_1_V,2,2340,1
head_0_1_V,2,2337,1
head_0_1_V,2,2331,1
head_0_1_V,2,2326,1
head_0_1_V,2,2316,1
head_0_1_V,2,2315,1
head_0_1_V,2,2311,1
head_0_1_V,2,2307,1
head_0_1_V,2,2304,1
head_0_1_V,2,2298,1
head_0_1_V,2,2286,1
head_0_1_V,2,2284,1
head_0_1_V,2,2283,1
head_0_1_V,2,2280,2
head_0_1_V,2,2275,1
head_0_1_V,2,2248,1
head_0_1_V,2,2234,1
head_0_1_V,2,2227,1
head_0_1_V,2,2226,1
head_0_1_V,2,2223,3
head_0_1_V,2,2221,1
head_0_1_V,2,2217,2
head_0_1_V,2,2211,1
head_0_1_V,2,2210,1
head_0_1_V,2,2209,1
head_0_1_V,2,2203,1
head_0_1_V,2,2200,1
head_0_1_V,2,2199,1
head_0_1_V,2,2187,1
head_0_1_V,2,2185,1
head_0_1_V,2,2178,1
head_0_1_V,2,2175,2
head_0_1_V,2,2174,1
head_0_1_V,2,2167,1
head_0_1_V,2,2166,1
head_0_1_V,2,2153,1
head_0_1_V,2,2149,1
head_0_1_V,2,2131,1
head_0_1_V,2,2126,1
head_0_1_V,2,2123,1
head_0_1_V,2,2120,1
head_0_1_V,2,2117,1
head_0_1_V,2,2109,1
head_0_1_V,2,2101,2
head_0_1_V,2,2098,1
head_0_1_V,2,2083,1
head_0_1_V,2,2082,1
head_0_1_V,2,2077,1
head_0_1_V,2,2072,1
head_0_1_V,2,2064,1
head_0_1_V,2,2059,1
head_0_1_V,2,2057,2
head_0_1_V,2,2055,1
head_0_1_V,2,2054,1
head_0_1_V,2,2052,2
head_0_1_V,2,2049,1
head_0_1_V,2,2045,2
head_0_1_V,2,2040,1
head_0_1_V,2,2036,2
head_0_1_V,2,2031,1
head_0_1_V,2,2030,3
head_0_1_V,2,2029,1
head_0_1_V,2,2028,1
head_0_1_V,2,2003,1
head_0_1_V,2,1993,1
head_0_1_V,2,1988,1
head_0_1_V,2,1983,1
head_0_1_V,2,1971,1
head_0_1_V,2,1969,1
head_0_1_V,2,1968,1
head_0_1_V,2,1966,1
head_0_1_V,2,1965,1
head_0_1_V,2,1962,1
head_0_1_V,2,1959,1
head_0_1_V,2,1957,1
head_0_1_V,2,1954,1
head_0_1_V,2,1953,1
head_0_1_V,2,1952,1
head_0_1_V,2,1950,1
head_0_1_V,2,1948,1
head_0_1_V,2,1947,1
head_0_1_V,2,1946,1
head_0_1_V,2,1943,1
head_0_1_V,2,1939,1
head_0_1_V,2,1933,2
head_0_1_V,2,1932,1
head_0_1_V,2,1929,1
head_0_1_V,2,1925,1
head_0_1_V,2,1919,1
head_0_1_V,2,1913,1
head_0_1_V,2,1912,1
head_0_1_V,2,1911,1
head_0_1_V,2,1908,1
head_0_1_V,2,1907,1
head_0_1_V,2,1904,3
head_0_1_V,2,1903,1
head_0_1_V,2,1900,1
head_0_1_V,2,1899,1
head_0_1_V,2,1897,2
head_0_1_V,2,1892,1
head_0_1_V,2,1891,1
head_0_1_V,2,1890,1
head_0_1_V,2,1888,1
head_0_1_V,2,1885,1
head_0_1_V,2,1883,1
head_0_1_V,2,1878,1
head_0_1_V,2,1877,1
head_0_1_V,2,1876,1
head_0_1_V,2,1864,1
head_0_1_V,2,1852,2
head_0_1_V,2,1851,1
head_0_1_V,2,1850,1
head_0_1_V,2,1843,1
head_0_1_V,2,1842,1
head_0_1_V,2,1841,1
head_0_1_V,2,1839,1
head_0_1_V,2,1837,1
head_0_1_V,2,1836,1
head_0_1_V,2,1834,2
head_0_1_V,2,1833,2
head_0_1_V,2,1829,1
head_0_1_V,2,1826,1
head_0_1_V,2,1825,1
head_0_1_V,2,1822,1
head_0_1_V,2,1812,1
head_0_1_V,2,1809,1
head_0_1_V,2,1799,1
head_0_1_V,2,1792,1
head_0_1_V,2,1791,2
head_0_1_V,2,1787,2
head_0_1_V,2,1785,1
head_0_1_V,2,1784,2
head_0_1_V,2,1781,1
head_0_1_V,2,1778,1
head_0_1_V,2,1776,1
head_0_1_V,2,1775,1
head_0_1_V,2,1769,1
head_0_1_V,2,1766,1
head_0_1_V,2,1765,2
head_0_1_V,2,1758,2
head_0_1_V,2,1754,1
head_0_1_V,2,1753,1
head_0_1_V,2,1750,1
head_0_1_V,2,1748,1
head_0_1_V,2,1747,2
head_0_1_V,2,1746,3
head_0_1_V,2,1741,1
head_0_1_V,2,1739,1
head_0_1_V,2,1723,1
head_0_1_V,2,1721,1
head_0_1_V,2,1720,1
head_0_1_V,2,1719,1
head_0_1_V,2,1717,1
head_0_1_V,2,1716,1
head_0_1_V,2,1714,1
head_0_1_V,2,1713,1
head_0_1_V,2,1709,1
head_0_1_V,2,1708,1
head_0_1_V,2,1707,1
head_0_1_V,2,1703,1
head_0_1_V,2,1702,1
head_0_1_V,2,1701,1
head_0_1_V,2,1699,1
head_0_1_V,2,1695,1
head_0_1_V,2,1689,1
head_0_1_V,2,1672,1
head_0_1_V,2,1670,1
head_0_1_V,2,1667,2
head_0_1_V,2,1665,1
head_0_1_V,2,1662,1
head_0_1_V,2,1661,1
head_0_1_V,2,1660,1
head_0_1_V,2,1659,1
head_0_1_V,2,1658,1
head_0_1_V,2,1642,1
head_0_1_V,2,1639,2
head_0_1_V,2,1636,1
head_0_1_V,2,1634,1
head_0_1_V,2,1632,1
head_0_1_V,2,1628,1
head_0_1_V,2,1626,1
head_0_1_V,2,1625,1
head_0_1_V,2,1624,3
head_0_1_V,2,1621,2
head_0_1_V,2,1617,1
head_0_1_V,2,1616,2
head_0_1_V,2,1615,1
head_0_1_V,2,1614,1
head_0_1_V,2,1613,1
head_0_1_V,2,1607,1
head_0_1_V,2,1606,1
head_0_1_V,2,1604,1
head_0_1_V,2,1598,1
head_0_1_V,2,1595,1
head_0_1_V,2,1591,4
head_0_1_V,2,1586,2
head_0_1_V,2,1585,2
head_0_1_V,2,1584,1
head_0_1_V,2,1583,2
head_0_1_V,2,1581,1
head_0_1_V,2,1579,1
head_0_1_V,2,1576,1
head_0_1_V,2,1575,1
head_0_1_V,2,1571,1
head_0_1_V,2,1570,1
head_0_1_V,2,1567,1
head_0_1_V,2,1565,1
head_0_1_V,2,1562,1
head_0_1_V,2,1555,1
head_0_1_V,2,1554,1
head_0_1_V,2,1552,2
head_0_1_V,2,1550,2
head_0_1_V,2,1549,1
head_0_1_V,2,1546,2
head_0_1_V,2,1545,2
head_0_1_V,2,1544,1
head_0_1_V,2,1542,1
head_0_1_V,2,1540,1
head_0_1_V,2,1539,1
head_0_1_V,2,1538,1
head_0_1_V,2,1536,1
head_0_1_V,2,1535,2
head_0_1_V,2,1531,1
head_0_1_V,2,1530,1
head_0_1_V,2,1528,1
head_0_1_V,2,1526,1
head_0_1_V,2,1523,1
head_0_1_V,2,1522,3
head_0_1_V,2,1520,1
head_0_1_V,2,1519,1
head_0_1_V,2,1518,1
head_0_1_V,2,1512,1
head_0_1_V,2,1510,2
head_0_1_V,2,1509,1
head_0_1_V,2,1508,2
head_0_1_V,2,1505,1
head_0_1_V,2,1504,2
head_0_1_V,2,1503,2
head_0_1_V,2,1502,1
head_0_1_V,2,1501,1
head_0_1_V,2,1500,1
head_0_1_V,2,1497,1
head_0_1_V,2,1496,1
head_0_1_V,2,1494,1
head_0_1_V,2,1489,1
head_0_1_V,2,1488,1
head_0_1_V,2,1487,2
head_0_1_V,2,1483,2
head_0_1_V,2,1482,1
head_0_1_V,2,1481,1
head_0_1_V,2,1479,1
head_0_1_V,2,1476,1
head_0_1_V,2,1474,2
head_0_1_V,2,1472,1
head_0_1_V,2,1470,1
head_0_1_V,2,1469,1
head_0_1_V,2,1468,1
head_0_1_V,2,1466,1
head_0_1_V,2,1464,1
head_0_1_V,2,1463,2
head_0_1_V,2,1462,1
head_0_1_V,2,1458,1
head_0_1_V,2,1457,1
head_0_1_V,2,1456,1
head_0_1_V,2,1452,1
head_0_1_V,2,1447,1
head_0_1_V,2,1446,1
head_0_1_V,2,1445,1
head_0_1_V,2,1443,3
head_0_1_V,2,1441,2
head_0_1_V,2,1440,2
head_0_1_V,2,1437,1
head_0_1_V,2,1436,2
head_0_1_V,2,1433,1
head_0_1_V,2,1432,1
head_0_1_V,2,1429,1
head_0_1_V,2,1427,2
head_0_1_V,2,1426,1
head_0_1_V,2,1423,1
head_0_1_V,2,1421,1
head_0_1_V,2,1419,3
head_0_1_V,2,1417,2
head_0_1_V,2,1416,1
head_0_1_V,2,1414,1
head_0_1_V,2,1410,1
head_0_1_V,2,1409,2
head_0_1_V,2,1407,2
head_0_1_V,2,1406,1
head_0_1_V,2,1402,1
head_0_1_V,2,1399,1
head_0_1_V,2,1396,1
head_0_1_V,2,1395,1
head_0_1_V,2,1394,1
head_0_1_V,2,1393,2
head_0_1_V,2,1390,2
head_0_1_V,2,1387,2
head_0_1_V,2,1384,1
head_0_1_V,2,1381,1
head_0_1_V,2,1380,1
head_0_1_V,2,1378,2
head_0_1_V,2,1377,1
head_0_1_V,2,1375,1
head_0_1_V,2,1373,2
head_0_1_V,2,1372,2
head_0_1_V,2,1371,1
head_0_1_V,2,1368,1
head_0_1_V,2,1366,3
head_0_1_V,2,1365,1
head_0_1_V,2,1364,1
head_0_1_V,2,1358,1
head_0_1_V,2,1354,1
head_0_1_V,2,1351,1
head_0_1_V,2,1350,2
head_0_1_V,2,1349,1
head_0_1_V,2,1348,1
head_0_1_V,2,1346,3
head_0_1_V,2,1345,1
head_0_1_V,2,1344,1
head_0_1_V,2,1343,1
head_0_1_V,2,1342,1
head_0_1_V,2,1341,1
head_0_1_V,2,1339,1
head_0_1_V,2,1337,1
head_0_1_V,2,1335,2
head_0_1_V,2,1334,1
head_0_1_V,2,1333,1
head_0_1_V,2,1332,2
head_0_1_V,2,1330,2
head_0_1_V,2,1328,3
head_0_1_V,2,1327,1
head_0_1_V,2,1326,1
head_0_1_V,2,1324,2
head_0_1_V,2,1320,2
head_0_1_V,2,1317,1
head_0_1_V,2,1312,1
head_0_1_V,2,1311,1
head_0_1_V,2,1309,1
head_0_1_V,2,1308,1
head_0_1_V,2,1307,1
head_0_1_V,2,1306,1
head_0_1_V,2,1305,2
head_0_1_V,2,1304,2
head_0_1_V,2,1303,1
head_0_1_V,2,1302,2
head_0_1_V,2,1301,2
head_0_1_V,2,1300,1
head_0_1_V,2,1296,1
head_0_1_V,2,1292,1
head_0_1_V,2,1291,1
head_0_1_V,2,1290,1
head_0_1_V,2,1288,1
head_0_1_V,2,1287,1
head_0_1_V,2,1285,2
head_0_1_V,2,1284,1
head_0_1_V,2,1282,1
head_0_1_V,2,1281,1
head_0_1_V,2,1280,3
head_0_1_V,2,1279,1
head_0_1_V,2,1277,1
head_0_1_V,2,1276,1
head_0_1_V,2,1275,1
head_0_1_V,2,1274,1
head_0_1_V,2,1273,1
head_0_1_V,2,1272,2
head_0_1_V,2,1271,1
head_0_1_V,2,1269,1
head_0_1_V,2,1268,1
head_0_1_V,2,1267,1
head_0_1_V,2,1265,1
head_0_1_V,2,1260,1
head_0_1_V,2,1259,1
head_0_1_V,2,1255,1
head_0_1_V,2,1254,1
head_0_1_V,2,1253,4
head_0_1_V,2,1249,1
head_0_1_V,2,1246,1
head_0_1_V,2,1245,1
head_0_1_V,2,1244,1
head_0_1_V,2,1243,2
head_0_1_V,2,1242,1
head_0_1_V,2,1241,1
head_0_1_V,2,1240,1
head_0_1_V,2,1237,2
head_0_1_V,2,1232,1
head_0_1_V,2,1231,1
head_0_1_V,2,1230,2
head_0_1_V,2,1229,1
head_0_1_V,2,1228,1
head_0_1_V,2,1227,1
head_0_1_V,2,1225,3
head_0_1_V,2,1221,1
head_0_1_V,2,1218,1
head_0_1_V,2,1217,4
head_0_1_V,2,1216,1
head_0_1_V,2,1214,2
head_0_1_V,2,1213,1
head_0_1_V,2,1212,2
head_0_1_V,2,1210,1
head_0_1_V,2,1209,1
head_0_1_V,2,1207,1
head_0_1_V,2,1203,1
head_0_1_V,2,1200,4
head_0_1_V,2,1199,2
head_0_1_V,2,1198,2
head_0_1_V,2,1195,2
head_0_1_V,2,1194,1
head_0_1_V,2,1193,1
head_0_1_V,2,1191,3
head_0_1_V,2,1188,1
head_0_1_V,2,1186,2
head_0_1_V,2,1185,1
head_0_1_V,2,1184,1
head_0_1_V,2,1183,1
head_0_1_V,2,1182,1
head_0_1_V,2,1181,1
head_0_1_V,2,1180,1
head_0_1_V,2,1179,1
head_0_1_V,2,1178,1
head_0_1_V,2,1176,3
head_0_1_V,2,1175,1
head_0_1_V,2,1172,1
head_0_1_V,2,1171,3
head_0_1_V,2,1168,1
head_0_1_V,2,1164,2
head_0_1_V,2,1162,1
head_0_1_V,2,1161,3
head_0_1_V,2,1158,1
head_0_1_V,2,1157,3
head_0_1_V,2,1156,2
head_0_1_V,2,1155,1
head_0_1_V,2,1153,2
head_0_1_V,2,1152,1
head_0_1_V,2,1151,4
head_0_1_V,2,1150,3
head_0_1_V,2,1148,2
head_0_1_V,2,1147,1
head_0_1_V,2,1146,2
head_0_1_V,2,1145,2
head_0_1_V,2,1143,2
head_0_1_V,2,1140,1
head_0_1_V,2,1137,2
head_0_1_V,2,1135,1
head_0_1_V,2,1132,1
head_0_1_V,2,1130,1
head_0_1_V,2,1126,1
head_0_1_V,2,1124,3
head_0_1_V,2,1120,4
head_0_1_V,2,1117,1
head_0_1_V,2,1116,1
head_0_1_V,2,1115,1
head_0_1_V,2,1114,2
head_0_1_V,2,1113,2
head_0_1_V,2,1111,1
head_0_1_V,2,1108,1
head_0_1_V,2,1107,1
head_0_1_V,2,1106,3
head_0_1_V,2,1104,2
head_0_1_V,2,1102,1
head_0_1_V,2,1101,1
head_0_1_V,2,1100,5
head_0_1_V,2,1099,1
head_0_1_V,2,1095,4
head_0_1_V,2,1094,2
head_0_1_V,2,1093,2
head_0_1_V,2,1092,1
head_0_1_V,2,1091,1
head_0_1_V,2,1089,2
head_0_1_V,2,1088,1
head_0_1_V,2,1085,1
head_0_1_V,2,1084,1
head_0_1_V,2,1083,2
head_0_1_V,2,1082,2
head_0_1_V,2,1081,1
head_0_1_V,2,1080,1
head_0_1_V,2,1079,2
head_0_1_V,2,1078,1
head_0_1_V,2,1077,2
head_0_1_V,2,1076,1
head_0_1_V,2,1073,1
head_0_1_V,2,1072,1
head_0_1_V,2,1071,2
head_0_1_V,2,1070,2
head_0_1_V,2,1069,1
head_0_1_V,2,1068,1
head_0_1_V,2,1067,1
head_0_1_V,2,1066,1
head_0_1_V,2,1065,1
head_0_1_V,2,1064,2
head_0_1_V,2,1062,2
head_0_1_V,2,1061,1
head_0_1_V,2,1058,1
head_0_1_V,2,1057,1
head_0_1_V,2,1056,1
head_0_1_V,2,1055,2
head_0_1_V,2,1054,2
head_0_1_V,2,1053,1
head_0_1_V,2,1052,1
head_0_1_V,2,1051,1
head_0_1_V,2,1048,5
head_0_1_V,2,1047,2
head_0_1_V,2,1046,1
head_0_1_V,2,1045,1
head_0_1_V,2,1043,1
head_0_1_V,2,1041,2
head_0_1_V,2,1040,1
head_0_1_V,2,1039,2
head_0_1_V,2,1036,1
head_0_1_V,2,1033,1
head_0_1_V,2,1032,1
head_0_1_V,2,1031,3
head_0_1_V,2,1029,1
head_0_1_V,2,1028,1
head_0_1_V,2,1025,1
head_0_1_V,2,1024,3
head_0_1_V,2,1023,3
head_0_1_V,2,1021,2
head_0_1_V,2,1020,1
head_0_1_V,2,1019,1
head_0_1_V,2,1017,4
head_0_1_V,2,1013,2
head_0_1_V,2,1011,3
head_0_1_V,2,1010,1
head_0_1_V,2,1009,3
head_0_1_V,2,1008,2
head_0_1_V,2,1007,2
head_0_1_V,2,1006,1
head_0_1_V,2,1005,1
head_0_1_V,2,1002,2
head_0_1_V,2,1000,4
head_0_1_V,2,998,1
head_0_1_V,2,997,2
head_0_1_V,2,996,2
head_0_1_V,2,995,1
head_0_1_V,2,994,2
head_0_1_V,2,993,2
head_0_1_V,2,992,2
head_0_1_V,2,991,1
head_0_1_V,2,990,2
head_0_1_V,2,988,1
head_0_1_V,2,987,1
head_0_1_V,2,986,1
head_0_1_V,2,984,2
head_0_1_V,2,982,2
head_0_1_V,2,981,1
head_0_1_V,2,980,3
head_0_1_V,2,979,2
head_0_1_V,2,977,1
head_0_1_V,2,976,1
head_0_1_V,2,975,2
head_0_1_V,2,974,1
head_0_1_V,2,973,1
head_0_1_V,2,970,1
head_0_1_V,2,969,1
head_0_1_V,2,968,1
head_0_1_V,2,967,3
head_0_1_V,2,965,1
head_0_1_V,2,963,1
head_0_1_V,2,962,1
head_0_1_V,2,961,4
head_0_1_V,2,960,1
head_0_1_V,2,959,1
head_0_1_V,2,958,1
head_0_1_V,2,957,3
head_0_1_V,2,956,2
head_0_1_V,2,955,2
head_0_1_V,2,954,1
head_0_1_V,2,953,2
head_0_1_V,2,952,2
head_0_1_V,2,951,1
head_0_1_V,2,950,5
head_0_1_V,2,949,2
head_0_1_V,2,948,1
head_0_1_V,2,947,2
head_0_1_V,2,946,1
head_0_1_V,2,945,3
head_0_1_V,2,944,1
head_0_1_V,2,943,1
head_0_1_V,2,942,1
head_0_1_V,2,941,3
head_0_1_V,2,940,4
head_0_1_V,2,938,2
head_0_1_V,2,934,2
head_0_1_V,2,933,2
head_0_1_V,2,932,1
head_0_1_V,2,931,2
head_0_1_V,2,930,2
head_0_1_V,2,929,1
head_0_1_V,2,928,7
head_0_1_V,2,927,2
head_0_1_V,2,926,2
head_0_1_V,2,925,2
head_0_1_V,2,924,2
head_0_1_V,2,923,2
head_0_1_V,2,922,1
head_0_1_V,2,920,1
head_0_1_V,2,918,1
head_0_1_V,2,916,1
head_0_1_V,2,915,1
head_0_1_V,2,914,2
head_0_1_V,2,911,3
head_0_1_V,2,910,3
head_0_1_V,2,909,4
head_0_1_V,2,908,1
head_0_1_V,2,907,1
head_0_1_V,2,906,3
head_0_1_V,2,905,1
head_0_1_V,2,904,3
head_0_1_V,2,903,4
head_0_1_V,2,902,3
head_0_1_V,2,901,2
head_0_1_V,2,900,2
head_0_1_V,2,898,2
head_0_1_V,2,897,2
head_0_1_V,2,896,1
head_0_1_V,2,895,4
head_0_1_V,2,894,1
head_0_1_V,2,893,1
head_0_1_V,2,892,1
head_0_1_V,2,891,3
head_0_1_V,2,889,1
head_0_1_V,2,888,4
head_0_1_V,2,887,1
head_0_1_V,2,886,4
head_0_1_V,2,885,3
head_0_1_V,2,884,2
head_0_1_V,2,883,3
head_0_1_V,2,882,3
head_0_1_V,2,881,1
head_0_1_V,2,880,1
head_0_1_V,2,879,5
head_0_1_V,2,877,2
head_0_1_V,2,876,1
head_0_1_V,2,875,3
head_0_1_V,2,874,2
head_0_1_V,2,873,1
head_0_1_V,2,872,2
head_0_1_V,2,871,2
head_0_1_V,2,870,4
head_0_1_V,2,869,1
head_0_1_V,2,868,1
head_0_1_V,2,867,1
head_0_1_V,2,866,2
head_0_1_V,2,865,1
head_0_1_V,2,864,3
head_0_1_V,2,862,1
head_0_1_V,2,861,2
head_0_1_V,2,860,3
head_0_1_V,2,859,4
head_0_1_V,2,857,1
head_0_1_V,2,855,2
head_0_1_V,2,854,1
head_0_1_V,2,853,1
head_0_1_V,2,852,3
head_0_1_V,2,851,3
head_0_1_V,2,850,2
head_0_1_V,2,848,5
head_0_1_V,2,845,1
head_0_1_V,2,844,2
head_0_1_V,2,843,1
head_0_1_V,2,841,1
head_0_1_V,2,838,1
head_0_1_V,2,837,2
head_0_1_V,2,836,1
head_0_1_V,2,835,3
head_0_1_V,2,834,2
head_0_1_V,2,833,2
head_0_1_V,2,832,3
head_0_1_V,2,831,5
head_0_1_V,2,830,5
head_0_1_V,2,829,2
head_0_1_V,2,828,2
head_0_1_V,2,827,2
head_0_1_V,2,826,3
head_0_1_V,2,825,1
head_0_1_V,2,824,3
head_0_1_V,2,823,3
head_0_1_V,2,822,1
head_0_1_V,2,821,4
head_0_1_V,2,820,3
head_0_1_V,2,819,6
head_0_1_V,2,818,3
head_0_1_V,2,817,4
head_0_1_V,2,816,3
head_0_1_V,2,815,3
head_0_1_V,2,814,3
head_0_1_V,2,813,5
head_0_1_V,2,811,1
head_0_1_V,2,810,4
head_0_1_V,2,809,3
head_0_1_V,2,808,1
head_0_1_V,2,807,2
head_0_1_V,2,806,1
head_0_1_V,2,805,1
head_0_1_V,2,804,5
head_0_1_V,2,803,2
head_0_1_V,2,802,3
head_0_1_V,2,801,4
head_0_1_V,2,800,2
head_0_1_V,2,799,2
head_0_1_V,2,798,1
head_0_1_V,2,797,1
head_0_1_V,2,794,1
head_0_1_V,2,793,1
head_0_1_V,2,792,2
head_0_1_V,2,791,4
head_0_1_V,2,790,4
head_0_1_V,2,789,3
head_0_1_V,2,788,3
head_0_1_V,2,787,2
head_0_1_V,2,786,4
head_0_1_V,2,785,2
head_0_1_V,2,784,2
head_0_1_V,2,783,3
head_0_1_V,2,782,6
head_0_1_V,2,781,2
head_0_1_V,2,780,1
head_0_1_V,2,779,1
head_0_1_V,2,778,2
head_0_1_V,2,777,2
head_0_1_V,2,776,4
head_0_1_V,2,775,3
head_0_1_V,2,774,2
head_0_1_V,2,772,2
head_0_1_V,2,770,6
head_0_1_V,2,768,1
head_0_1_V,2,767,2
head_0_1_V,2,766,3
head_0_1_V,2,765,3
head_0_1_V,2,764,6
head_0_1_V,2,763,2
head_0_1_V,2,762,1
head_0_1_V,2,761,2
head_0_1_V,2,760,2
head_0_1_V,2,758,5
head_0_1_V,2,756,3
head_0_1_V,2,755,2
head_0_1_V,2,754,1
head_0_1_V,2,753,3
head_0_1_V,2,751,3
head_0_1_V,2,750,4
head_0_1_V,2,749,1
head_0_1_V,2,748,5
head_0_1_V,2,747,5
head_0_1_V,2,746,4
head_0_1_V,2,745,5
head_0_1_V,2,744,3
head_0_1_V,2,743,5
head_0_1_V,2,742,2
head_0_1_V,2,741,2
head_0_1_V,2,740,3
head_0_1_V,2,739,1
head_0_1_V,2,738,3
head_0_1_V,2,737,5
head_0_1_V,2,736,4
head_0_1_V,2,735,3
head_0_1_V,2,734,2
head_0_1_V,2,733,3
head_0_1_V,2,731,5
head_0_1_V,2,730,5
head_0_1_V,2,729,3
head_0_1_V,2,728,2
head_0_1_V,2,726,2
head_0_1_V,2,725,4
head_0_1_V,2,724,2
head_0_1_V,2,723,3
head_0_1_V,2,722,4
head_0_1_V,2,721,6
head_0_1_V,2,720,3
head_0_1_V,2,719,2
head_0_1_V,2,718,3
head_0_1_V,2,717,3
head_0_1_V,2,716,2
head_0_1_V,2,715,4
head_0_1_V,2,714,2
head_0_1_V,2,713,4
head_0_1_V,2,712,1
head_0_1_V,2,711,4
head_0_1_V,2,710,3
head_0_1_V,2,709,1
head_0_1_V,2,708,2
head_0_1_V,2,707,3
head_0_1_V,2,706,2
head_0_1_V,2,705,4
head_0_1_V,2,704,3
head_0_1_V,2,703,4
head_0_1_V,2,702,2
head_0_1_V,2,701,1
head_0_1_V,2,700,5
head_0_1_V,2,699,5
head_0_1_V,2,698,1
head_0_1_V,2,697,3
head_0_1_V,2,696,1
head_0_1_V,2,695,3
head_0_1_V,2,694,2
head_0_1_V,2,693,1
head_0_1_V,2,692,5
head_0_1_V,2,691,4
head_0_1_V,2,690,2
head_0_1_V,2,689,3
head_0_1_V,2,688,4
head_0_1_V,2,687,1
head_0_1_V,2,686,4
head_0_1_V,2,685,1
head_0_1_V,2,684,1
head_0_1_V,2,681,4
head_0_1_V,2,680,3
head_0_1_V,2,679,5
head_0_1_V,2,677,2
head_0_1_V,2,676,3
head_0_1_V,2,675,2
head_0_1_V,2,674,8
head_0_1_V,2,673,3
head_0_1_V,2,672,6
head_0_1_V,2,671,2
head_0_1_V,2,670,3
head_0_1_V,2,669,4
head_0_1_V,2,668,3
head_0_1_V,2,667,5
head_0_1_V,2,666,4
head_0_1_V,2,665,3
head_0_1_V,2,664,2
head_0_1_V,2,663,1
head_0_1_V,2,662,3
head_0_1_V,2,661,2
head_0_1_V,2,660,5
head_0_1_V,2,659,2
head_0_1_V,2,658,7
head_0_1_V,2,657,1
head_0_1_V,2,656,3
head_0_1_V,2,655,1
head_0_1_V,2,654,2
head_0_1_V,2,653,2
head_0_1_V,2,652,1
head_0_1_V,2,651,1
head_0_1_V,2,650,3
head_0_1_V,2,648,2
head_0_1_V,2,647,2
head_0_1_V,2,646,9
head_0_1_V,2,645,6
head_0_1_V,2,644,5
head_0_1_V,2,643,3
head_0_1_V,2,642,3
head_0_1_V,2,641,6
head_0_1_V,2,640,1
head_0_1_V,2,639,3
head_0_1_V,2,638,1
head_0_1_V,2,637,3
head_0_1_V,2,636,2
head_0_1_V,2,635,5
head_0_1_V,2,634,3
head_0_1_V,2,633,2
head_0_1_V,2,632,1
head_0_1_V,2,631,2
head_0_1_V,2,630,7
head_0_1_V,2,629,6
head_0_1_V,2,628,5
head_0_1_V,2,627,2
head_0_1_V,2,626,3
head_0_1_V,2,625,3
head_0_1_V,2,624,2
head_0_1_V,2,623,4
head_0_1_V,2,622,3
head_0_1_V,2,621,1
head_0_1_V,2,620,2
head_0_1_V,2,619,3
head_0_1_V,2,618,3
head_0_1_V,2,617,3
head_0_1_V,2,616,4
head_0_1_V,2,615,1
head_0_1_V,2,614,1
head_0_1_V,2,613,4
head_0_1_V,2,612,3
head_0_1_V,2,611,2
head_0_1_V,2,610,6
head_0_1_V,2,609,3
head_0_1_V,2,608,2
head_0_1_V,2,607,5
head_0_1_V,2,606,6
head_0_1_V,2,605,2
head_0_1_V,2,604,5
head_0_1_V,2,603,6
head_0_1_V,2,602,3
head_0_1_V,2,601,1
head_0_1_V,2,600,3
head_0_1_V,2,599,5
head_0_1_V,2,598,6
head_0_1_V,2,597,5
head_0_1_V,2,596,4
head_0_1_V,2,595,2
head_0_1_V,2,594,2
head_0_1_V,2,593,2
head_0_1_V,2,592,4
head_0_1_V,2,591,3
head_0_1_V,2,590,1
head_0_1_V,2,589,6
head_0_1_V,2,588,1
head_0_1_V,2,587,3
head_0_1_V,2,586,4
head_0_1_V,2,585,3
head_0_1_V,2,584,4
head_0_1_V,2,583,6
head_0_1_V,2,582,4
head_0_1_V,2,581,3
head_0_1_V,2,580,9
head_0_1_V,2,579,7
head_0_1_V,2,578,5
head_0_1_V,2,577,1
head_0_1_V,2,576,5
head_0_1_V,2,575,6
head_0_1_V,2,574,5
head_0_1_V,2,573,6
head_0_1_V,2,572,2
head_0_1_V,2,571,7
head_0_1_V,2,570,4
head_0_1_V,2,569,4
head_0_1_V,2,568,4
head_0_1_V,2,567,4
head_0_1_V,2,566,5
head_0_1_V,2,565,8
head_0_1_V,2,564,5
head_0_1_V,2,563,7
head_0_1_V,2,562,2
head_0_1_V,2,561,1
head_0_1_V,2,560,4
head_0_1_V,2,558,6
head_0_1_V,2,557,2
head_0_1_V,2,556,4
head_0_1_V,2,555,4
head_0_1_V,2,554,3
head_0_1_V,2,553,10
head_0_1_V,2,552,5
head_0_1_V,2,551,5
head_0_1_V,2,550,3
head_0_1_V,2,549,5
head_0_1_V,2,548,8
head_0_1_V,2,547,7
head_0_1_V,2,546,4
head_0_1_V,2,545,4
head_0_1_V,2,544,5
head_0_1_V,2,543,7
head_0_1_V,2,542,3
head_0_1_V,2,541,8
head_0_1_V,2,540,4
head_0_1_V,2,539,2
head_0_1_V,2,538,3
head_0_1_V,2,537,1
head_0_1_V,2,536,3
head_0_1_V,2,535,3
head_0_1_V,2,534,8
head_0_1_V,2,533,7
head_0_1_V,2,532,6
head_0_1_V,2,531,7
head_0_1_V,2,530,7
head_0_1_V,2,529,4
head_0_1_V,2,528,7
head_0_1_V,2,527,5
head_0_1_V,2,526,5
head_0_1_V,2,525,6
head_0_1_V,2,524,3
head_0_1_V,2,523,4
head_0_1_V,2,522,4
head_0_1_V,2,521,8
head_0_1_V,2,520,4
head_0_1_V,2,519,5
head_0_1_V,2,518,6
head_0_1_V,2,517,8
head_0_1_V,2,516,9
head_0_1_V,2,515,4
head_0_1_V,2,514,2
head_0_1_V,2,513,4
head_0_1_V,2,512,4
head_0_1_V,2,511,2
head_0_1_V,2,509,5
head_0_1_V,2,508,12
head_0_1_V,2,507,10
head_0_1_V,2,506,4
head_0_1_V,2,505,4
head_0_1_V,2,504,5
head_0_1_V,2,503,4
head_0_1_V,2,502,7
head_0_1_V,2,501,7
head_0_1_V,2,500,5
head_0_1_V,2,499,10
head_0_1_V,2,498,7
head_0_1_V,2,497,5
head_0_1_V,2,496,5
head_0_1_V,2,495,5
head_0_1_V,2,494,6
head_0_1_V,2,493,4
head_0_1_V,2,492,3
head_0_1_V,2,491,3
head_0_1_V,2,490,10
head_0_1_V,2,489,9
head_0_1_V,2,488,5
head_0_1_V,2,487,6
head_0_1_V,2,486,6
head_0_1_V,2,485,2
head_0_1_V,2,484,12
head_0_1_V,2,483,9
head_0_1_V,2,482,5
head_0_1_V,2,481,6
head_0_1_V,2,480,7
head_0_1_V,2,479,6
head_0_1_V,2,478,8
head_0_1_V,2,477,8
head_0_1_V,2,476,4
head_0_1_V,2,475,7
head_0_1_V,2,474,9
head_0_1_V,2,473,9
head_0_1_V,2,472,9
head_0_1_V,2,471,7
head_0_1_V,2,470,6
head_0_1_V,2,469,6
head_0_1_V,2,468,4
head_0_1_V,2,467,10
head_0_1_V,2,466,3
head_0_1_V,2,465,5
head_0_1_V,2,464,6
head_0_1_V,2,463,5
head_0_1_V,2,462,9
head_0_1_V,2,461,7
head_0_1_V,2,460,6
head_0_1_V,2,459,4
head_0_1_V,2,458,11
head_0_1_V,2,457,9
head_0_1_V,2,456,5
head_0_1_V,2,455,7
head_0_1_V,2,454,8
head_0_1_V,2,453,7
head_0_1_V,2,452,8
head_0_1_V,2,451,10
head_0_1_V,2,450,4
head_0_1_V,2,449,9
head_0_1_V,2,448,4
head_0_1_V,2,447,10
head_0_1_V,2,446,3
head_0_1_V,2,445,10
head_0_1_V,2,444,6
head_0_1_V,2,443,8
head_0_1_V,2,442,8
head_0_1_V,2,441,9
head_0_1_V,2,440,10
head_0_1_V,2,439,7
head_0_1_V,2,438,6
head_0_1_V,2,437,8
head_0_1_V,2,436,6
head_0_1_V,2,435,7
head_0_1_V,2,434,6
head_0_1_V,2,433,9
head_0_1_V,2,432,5
head_0_1_V,2,431,7
head_0_1_V,2,430,5
head_0_1_V,2,429,7
head_0_1_V,2,428,9
head_0_1_V,2,427,7
head_0_1_V,2,426,7
head_0_1_V,2,425,6
head_0_1_V,2,424,5
head_0_1_V,2,423,5
head_0_1_V,2,422,7
head_0_1_V,2,421,5
head_0_1_V,2,420,7
head_0_1_V,2,419,9
head_0_1_V,2,418,6
head_0_1_V,2,417,7
head_0_1_V,2,416,6
head_0_1_V,2,415,5
head_0_1_V,2,414,10
head_0_1_V,2,413,6
head_0_1_V,2,412,12
head_0_1_V,2,411,5
head_0_1_V,2,410,10
head_0_1_V,2,409,10
head_0_1_V,2,408,9
head_0_1_V,2,407,9
head_0_1_V,2,406,4
head_0_1_V,2,405,8
head_0_1_V,2,404,10
head_0_1_V,2,403,13
head_0_1_V,2,402,6
head_0_1_V,2,401,11
head_0_1_V,2,400,16
head_0_1_V,2,399,10
head_0_1_V,2,398,15
head_0_1_V,2,397,11
head_0_1_V,2,396,7
head_0_1_V,2,395,17
head_0_1_V,2,394,7
head_0_1_V,2,393,6
head_0_1_V,2,392,10
head_0_1_V,2,391,6
head_0_1_V,2,390,11
head_0_1_V,2,389,13
head_0_1_V,2,388,8
head_0_1_V,2,387,3
head_0_1_V,2,386,12
head_0_1_V,2,385,5
head_0_1_V,2,384,8
head_0_1_V,2,383,9
head_0_1_V,2,382,3
head_0_1_V,2,381,12
head_0_1_V,2,380,10
head_0_1_V,2,379,10
head_0_1_V,2,378,11
head_0_1_V,2,377,15
head_0_1_V,2,376,14
head_0_1_V,2,375,11
head_0_1_V,2,374,12
head_0_1_V,2,373,11
head_0_1_V,2,372,12
head_0_1_V,2,371,14
head_0_1_V,2,370,10
head_0_1_V,2,369,13
head_0_1_V,2,368,9
head_0_1_V,2,367,11
head_0_1_V,2,366,11
head_0_1_V,2,365,13
head_0_1_V,2,364,7
head_0_1_V,2,363,10
head_0_1_V,2,362,10
head_0_1_V,2,361,17
head_0_1_V,2,360,16
head_0_1_V,2,359,10
head_0_1_V,2,358,11
head_0_1_V,2,357,15
head_0_1_V,2,356,15
head_0_1_V,2,355,8
head_0_1_V,2,354,10
head_0_1_V,2,353,12
head_0_1_V,2,352,16
head_0_1_V,2,351,8
head_0_1_V,2,350,17
head_0_1_V,2,349,10
head_0_1_V,2,348,20
head_0_1_V,2,347,11
head_0_1_V,2,346,7
head_0_1_V,2,345,11
head_0_1_V,2,344,7
head_0_1_V,2,343,12
head_0_1_V,2,342,14
head_0_1_V,2,341,8
head_0_1_V,2,340,13
head_0_1_V,2,339,9
head_0_1_V,2,338,9
head_0_1_V,2,337,9
head_0_1_V,2,336,8
head_0_1_V,2,335,18
head_0_1_V,2,334,12
head_0_1_V,2,333,16
head_0_1_V,2,332,7
head_0_1_V,2,331,13
head_0_1_V,2,330,7
head_0_1_V,2,329,7
head_0_1_V,2,328,14
head_0_1_V,2,327,11
head_0_1_V,2,326,10
head_0_1_V,2,325,12
head_0_1_V,2,324,13
head_0_1_V,2,323,10
head_0_1_V,2,322,15
head_0_1_V,2,321,6
head_0_1_V,2,320,11
head_0_1_V,2,319,18
head_0_1_V,2,318,11
head_0_1_V,2,317,18
head_0_1_V,2,316,17
head_0_1_V,2,315,14
head_0_1_V,2,314,16
head_0_1_V,2,313,8
head_0_1_V,2,312,12
head_0_1_V,2,311,15
head_0_1_V,2,310,10
head_0_1_V,2,309,15
head_0_1_V,2,308,10
head_0_1_V,2,307,11
head_0_1_V,2,306,16
head_0_1_V,2,305,17
head_0_1_V,2,304,18
head_0_1_V,2,303,10
head_0_1_V,2,302,20
head_0_1_V,2,301,17
head_0_1_V,2,300,10
head_0_1_V,2,299,17
head_0_1_V,2,298,14
head_0_1_V,2,297,16
head_0_1_V,2,296,20
head_0_1_V,2,295,12
head_0_1_V,2,294,13
head_0_1_V,2,293,10
head_0_1_V,2,292,21
head_0_1_V,2,291,20
head_0_1_V,2,290,10
head_0_1_V,2,289,16
head_0_1_V,2,288,18
head_0_1_V,2,287,12
head_0_1_V,2,286,19
head_0_1_V,2,285,15
head_0_1_V,2,284,11
head_0_1_V,2,283,14
head_0_1_V,2,282,16
head_0_1_V,2,281,22
head_0_1_V,2,280,19
head_0_1_V,2,279,24
head_0_1_V,2,278,16
head_0_1_V,2,277,16
head_0_1_V,2,276,13
head_0_1_V,2,275,10
head_0_1_V,2,274,15
head_0_1_V,2,273,13
head_0_1_V,2,272,14
head_0_1_V,2,271,13
head_0_1_V,2,270,19
head_0_1_V,2,269,14
head_0_1_V,2,268,12
head_0_1_V,2,267,15
head_0_1_V,2,266,26
head_0_1_V,2,265,19
head_0_1_V,2,264,22
head_0_1_V,2,263,14
head_0_1_V,2,262,14
head_0_1_V,2,261,11
head_0_1_V,2,260,15
head_0_1_V,2,259,19
head_0_1_V,2,258,14
head_0_1_V,2,257,23
head_0_1_V,2,256,17
head_0_1_V,2,255,20
head_0_1_V,2,254,15
head_0_1_V,2,253,13
head_0_1_V,2,252,15
head_0_1_V,2,251,20
head_0_1_V,2,250,18
head_0_1_V,2,249,33
head_0_1_V,2,248,20
head_0_1_V,2,247,23
head_0_1_V,2,246,13
head_0_1_V,2,245,16
head_0_1_V,2,244,17
head_0_1_V,2,243,14
head_0_1_V,2,242,18
head_0_1_V,2,241,17
head_0_1_V,2,240,19
head_0_1_V,2,239,14
head_0_1_V,2,238,20
head_0_1_V,2,237,15
head_0_1_V,2,236,17
head_0_1_V,2,235,19
head_0_1_V,2,234,25
head_0_1_V,2,233,23
head_0_1_V,2,232,15
head_0_1_V,2,231,22
head_0_1_V,2,230,19
head_0_1_V,2,229,27
head_0_1_V,2,228,28
head_0_1_V,2,227,24
head_0_1_V,2,226,20
head_0_1_V,2,225,20
head_0_1_V,2,224,34
head_0_1_V,2,223,26
head_0_1_V,2,222,29
head_0_1_V,2,221,31
head_0_1_V,2,220,16
head_0_1_V,2,219,24
head_0_1_V,2,218,24
head_0_1_V,2,217,29
head_0_1_V,2,216,16
head_0_1_V,2,215,29
head_0_1_V,2,214,35
head_0_1_V,2,213,31
head_0_1_V,2,212,14
head_0_1_V,2,211,22
head_0_1_V,2,210,36
head_0_1_V,2,209,17
head_0_1_V,2,208,22
head_0_1_V,2,207,21
head_0_1_V,2,206,28
head_0_1_V,2,205,30
head_0_1_V,2,204,33
head_0_1_V,2,203,27
head_0_1_V,2,202,34
head_0_1_V,2,201,31
head_0_1_V,2,200,27
head_0_1_V,2,199,20
head_0_1_V,2,198,22
head_0_1_V,2,197,28
head_0_1_V,2,196,30
head_0_1_V,2,195,26
head_0_1_V,2,194,30
head_0_1_V,2,193,39
head_0_1_V,2,192,29
head_0_1_V,2,191,28
head_0_1_V,2,190,28
head_0_1_V,2,189,29
head_0_1_V,2,188,33
head_0_1_V,2,187,20
head_0_1_V,2,186,36
head_0_1_V,2,185,44
head_0_1_V,2,184,34
head_0_1_V,2,183,22
head_0_1_V,2,182,28
head_0_1_V,2,181,36
head_0_1_V,2,180,37
head_0_1_V,2,179,40
head_0_1_V,2,178,35
head_0_1_V,2,177,31
head_0_1_V,2,176,43
head_0_1_V,2,175,47
head_0_1_V,2,174,34
head_0_1_V,2,173,32
head_0_1_V,2,172,32
head_0_1_V,2,171,37
head_0_1_V,2,170,48
head_0_1_V,2,169,40
head_0_1_V,2,168,42
head_0_1_V,2,167,45
head_0_1_V,2,166,31
head_0_1_V,2,165,41
head_0_1_V,2,164,38
head_0_1_V,2,163,41
head_0_1_V,2,162,40
head_0_1_V,2,161,47
head_0_1_V,2,160,47
head_0_1_V,2,159,44
head_0_1_V,2,158,45
head_0_1_V,2,157,45
head_0_1_V,2,156,42
head_0_1_V,2,155,44
head_0_1_V,2,154,50
head_0_1_V,2,153,45
head_0_1_V,2,152,47
head_0_1_V,2,151,45
head_0_1_V,2,150,46
head_0_1_V,2,149,54
head_0_1_V,2,148,51
head_0_1_V,2,147,51
head_0_1_V,2,146,49
head_0_1_V,2,145,53
head_0_1_V,2,144,55
head_0_1_V,2,143,46
head_0_1_V,2,142,60
head_0_1_V,2,141,51
head_0_1_V,2,140,42
head_0_1_V,2,139,49
head_0_1_V,2,138,60
head_0_1_V,2,137,64
head_0_1_V,2,136,51
head_0_1_V,2,135,47
head_0_1_V,2,134,49
head_0_1_V,2,133,64
head_0_1_V,2,132,50
head_0_1_V,2,131,60
head_0_1_V,2,130,68
head_0_1_V,2,129,54
head_0_1_V,2,128,54
head_0_1_V,2,127,57
head_0_1_V,2,126,43
head_0_1_V,2,125,58
head_0_1_V,2,124,52
head_0_1_V,2,123,66
head_0_1_V,2,122,66
head_0_1_V,2,121,51
head_0_1_V,2,120,70
head_0_1_V,2,119,73
head_0_1_V,2,118,52
head_0_1_V,2,117,54
head_0_1_V,2,116,67
head_0_1_V,2,115,62
head_0_1_V,2,114,74
head_0_1_V,2,113,53
head_0_1_V,2,112,69
head_0_1_V,2,111,59
head_0_1_V,2,110,87
head_0_1_V,2,109,72
head_0_1_V,2,108,79
head_0_1_V,2,107,71
head_0_1_V,2,106,77
head_0_1_V,2,105,74
head_0_1_V,2,104,77
head_0_1_V,2,103,72
head_0_1_V,2,102,79
head_0_1_V,2,101,60
head_0_1_V,2,100,86
head_0_1_V,2,99,98
head_0_1_V,2,98,82
head_0_1_V,2,97,76
head_0_1_V,2,96,94
head_0_1_V,2,95,94
head_0_1_V,2,94,72
head_0_1_V,2,93,93
head_0_1_V,2,92,90
head_0_1_V,2,91,80
head_0_1_V,2,90,78
head_0_1_V,2,89,100
head_0_1_V,2,88,81
head_0_1_V,2,87,106
head_0_1_V,2,86,87
head_0_1_V,2,85,93
head_0_1_V,2,84,113
head_0_1_V,2,83,99
head_0_1_V,2,82,108
head_0_1_V,2,81,99
head_0_1_V,2,80,114
head_0_1_V,2,79,107
head_0_1_V,2,78,107
head_0_1_V,2,77,142
head_0_1_V,2,76,125
head_0_1_V,2,75,115
head_0_1_V,2,74,104
head_0_1_V,2,73,122
head_0_1_V,2,72,131
head_0_1_V,2,71,108
head_0_1_V,2,70,145
head_0_1_V,2,69,114
head_0_1_V,2,68,122
head_0_1_V,2,67,154
head_0_1_V,2,66,179
head_0_1_V,2,65,130
head_0_1_V,2,64,151
head_0_1_V,2,63,158
head_0_1_V,2,62,150
head_0_1_V,2,61,151
head_0_1_V,2,60,164
head_0_1_V,2,59,157
head_0_1_V,2,58,171
head_0_1_V,2,57,178
head_0_1_V,2,56,149
head_0_1_V,2,55,177
head_0_1_V,2,54,176
head_0_1_V,2,53,197
head_0_1_V,2,52,162
head_0_1_V,2,51,213
head_0_1_V,2,50,210
head_0_1_V,2,49,218
head_0_1_V,2,48,213
head_0_1_V,2,47,214
head_0_1_V,2,46,221
head_0_1_V,2,45,227
head_0_1_V,2,44,232
head_0_1_V,2,43,257
head_0_1_V,2,42,264
head_0_1_V,2,41,254
head_0_1_V,2,40,244
head_0_1_V,2,39,275
head_0_1_V,2,38,306
head_0_1_V,2,37,293
head_0_1_V,2,36,278
head_0_1_V,2,35,304
head_0_1_V,2,34,286
head_0_1_V,2,33,299
head_0_1_V,2,32,300
head_0_1_V,2,31,315
head_0_1_V,2,30,340
head_0_1_V,2,29,342
head_0_1_V,2,28,344
head_0_1_V,2,27,387
head_0_1_V,2,26,377
head_0_1_V,2,25,408
head_0_1_V,2,24,412
head_0_1_V,2,23,415
head_0_1_V,2,22,452
head_0_1_V,2,21,512
head_0_1_V,2,20,471
head_0_1_V,2,19,531
head_0_1_V,2,18,536
head_0_1_V,2,17,589
head_0_1_V,2,16,580
head_0_1_V,2,15,649
head_0_1_V,2,14,688
head_0_1_V,2,13,680
head_0_1_V,2,12,758
head_0_1_V,2,11,822
head_0_1_V,2,10,896
head_0_1_V,2,9,899
head_0_1_V,2,8,947
head_0_1_V,2,7,1052
head_0_1_V,2,6,1085
head_0_1_V,2,5,1220
head_0_1_V,2,4,1422
head_0_1_V,2,3,1621
head_0_1_V,2,2,1985
head_0_1_V,2,1,2305
head_0_1_V,2,0,19392
head_0_1_V,3,18980,1
head_0_1_V,3,18656,1
head_0_1_V,3,17028,1
head_0_1_V,3,9384,1
head_0_1_V,3,9297,1
head_0_1_V,3,9262,1
head_0_1_V,3,8367,1
head_0_1_V,3,8191,1
head_0_1_V,3,8126,1
head_0_1_V,3,7780,1
head_0_1_V,3,7727,1
head_0_1_V,3,7433,1
head_0_1_V,3,7283,1
head_0_1_V,3,6762,1
head_0_1_V,3,6508,1
head_0_1_V,3,6408,1
head_0_1_V,3,6401,1
head_0_1_V,3,6053,1
head_0_1_V,3,6002,1
head_0_1_V,3,5907,1
head_0_1_V,3,5900,1
head_0_1_V,3,5716,1
head_0_1_V,3,5674,1
head_0_1_V,3,5593,1
head_0_1_V,3,5466,1
head_0_1_V,3,5455,1
head_0_1_V,3,5420,1
head_0_1_V,3,5339,1
head_0_1_V,3,5301,1
head_0_1_V,3,5271,1
head_0_1_V,3,5231,1
head_0_1_V,3,5220,1
head_0_1_V,3,5159,1
head_0_1_V,3,5106,1
head_0_1_V,3,5057,1
head_0_1_V,3,5001,1
head_0_1_V,3,4933,1
head_0_1_V,3,4887,1
head_0_1_V,3,4873,1
head_0_1_V,3,4846,1
head_0_1_V,3,4844,1
head_0_1_V,3,4644,1
head_0_1_V,3,4616,1
head_0_1_V,3,4558,1
head_0_1_V,3,4522,1
head_0_1_V,3,4515,1
head_0_1_V,3,4470,1
head_0_1_V,3,4405,1
head_0_1_V,3,4367,1
head_0_1_V,3,4353,1
head_0_1_V,3,4334,1
head_0_1_V,3,4220,1
head_0_1_V,3,4206,1
head_0_1_V,3,4155,1
head_0_1_V,3,4068,1
head_0_1_V,3,4058,1
head_0_1_V,3,4049,1
head_0_1_V,3,4036,1
head_0_1_V,3,3999,1
head_0_1_V,3,3963,1
head_0_1_V,3,3926,1
head_0_1_V,3,3925,1
head_0_1_V,3,3921,1
head_0_1_V,3,3879,1
head_0_1_V,3,3829,1
head_0_1_V,3,3797,1
head_0_1_V,3,3792,1
head_0_1_V,3,3787,1
head_0_1_V,3,3781,1
head_0_1_V,3,3750,1
head_0_1_V,3,3734,2
head_0_1_V,3,3733,1
head_0_1_V,3,3682,1
head_0_1_V,3,3665,1
head_0_1_V,3,3566,1
head_0_1_V,3,3518,1
head_0_1_V,3,3494,1
head_0_1_V,3,3475,1
head_0_1_V,3,3463,1
head_0_1_V,3,3443,1
head_0_1_V,3,3436,1
head_0_1_V,3,3361,1
head_0_1_V,3,3349,1
head_0_1_V,3,3327,1
head_0_1_V,3,3266,1
head_0_1_V,3,3235,1
head_0_1_V,3,3190,1
head_0_1_V,3,3141,1
head_0_1_V,3,3065,1
head_0_1_V,3,3058,1
head_0_1_V,3,3044,1
head_0_1_V,3,3041,1
head_0_1_V,3,3011,1
head_0_1_V,3,2980,1
head_0_1_V,3,2971,1
head_0_1_V,3,2960,1
head_0_1_V,3,2950,1
head_0_1_V,3,2907,1
head_0_1_V,3,2904,1
head_0_1_V,3,2902,1
head_0_1_V,3,2898,1
head_0_1_V,3,2894,1
head_0_1_V,3,2891,1
head_0_1_V,3,2883,1
head_0_1_V,3,2877,1
head_0_1_V,3,2872,1
head_0_1_V,3,2863,1
head_0_1_V,3,2784,1
head_0_1_V,3,2774,1
head_0_1_V,3,2767,2
head_0_1_V,3,2755,1
head_0_1_V,3,2715,1
head_0_1_V,3,2711,1
head_0_1_V,3,2705,1
head_0_1_V,3,2693,2
head_0_1_V,3,2680,1
head_0_1_V,3,2679,1
head_0_1_V,3,2678,1
head_0_1_V,3,2655,1
head_0_1_V,3,2653,1
head_0_1_V,3,2631,1
head_0_1_V,3,2621,1
head_0_1_V,3,2614,1
head_0_1_V,3,2612,1
head_0_1_V,3,2611,1
head_0_1_V,3,2610,1
head_0_1_V,3,2609,1
head_0_1_V,3,2595,1
head_0_1_V,3,2587,1
head_0_1_V,3,2578,1
head_0_1_V,3,2550,1
head_0_1_V,3,2536,1
head_0_1_V,3,2530,1
head_0_1_V,3,2529,1
head_0_1_V,3,2518,1
head_0_1_V,3,2514,2
head_0_1_V,3,2506,1
head_0_1_V,3,2484,1
head_0_1_V,3,2467,1
head_0_1_V,3,2464,1
head_0_1_V,3,2433,1
head_0_1_V,3,2420,1
head_0_1_V,3,2414,1
head_0_1_V,3,2412,1
head_0_1_V,3,2406,1
head_0_1_V,3,2400,1
head_0_1_V,3,2376,1
head_0_1_V,3,2375,1
head_0_1_V,3,2366,1
head_0_1_V,3,2361,1
head_0_1_V,3,2356,1
head_0_1_V,3,2352,1
head_0_1_V,3,2349,1
head_0_1_V,3,2341,1
head_0_1_V,3,2336,1
head_0_1_V,3,2333,1
head_0_1_V,3,2329,1
head_0_1_V,3,2321,1
head_0_1_V,3,2317,1
head_0_1_V,3,2304,1
head_0_1_V,3,2297,1
head_0_1_V,3,2276,1
head_0_1_V,3,2266,1
head_0_1_V,3,2257,2
head_0_1_V,3,2251,1
head_0_1_V,3,2229,1
head_0_1_V,3,2216,1
head_0_1_V,3,2212,1
head_0_1_V,3,2209,1
head_0_1_V,3,2200,1
head_0_1_V,3,2195,2
head_0_1_V,3,2193,1
head_0_1_V,3,2181,1
head_0_1_V,3,2175,1
head_0_1_V,3,2174,1
head_0_1_V,3,2167,1
head_0_1_V,3,2163,1
head_0_1_V,3,2158,1
head_0_1_V,3,2154,1
head_0_1_V,3,2153,1
head_0_1_V,3,2146,1
head_0_1_V,3,2141,1
head_0_1_V,3,2134,1
head_0_1_V,3,2129,2
head_0_1_V,3,2128,1
head_0_1_V,3,2120,1
head_0_1_V,3,2103,1
head_0_1_V,3,2102,1
head_0_1_V,3,2088,1
head_0_1_V,3,2086,1
head_0_1_V,3,2073,2
head_0_1_V,3,2071,1
head_0_1_V,3,2068,2
head_0_1_V,3,2063,1
head_0_1_V,3,2061,1
head_0_1_V,3,2059,1
head_0_1_V,3,2055,1
head_0_1_V,3,2053,1
head_0_1_V,3,2043,1
head_0_1_V,3,2040,1
head_0_1_V,3,2039,1
head_0_1_V,3,2035,1
head_0_1_V,3,2021,2
head_0_1_V,3,2006,1
head_0_1_V,3,2005,1
head_0_1_V,3,2000,1
head_0_1_V,3,1987,1
head_0_1_V,3,1979,1
head_0_1_V,3,1978,1
head_0_1_V,3,1977,1
head_0_1_V,3,1967,1
head_0_1_V,3,1966,1
head_0_1_V,3,1959,1
head_0_1_V,3,1952,1
head_0_1_V,3,1951,1
head_0_1_V,3,1950,1
head_0_1_V,3,1947,1
head_0_1_V,3,1946,1
head_0_1_V,3,1933,1
head_0_1_V,3,1930,1
head_0_1_V,3,1921,1
head_0_1_V,3,1917,1
head_0_1_V,3,1916,1
head_0_1_V,3,1912,1
head_0_1_V,3,1910,1
head_0_1_V,3,1904,1
head_0_1_V,3,1900,1
head_0_1_V,3,1899,1
head_0_1_V,3,1893,2
head_0_1_V,3,1887,1
head_0_1_V,3,1882,1
head_0_1_V,3,1881,1
head_0_1_V,3,1875,1
head_0_1_V,3,1874,1
head_0_1_V,3,1871,1
head_0_1_V,3,1861,1
head_0_1_V,3,1858,1
head_0_1_V,3,1857,1
head_0_1_V,3,1855,1
head_0_1_V,3,1849,1
head_0_1_V,3,1835,1
head_0_1_V,3,1833,1
head_0_1_V,3,1825,1
head_0_1_V,3,1821,1
head_0_1_V,3,1812,1
head_0_1_V,3,1811,1
head_0_1_V,3,1805,1
head_0_1_V,3,1803,1
head_0_1_V,3,1800,1
head_0_1_V,3,1795,2
head_0_1_V,3,1793,2
head_0_1_V,3,1787,1
head_0_1_V,3,1783,1
head_0_1_V,3,1778,1
head_0_1_V,3,1775,1
head_0_1_V,3,1760,1
head_0_1_V,3,1756,2
head_0_1_V,3,1752,1
head_0_1_V,3,1744,1
head_0_1_V,3,1743,1
head_0_1_V,3,1741,1
head_0_1_V,3,1737,1
head_0_1_V,3,1730,1
head_0_1_V,3,1724,2
head_0_1_V,3,1715,2
head_0_1_V,3,1710,2
head_0_1_V,3,1709,1
head_0_1_V,3,1707,1
head_0_1_V,3,1700,1
head_0_1_V,3,1694,1
head_0_1_V,3,1687,1
head_0_1_V,3,1682,1
head_0_1_V,3,1681,1
head_0_1_V,3,1680,1
head_0_1_V,3,1668,1
head_0_1_V,3,1653,2
head_0_1_V,3,1652,1
head_0_1_V,3,1650,1
head_0_1_V,3,1640,1
head_0_1_V,3,1638,1
head_0_1_V,3,1637,1
head_0_1_V,3,1632,1
head_0_1_V,3,1630,1
head_0_1_V,3,1629,1
head_0_1_V,3,1627,1
head_0_1_V,3,1624,1
head_0_1_V,3,1615,1
head_0_1_V,3,1608,1
head_0_1_V,3,1606,1
head_0_1_V,3,1602,1
head_0_1_V,3,1598,3
head_0_1_V,3,1592,1
head_0_1_V,3,1590,1
head_0_1_V,3,1588,3
head_0_1_V,3,1585,1
head_0_1_V,3,1582,1
head_0_1_V,3,1580,1
head_0_1_V,3,1578,1
head_0_1_V,3,1573,1
head_0_1_V,3,1570,1
head_0_1_V,3,1569,1
head_0_1_V,3,1568,1
head_0_1_V,3,1567,1
head_0_1_V,3,1566,2
head_0_1_V,3,1563,1
head_0_1_V,3,1561,1
head_0_1_V,3,1560,1
head_0_1_V,3,1556,3
head_0_1_V,3,1555,2
head_0_1_V,3,1554,1
head_0_1_V,3,1548,1
head_0_1_V,3,1547,1
head_0_1_V,3,1545,1
head_0_1_V,3,1544,1
head_0_1_V,3,1542,2
head_0_1_V,3,1541,1
head_0_1_V,3,1538,2
head_0_1_V,3,1535,1
head_0_1_V,3,1531,1
head_0_1_V,3,1527,2
head_0_1_V,3,1525,1
head_0_1_V,3,1516,3
head_0_1_V,3,1504,1
head_0_1_V,3,1493,1
head_0_1_V,3,1492,1
head_0_1_V,3,1490,1
head_0_1_V,3,1489,1
head_0_1_V,3,1487,1
head_0_1_V,3,1485,2
head_0_1_V,3,1481,1
head_0_1_V,3,1478,1
head_0_1_V,3,1475,1
head_0_1_V,3,1474,2
head_0_1_V,3,1472,2
head_0_1_V,3,1471,1
head_0_1_V,3,1465,2
head_0_1_V,3,1461,1
head_0_1_V,3,1456,1
head_0_1_V,3,1450,1
head_0_1_V,3,1449,2
head_0_1_V,3,1446,1
head_0_1_V,3,1437,1
head_0_1_V,3,1435,1
head_0_1_V,3,1431,1
head_0_1_V,3,1429,1
head_0_1_V,3,1428,1
head_0_1_V,3,1424,1
head_0_1_V,3,1421,1
head_0_1_V,3,1419,3
head_0_1_V,3,1418,1
head_0_1_V,3,1417,3
head_0_1_V,3,1414,1
head_0_1_V,3,1413,1
head_0_1_V,3,1412,1
head_0_1_V,3,1410,2
head_0_1_V,3,1408,2
head_0_1_V,3,1407,1
head_0_1_V,3,1404,3
head_0_1_V,3,1403,2
head_0_1_V,3,1402,1
head_0_1_V,3,1400,2
head_0_1_V,3,1397,1
head_0_1_V,3,1396,1
head_0_1_V,3,1394,2
head_0_1_V,3,1392,1
head_0_1_V,3,1390,1
head_0_1_V,3,1389,2
head_0_1_V,3,1385,1
head_0_1_V,3,1384,1
head_0_1_V,3,1380,1
head_0_1_V,3,1379,2
head_0_1_V,3,1372,1
head_0_1_V,3,1369,1
head_0_1_V,3,1364,1
head_0_1_V,3,1363,1
head_0_1_V,3,1362,1
head_0_1_V,3,1361,1
head_0_1_V,3,1357,1
head_0_1_V,3,1354,2
head_0_1_V,3,1352,1
head_0_1_V,3,1346,1
head_0_1_V,3,1344,1
head_0_1_V,3,1343,1
head_0_1_V,3,1341,1
head_0_1_V,3,1340,1
head_0_1_V,3,1338,2
head_0_1_V,3,1336,1
head_0_1_V,3,1335,1
head_0_1_V,3,1333,1
head_0_1_V,3,1332,1
head_0_1_V,3,1329,1
head_0_1_V,3,1328,1
head_0_1_V,3,1326,2
head_0_1_V,3,1322,1
head_0_1_V,3,1320,2
head_0_1_V,3,1319,1
head_0_1_V,3,1317,1
head_0_1_V,3,1316,1
head_0_1_V,3,1315,1
head_0_1_V,3,1314,1
head_0_1_V,3,1313,1
head_0_1_V,3,1310,1
head_0_1_V,3,1309,1
head_0_1_V,3,1307,1
head_0_1_V,3,1306,1
head_0_1_V,3,1303,1
head_0_1_V,3,1302,2
head_0_1_V,3,1300,2
head_0_1_V,3,1299,1
head_0_1_V,3,1296,1
head_0_1_V,3,1293,2
head_0_1_V,3,1292,1
head_0_1_V,3,1291,2
head_0_1_V,3,1290,1
head_0_1_V,3,1288,1
head_0_1_V,3,1285,2
head_0_1_V,3,1284,1
head_0_1_V,3,1281,2
head_0_1_V,3,1280,1
head_0_1_V,3,1279,1
head_0_1_V,3,1272,1
head_0_1_V,3,1270,1
head_0_1_V,3,1268,1
head_0_1_V,3,1267,1
head_0_1_V,3,1265,1
head_0_1_V,3,1264,2
head_0_1_V,3,1262,1
head_0_1_V,3,1261,2
head_0_1_V,3,1259,2
head_0_1_V,3,1252,1
head_0_1_V,3,1251,1
head_0_1_V,3,1248,1
head_0_1_V,3,1245,2
head_0_1_V,3,1244,2
head_0_1_V,3,1243,1
head_0_1_V,3,1241,2
head_0_1_V,3,1240,1
head_0_1_V,3,1239,1
head_0_1_V,3,1238,1
head_0_1_V,3,1237,1
head_0_1_V,3,1234,1
head_0_1_V,3,1233,3
head_0_1_V,3,1232,1
head_0_1_V,3,1230,1
head_0_1_V,3,1226,3
head_0_1_V,3,1225,1
head_0_1_V,3,1221,2
head_0_1_V,3,1217,1
head_0_1_V,3,1215,1
head_0_1_V,3,1214,2
head_0_1_V,3,1206,1
head_0_1_V,3,1205,1
head_0_1_V,3,1204,2
head_0_1_V,3,1203,3
head_0_1_V,3,1202,1
head_0_1_V,3,1201,1
head_0_1_V,3,1200,1
head_0_1_V,3,1198,2
head_0_1_V,3,1194,2
head_0_1_V,3,1192,1
head_0_1_V,3,1191,1
head_0_1_V,3,1187,2
head_0_1_V,3,1186,2
head_0_1_V,3,1183,1
head_0_1_V,3,1182,3
head_0_1_V,3,1180,1
head_0_1_V,3,1176,1
head_0_1_V,3,1175,1
head_0_1_V,3,1173,1
head_0_1_V,3,1172,1
head_0_1_V,3,1171,2
head_0_1_V,3,1169,1
head_0_1_V,3,1168,1
head_0_1_V,3,1167,3
head_0_1_V,3,1166,1
head_0_1_V,3,1159,1
head_0_1_V,3,1158,1
head_0_1_V,3,1156,2
head_0_1_V,3,1155,1
head_0_1_V,3,1153,1
head_0_1_V,3,1152,1
head_0_1_V,3,1151,1
head_0_1_V,3,1150,2
head_0_1_V,3,1149,3
head_0_1_V,3,1147,3
head_0_1_V,3,1145,1
head_0_1_V,3,1143,1
head_0_1_V,3,1141,1
head_0_1_V,3,1139,2
head_0_1_V,3,1138,2
head_0_1_V,3,1137,4
head_0_1_V,3,1135,1
head_0_1_V,3,1134,1
head_0_1_V,3,1133,1
head_0_1_V,3,1132,1
head_0_1_V,3,1131,2
head_0_1_V,3,1130,2
head_0_1_V,3,1129,2
head_0_1_V,3,1127,2
head_0_1_V,3,1123,1
head_0_1_V,3,1121,1
head_0_1_V,3,1120,1
head_0_1_V,3,1118,1
head_0_1_V,3,1117,2
head_0_1_V,3,1116,2
head_0_1_V,3,1114,2
head_0_1_V,3,1113,1
head_0_1_V,3,1112,3
head_0_1_V,3,1110,1
head_0_1_V,3,1109,1
head_0_1_V,3,1108,1
head_0_1_V,3,1107,2
head_0_1_V,3,1106,1
head_0_1_V,3,1105,2
head_0_1_V,3,1104,3
head_0_1_V,3,1101,2
head_0_1_V,3,1100,1
head_0_1_V,3,1099,1
head_0_1_V,3,1098,1
head_0_1_V,3,1095,1
head_0_1_V,3,1094,2
head_0_1_V,3,1093,4
head_0_1_V,3,1092,1
head_0_1_V,3,1090,1
head_0_1_V,3,1089,1
head_0_1_V,3,1088,2
head_0_1_V,3,1087,2
head_0_1_V,3,1084,2
head_0_1_V,3,1083,1
head_0_1_V,3,1081,2
head_0_1_V,3,1080,1
head_0_1_V,3,1077,1
head_0_1_V,3,1075,1
head_0_1_V,3,1074,1
head_0_1_V,3,1073,1
head_0_1_V,3,1072,2
head_0_1_V,3,1071,1
head_0_1_V,3,1069,2
head_0_1_V,3,1066,1
head_0_1_V,3,1065,2
head_0_1_V,3,1064,1
head_0_1_V,3,1063,2
head_0_1_V,3,1062,1
head_0_1_V,3,1061,1
head_0_1_V,3,1060,1
head_0_1_V,3,1059,1
head_0_1_V,3,1058,3
head_0_1_V,3,1057,2
head_0_1_V,3,1052,2
head_0_1_V,3,1051,2
head_0_1_V,3,1048,1
head_0_1_V,3,1047,1
head_0_1_V,3,1046,1
head_0_1_V,3,1045,5
head_0_1_V,3,1044,3
head_0_1_V,3,1043,1
head_0_1_V,3,1042,3
head_0_1_V,3,1039,1
head_0_1_V,3,1037,1
head_0_1_V,3,1033,4
head_0_1_V,3,1032,1
head_0_1_V,3,1031,3
head_0_1_V,3,1030,1
head_0_1_V,3,1029,1
head_0_1_V,3,1027,2
head_0_1_V,3,1025,1
head_0_1_V,3,1024,1
head_0_1_V,3,1023,4
head_0_1_V,3,1022,2
head_0_1_V,3,1020,1
head_0_1_V,3,1019,1
head_0_1_V,3,1018,2
head_0_1_V,3,1017,2
head_0_1_V,3,1015,1
head_0_1_V,3,1014,1
head_0_1_V,3,1011,1
head_0_1_V,3,1009,2
head_0_1_V,3,1006,1
head_0_1_V,3,1005,1
head_0_1_V,3,1004,1
head_0_1_V,3,1000,1
head_0_1_V,3,999,4
head_0_1_V,3,995,1
head_0_1_V,3,994,1
head_0_1_V,3,992,1
head_0_1_V,3,991,2
head_0_1_V,3,990,1
head_0_1_V,3,988,4
head_0_1_V,3,986,3
head_0_1_V,3,984,2
head_0_1_V,3,983,4
head_0_1_V,3,982,5
head_0_1_V,3,981,1
head_0_1_V,3,980,1
head_0_1_V,3,978,3
head_0_1_V,3,977,2
head_0_1_V,3,976,2
head_0_1_V,3,975,2
head_0_1_V,3,974,2
head_0_1_V,3,972,4
head_0_1_V,3,971,1
head_0_1_V,3,968,1
head_0_1_V,3,967,2
head_0_1_V,3,966,1
head_0_1_V,3,965,5
head_0_1_V,3,963,2
head_0_1_V,3,961,3
head_0_1_V,3,958,1
head_0_1_V,3,957,3
head_0_1_V,3,956,2
head_0_1_V,3,955,3
head_0_1_V,3,954,1
head_0_1_V,3,952,2
head_0_1_V,3,951,1
head_0_1_V,3,950,1
head_0_1_V,3,947,2
head_0_1_V,3,946,1
head_0_1_V,3,945,1
head_0_1_V,3,944,2
head_0_1_V,3,941,2
head_0_1_V,3,940,2
head_0_1_V,3,939,2
head_0_1_V,3,936,1
head_0_1_V,3,934,5
head_0_1_V,3,933,3
head_0_1_V,3,932,2
head_0_1_V,3,931,1
head_0_1_V,3,930,2
head_0_1_V,3,929,2
head_0_1_V,3,927,3
head_0_1_V,3,925,2
head_0_1_V,3,922,3
head_0_1_V,3,921,2
head_0_1_V,3,920,1
head_0_1_V,3,919,3
head_0_1_V,3,918,4
head_0_1_V,3,916,1
head_0_1_V,3,915,1
head_0_1_V,3,913,1
head_0_1_V,3,912,1
head_0_1_V,3,911,2
head_0_1_V,3,910,2
head_0_1_V,3,908,2
head_0_1_V,3,907,3
head_0_1_V,3,906,4
head_0_1_V,3,904,3
head_0_1_V,3,903,1
head_0_1_V,3,902,1
head_0_1_V,3,901,1
head_0_1_V,3,900,1
head_0_1_V,3,899,2
head_0_1_V,3,898,2
head_0_1_V,3,897,1
head_0_1_V,3,896,1
head_0_1_V,3,895,2
head_0_1_V,3,893,1
head_0_1_V,3,892,1
head_0_1_V,3,891,1
head_0_1_V,3,890,2
head_0_1_V,3,889,2
head_0_1_V,3,888,2
head_0_1_V,3,887,2
head_0_1_V,3,886,1
head_0_1_V,3,885,4
head_0_1_V,3,881,1
head_0_1_V,3,880,3
head_0_1_V,3,879,1
head_0_1_V,3,877,2
head_0_1_V,3,876,1
head_0_1_V,3,874,1
head_0_1_V,3,872,1
head_0_1_V,3,871,2
head_0_1_V,3,869,1
head_0_1_V,3,868,2
head_0_1_V,3,866,2
head_0_1_V,3,865,2
head_0_1_V,3,864,3
head_0_1_V,3,863,2
head_0_1_V,3,862,2
head_0_1_V,3,861,3
head_0_1_V,3,860,3
head_0_1_V,3,858,4
head_0_1_V,3,857,3
head_0_1_V,3,856,2
head_0_1_V,3,855,1
head_0_1_V,3,854,2
head_0_1_V,3,853,1
head_0_1_V,3,851,3
head_0_1_V,3,850,1
head_0_1_V,3,849,3
head_0_1_V,3,848,1
head_0_1_V,3,847,4
head_0_1_V,3,846,2
head_0_1_V,3,845,2
head_0_1_V,3,844,1
head_0_1_V,3,842,1
head_0_1_V,3,841,1
head_0_1_V,3,839,3
head_0_1_V,3,838,2
head_0_1_V,3,837,2
head_0_1_V,3,836,1
head_0_1_V,3,833,3
head_0_1_V,3,832,1
head_0_1_V,3,831,2
head_0_1_V,3,830,1
head_0_1_V,3,829,2
head_0_1_V,3,828,3
head_0_1_V,3,826,1
head_0_1_V,3,825,3
head_0_1_V,3,824,2
head_0_1_V,3,823,2
head_0_1_V,3,821,2
head_0_1_V,3,820,3
head_0_1_V,3,819,2
head_0_1_V,3,818,1
head_0_1_V,3,816,2
head_0_1_V,3,814,3
head_0_1_V,3,813,5
head_0_1_V,3,812,2
head_0_1_V,3,811,2
head_0_1_V,3,810,2
head_0_1_V,3,809,2
head_0_1_V,3,808,5
head_0_1_V,3,807,3
head_0_1_V,3,806,3
head_0_1_V,3,805,4
head_0_1_V,3,804,1
head_0_1_V,3,803,4
head_0_1_V,3,802,2
head_0_1_V,3,801,1
head_0_1_V,3,800,1
head_0_1_V,3,799,6
head_0_1_V,3,797,3
head_0_1_V,3,796,4
head_0_1_V,3,795,1
head_0_1_V,3,794,4
head_0_1_V,3,793,1
head_0_1_V,3,792,2
head_0_1_V,3,791,4
head_0_1_V,3,788,1
head_0_1_V,3,787,3
head_0_1_V,3,785,2
head_0_1_V,3,784,1
head_0_1_V,3,782,4
head_0_1_V,3,781,2
head_0_1_V,3,780,2
head_0_1_V,3,779,1
head_0_1_V,3,778,1
head_0_1_V,3,777,2
head_0_1_V,3,776,2
head_0_1_V,3,775,3
head_0_1_V,3,773,1
head_0_1_V,3,772,4
head_0_1_V,3,771,4
head_0_1_V,3,770,1
head_0_1_V,3,769,8
head_0_1_V,3,768,2
head_0_1_V,3,765,2
head_0_1_V,3,764,5
head_0_1_V,3,763,2
head_0_1_V,3,761,2
head_0_1_V,3,760,3
head_0_1_V,3,759,3
head_0_1_V,3,758,1
head_0_1_V,3,757,2
head_0_1_V,3,756,2
head_0_1_V,3,755,1
head_0_1_V,3,754,3
head_0_1_V,3,752,3
head_0_1_V,3,751,4
head_0_1_V,3,750,3
head_0_1_V,3,749,1
head_0_1_V,3,748,2
head_0_1_V,3,747,5
head_0_1_V,3,746,1
head_0_1_V,3,745,3
head_0_1_V,3,744,2
head_0_1_V,3,742,4
head_0_1_V,3,741,4
head_0_1_V,3,740,3
head_0_1_V,3,739,1
head_0_1_V,3,737,3
head_0_1_V,3,736,2
head_0_1_V,3,735,2
head_0_1_V,3,734,6
head_0_1_V,3,733,2
head_0_1_V,3,732,4
head_0_1_V,3,731,1
head_0_1_V,3,730,3
head_0_1_V,3,729,2
head_0_1_V,3,728,1
head_0_1_V,3,726,2
head_0_1_V,3,725,1
head_0_1_V,3,724,3
head_0_1_V,3,723,2
head_0_1_V,3,722,2
head_0_1_V,3,721,1
head_0_1_V,3,720,5
head_0_1_V,3,718,1
head_0_1_V,3,716,1
head_0_1_V,3,715,1
head_0_1_V,3,714,3
head_0_1_V,3,713,3
head_0_1_V,3,712,2
head_0_1_V,3,711,2
head_0_1_V,3,710,3
head_0_1_V,3,708,4
head_0_1_V,3,707,5
head_0_1_V,3,706,2
head_0_1_V,3,705,3
head_0_1_V,3,704,4
head_0_1_V,3,703,5
head_0_1_V,3,702,3
head_0_1_V,3,701,1
head_0_1_V,3,700,3
head_0_1_V,3,699,1
head_0_1_V,3,698,4
head_0_1_V,3,697,4
head_0_1_V,3,696,1
head_0_1_V,3,695,3
head_0_1_V,3,694,4
head_0_1_V,3,693,2
head_0_1_V,3,692,1
head_0_1_V,3,691,3
head_0_1_V,3,690,2
head_0_1_V,3,689,1
head_0_1_V,3,688,1
head_0_1_V,3,687,5
head_0_1_V,3,686,2
head_0_1_V,3,685,1
head_0_1_V,3,684,3
head_0_1_V,3,683,6
head_0_1_V,3,682,4
head_0_1_V,3,681,3
head_0_1_V,3,680,5
head_0_1_V,3,679,4
head_0_1_V,3,678,5
head_0_1_V,3,677,8
head_0_1_V,3,676,2
head_0_1_V,3,675,2
head_0_1_V,3,674,2
head_0_1_V,3,673,7
head_0_1_V,3,672,4
head_0_1_V,3,671,3
head_0_1_V,3,670,3
head_0_1_V,3,669,2
head_0_1_V,3,668,5
head_0_1_V,3,667,4
head_0_1_V,3,666,4
head_0_1_V,3,665,3
head_0_1_V,3,664,1
head_0_1_V,3,663,2
head_0_1_V,3,662,2
head_0_1_V,3,661,5
head_0_1_V,3,660,1
head_0_1_V,3,659,2
head_0_1_V,3,658,3
head_0_1_V,3,657,4
head_0_1_V,3,656,1
head_0_1_V,3,655,6
head_0_1_V,3,654,3
head_0_1_V,3,652,4
head_0_1_V,3,651,2
head_0_1_V,3,650,3
head_0_1_V,3,649,3
head_0_1_V,3,648,4
head_0_1_V,3,647,3
head_0_1_V,3,646,5
head_0_1_V,3,645,5
head_0_1_V,3,644,1
head_0_1_V,3,643,2
head_0_1_V,3,642,4
head_0_1_V,3,641,2
head_0_1_V,3,640,2
head_0_1_V,3,639,5
head_0_1_V,3,638,2
head_0_1_V,3,637,5
head_0_1_V,3,636,4
head_0_1_V,3,635,3
head_0_1_V,3,634,3
head_0_1_V,3,633,1
head_0_1_V,3,632,2
head_0_1_V,3,631,3
head_0_1_V,3,630,2
head_0_1_V,3,629,8
head_0_1_V,3,628,5
head_0_1_V,3,627,2
head_0_1_V,3,626,2
head_0_1_V,3,625,3
head_0_1_V,3,624,1
head_0_1_V,3,623,2
head_0_1_V,3,622,6
head_0_1_V,3,621,1
head_0_1_V,3,620,6
head_0_1_V,3,619,4
head_0_1_V,3,618,3
head_0_1_V,3,617,3
head_0_1_V,3,616,4
head_0_1_V,3,615,4
head_0_1_V,3,614,2
head_0_1_V,3,613,4
head_0_1_V,3,612,7
head_0_1_V,3,611,3
head_0_1_V,3,610,3
head_0_1_V,3,609,4
head_0_1_V,3,608,5
head_0_1_V,3,607,3
head_0_1_V,3,606,5
head_0_1_V,3,605,3
head_0_1_V,3,604,4
head_0_1_V,3,603,4
head_0_1_V,3,602,2
head_0_1_V,3,601,1
head_0_1_V,3,600,5
head_0_1_V,3,599,2
head_0_1_V,3,598,2
head_0_1_V,3,596,5
head_0_1_V,3,595,6
head_0_1_V,3,594,6
head_0_1_V,3,593,4
head_0_1_V,3,592,9
head_0_1_V,3,591,3
head_0_1_V,3,590,3
head_0_1_V,3,589,4
head_0_1_V,3,588,5
head_0_1_V,3,587,5
head_0_1_V,3,586,3
head_0_1_V,3,585,2
head_0_1_V,3,584,4
head_0_1_V,3,583,7
head_0_1_V,3,582,5
head_0_1_V,3,581,8
head_0_1_V,3,580,4
head_0_1_V,3,579,6
head_0_1_V,3,578,2
head_0_1_V,3,577,8
head_0_1_V,3,576,6
head_0_1_V,3,575,4
head_0_1_V,3,574,5
head_0_1_V,3,573,1
head_0_1_V,3,572,8
head_0_1_V,3,571,7
head_0_1_V,3,570,5
head_0_1_V,3,569,3
head_0_1_V,3,567,5
head_0_1_V,3,566,5
head_0_1_V,3,565,4
head_0_1_V,3,564,4
head_0_1_V,3,563,3
head_0_1_V,3,562,6
head_0_1_V,3,561,2
head_0_1_V,3,560,6
head_0_1_V,3,559,2
head_0_1_V,3,558,5
head_0_1_V,3,557,5
head_0_1_V,3,556,5
head_0_1_V,3,555,7
head_0_1_V,3,554,4
head_0_1_V,3,553,3
head_0_1_V,3,552,3
head_0_1_V,3,551,3
head_0_1_V,3,550,2
head_0_1_V,3,549,5
head_0_1_V,3,548,7
head_0_1_V,3,547,3
head_0_1_V,3,546,5
head_0_1_V,3,545,6
head_0_1_V,3,544,8
head_0_1_V,3,543,1
head_0_1_V,3,542,5
head_0_1_V,3,541,5
head_0_1_V,3,540,7
head_0_1_V,3,539,4
head_0_1_V,3,538,8
head_0_1_V,3,537,4
head_0_1_V,3,536,6
head_0_1_V,3,535,8
head_0_1_V,3,534,6
head_0_1_V,3,533,5
head_0_1_V,3,532,6
head_0_1_V,3,531,5
head_0_1_V,3,530,6
head_0_1_V,3,529,3
head_0_1_V,3,528,15
head_0_1_V,3,527,8
head_0_1_V,3,526,2
head_0_1_V,3,525,5
head_0_1_V,3,524,5
head_0_1_V,3,523,7
head_0_1_V,3,522,3
head_0_1_V,3,521,5
head_0_1_V,3,520,5
head_0_1_V,3,519,5
head_0_1_V,3,518,8
head_0_1_V,3,517,10
head_0_1_V,3,516,5
head_0_1_V,3,515,10
head_0_1_V,3,514,6
head_0_1_V,3,513,5
head_0_1_V,3,512,5
head_0_1_V,3,511,4
head_0_1_V,3,510,5
head_0_1_V,3,509,4
head_0_1_V,3,508,3
head_0_1_V,3,507,11
head_0_1_V,3,506,7
head_0_1_V,3,505,8
head_0_1_V,3,504,7
head_0_1_V,3,503,10
head_0_1_V,3,502,5
head_0_1_V,3,501,3
head_0_1_V,3,500,12
head_0_1_V,3,499,6
head_0_1_V,3,498,6
head_0_1_V,3,497,8
head_0_1_V,3,496,7
head_0_1_V,3,495,6
head_0_1_V,3,494,10
head_0_1_V,3,493,6
head_0_1_V,3,492,5
head_0_1_V,3,491,4
head_0_1_V,3,490,3
head_0_1_V,3,489,12
head_0_1_V,3,488,6
head_0_1_V,3,487,3
head_0_1_V,3,486,5
head_0_1_V,3,485,9
head_0_1_V,3,484,5
head_0_1_V,3,483,9
head_0_1_V,3,482,5
head_0_1_V,3,481,10
head_0_1_V,3,480,8
head_0_1_V,3,479,8
head_0_1_V,3,478,11
head_0_1_V,3,477,7
head_0_1_V,3,476,4
head_0_1_V,3,475,5
head_0_1_V,3,474,5
head_0_1_V,3,473,6
head_0_1_V,3,472,5
head_0_1_V,3,471,8
head_0_1_V,3,470,8
head_0_1_V,3,469,10
head_0_1_V,3,468,4
head_0_1_V,3,467,7
head_0_1_V,3,466,6
head_0_1_V,3,465,4
head_0_1_V,3,464,9
head_0_1_V,3,463,3
head_0_1_V,3,462,10
head_0_1_V,3,461,5
head_0_1_V,3,460,6
head_0_1_V,3,459,12
head_0_1_V,3,458,6
head_0_1_V,3,457,10
head_0_1_V,3,456,11
head_0_1_V,3,455,8
head_0_1_V,3,454,10
head_0_1_V,3,453,8
head_0_1_V,3,452,5
head_0_1_V,3,451,8
head_0_1_V,3,450,9
head_0_1_V,3,449,11
head_0_1_V,3,448,5
head_0_1_V,3,447,7
head_0_1_V,3,446,5
head_0_1_V,3,445,11
head_0_1_V,3,444,13
head_0_1_V,3,443,5
head_0_1_V,3,442,10
head_0_1_V,3,441,10
head_0_1_V,3,440,9
head_0_1_V,3,439,7
head_0_1_V,3,438,16
head_0_1_V,3,437,11
head_0_1_V,3,436,10
head_0_1_V,3,435,10
head_0_1_V,3,434,6
head_0_1_V,3,433,8
head_0_1_V,3,432,11
head_0_1_V,3,431,4
head_0_1_V,3,430,7
head_0_1_V,3,429,12
head_0_1_V,3,428,14
head_0_1_V,3,427,8
head_0_1_V,3,426,10
head_0_1_V,3,425,13
head_0_1_V,3,424,6
head_0_1_V,3,423,7
head_0_1_V,3,422,7
head_0_1_V,3,421,9
head_0_1_V,3,420,7
head_0_1_V,3,419,7
head_0_1_V,3,418,13
head_0_1_V,3,417,8
head_0_1_V,3,416,9
head_0_1_V,3,415,13
head_0_1_V,3,414,13
head_0_1_V,3,413,8
head_0_1_V,3,412,8
head_0_1_V,3,411,9
head_0_1_V,3,410,11
head_0_1_V,3,409,14
head_0_1_V,3,408,10
head_0_1_V,3,407,10
head_0_1_V,3,406,12
head_0_1_V,3,405,13
head_0_1_V,3,404,11
head_0_1_V,3,403,12
head_0_1_V,3,402,6
head_0_1_V,3,401,9
head_0_1_V,3,400,9
head_0_1_V,3,399,9
head_0_1_V,3,398,11
head_0_1_V,3,397,15
head_0_1_V,3,396,12
head_0_1_V,3,395,18
head_0_1_V,3,394,11
head_0_1_V,3,393,12
head_0_1_V,3,392,7
head_0_1_V,3,391,14
head_0_1_V,3,390,6
head_0_1_V,3,389,6
head_0_1_V,3,388,7
head_0_1_V,3,387,9
head_0_1_V,3,386,11
head_0_1_V,3,385,9
head_0_1_V,3,384,9
head_0_1_V,3,383,11
head_0_1_V,3,382,9
head_0_1_V,3,381,10
head_0_1_V,3,380,7
head_0_1_V,3,379,7
head_0_1_V,3,378,12
head_0_1_V,3,377,12
head_0_1_V,3,376,15
head_0_1_V,3,375,9
head_0_1_V,3,374,10
head_0_1_V,3,373,18
head_0_1_V,3,372,13
head_0_1_V,3,371,7
head_0_1_V,3,370,12
head_0_1_V,3,369,14
head_0_1_V,3,368,9
head_0_1_V,3,367,11
head_0_1_V,3,366,11
head_0_1_V,3,365,13
head_0_1_V,3,364,16
head_0_1_V,3,363,9
head_0_1_V,3,362,14
head_0_1_V,3,361,9
head_0_1_V,3,360,11
head_0_1_V,3,359,15
head_0_1_V,3,358,11
head_0_1_V,3,357,12
head_0_1_V,3,356,12
head_0_1_V,3,355,10
head_0_1_V,3,354,11
head_0_1_V,3,353,8
head_0_1_V,3,352,14
head_0_1_V,3,351,10
head_0_1_V,3,350,10
head_0_1_V,3,349,9
head_0_1_V,3,348,9
head_0_1_V,3,347,17
head_0_1_V,3,346,13
head_0_1_V,3,345,14
head_0_1_V,3,344,8
head_0_1_V,3,343,14
head_0_1_V,3,342,14
head_0_1_V,3,341,15
head_0_1_V,3,340,13
head_0_1_V,3,339,14
head_0_1_V,3,338,20
head_0_1_V,3,337,10
head_0_1_V,3,336,16
head_0_1_V,3,335,12
head_0_1_V,3,334,15
head_0_1_V,3,333,12
head_0_1_V,3,332,13
head_0_1_V,3,331,16
head_0_1_V,3,330,18
head_0_1_V,3,329,11
head_0_1_V,3,328,15
head_0_1_V,3,327,14
head_0_1_V,3,326,19
head_0_1_V,3,325,14
head_0_1_V,3,324,17
head_0_1_V,3,323,20
head_0_1_V,3,322,19
head_0_1_V,3,321,18
head_0_1_V,3,320,19
head_0_1_V,3,319,17
head_0_1_V,3,318,16
head_0_1_V,3,317,10
head_0_1_V,3,316,23
head_0_1_V,3,315,10
head_0_1_V,3,314,23
head_0_1_V,3,313,18
head_0_1_V,3,312,15
head_0_1_V,3,311,10
head_0_1_V,3,310,19
head_0_1_V,3,309,15
head_0_1_V,3,308,16
head_0_1_V,3,307,15
head_0_1_V,3,306,24
head_0_1_V,3,305,18
head_0_1_V,3,304,25
head_0_1_V,3,303,14
head_0_1_V,3,302,20
head_0_1_V,3,301,19
head_0_1_V,3,300,15
head_0_1_V,3,299,16
head_0_1_V,3,298,17
head_0_1_V,3,297,21
head_0_1_V,3,296,19
head_0_1_V,3,295,12
head_0_1_V,3,294,26
head_0_1_V,3,293,20
head_0_1_V,3,292,15
head_0_1_V,3,291,37
head_0_1_V,3,290,23
head_0_1_V,3,289,28
head_0_1_V,3,288,21
head_0_1_V,3,287,15
head_0_1_V,3,286,19
head_0_1_V,3,285,13
head_0_1_V,3,284,21
head_0_1_V,3,283,21
head_0_1_V,3,282,18
head_0_1_V,3,281,25
head_0_1_V,3,280,19
head_0_1_V,3,279,20
head_0_1_V,3,278,22
head_0_1_V,3,277,14
head_0_1_V,3,276,19
head_0_1_V,3,275,15
head_0_1_V,3,274,23
head_0_1_V,3,273,21
head_0_1_V,3,272,19
head_0_1_V,3,271,18
head_0_1_V,3,270,22
head_0_1_V,3,269,23
head_0_1_V,3,268,17
head_0_1_V,3,267,35
head_0_1_V,3,266,29
head_0_1_V,3,265,22
head_0_1_V,3,264,22
head_0_1_V,3,263,28
head_0_1_V,3,262,20
head_0_1_V,3,261,25
head_0_1_V,3,260,18
head_0_1_V,3,259,26
head_0_1_V,3,258,31
head_0_1_V,3,257,23
head_0_1_V,3,256,28
head_0_1_V,3,255,18
head_0_1_V,3,254,18
head_0_1_V,3,253,30
head_0_1_V,3,252,24
head_0_1_V,3,251,13
head_0_1_V,3,250,27
head_0_1_V,3,249,26
head_0_1_V,3,248,36
head_0_1_V,3,247,33
head_0_1_V,3,246,31
head_0_1_V,3,245,27
head_0_1_V,3,244,33
head_0_1_V,3,243,26
head_0_1_V,3,242,25
head_0_1_V,3,241,27
head_0_1_V,3,240,26
head_0_1_V,3,239,23
head_0_1_V,3,238,30
head_0_1_V,3,237,24
head_0_1_V,3,236,34
head_0_1_V,3,235,37
head_0_1_V,3,234,38
head_0_1_V,3,233,33
head_0_1_V,3,232,20
head_0_1_V,3,231,28
head_0_1_V,3,230,28
head_0_1_V,3,229,25
head_0_1_V,3,228,35
head_0_1_V,3,227,28
head_0_1_V,3,226,31
head_0_1_V,3,225,31
head_0_1_V,3,224,37
head_0_1_V,3,223,37
head_0_1_V,3,222,35
head_0_1_V,3,221,25
head_0_1_V,3,220,31
head_0_1_V,3,219,44
head_0_1_V,3,218,27
head_0_1_V,3,217,32
head_0_1_V,3,216,29
head_0_1_V,3,215,45
head_0_1_V,3,214,29
head_0_1_V,3,213,40
head_0_1_V,3,212,28
head_0_1_V,3,211,29
head_0_1_V,3,210,30
head_0_1_V,3,209,35
head_0_1_V,3,208,37
head_0_1_V,3,207,28
head_0_1_V,3,206,38
head_0_1_V,3,205,33
head_0_1_V,3,204,33
head_0_1_V,3,203,42
head_0_1_V,3,202,36
head_0_1_V,3,201,24
head_0_1_V,3,200,38
head_0_1_V,3,199,37
head_0_1_V,3,198,38
head_0_1_V,3,197,35
head_0_1_V,3,196,38
head_0_1_V,3,195,43
head_0_1_V,3,194,43
head_0_1_V,3,193,33
head_0_1_V,3,192,31
head_0_1_V,3,191,41
head_0_1_V,3,190,39
head_0_1_V,3,189,40
head_0_1_V,3,188,31
head_0_1_V,3,187,36
head_0_1_V,3,186,30
head_0_1_V,3,185,46
head_0_1_V,3,184,42
head_0_1_V,3,183,45
head_0_1_V,3,182,38
head_0_1_V,3,181,40
head_0_1_V,3,180,37
head_0_1_V,3,179,60
head_0_1_V,3,178,44
head_0_1_V,3,177,48
head_0_1_V,3,176,38
head_0_1_V,3,175,42
head_0_1_V,3,174,62
head_0_1_V,3,173,51
head_0_1_V,3,172,31
head_0_1_V,3,171,48
head_0_1_V,3,170,39
head_0_1_V,3,169,48
head_0_1_V,3,168,45
head_0_1_V,3,167,52
head_0_1_V,3,166,53
head_0_1_V,3,165,45
head_0_1_V,3,164,49
head_0_1_V,3,163,46
head_0_1_V,3,162,53
head_0_1_V,3,161,42
head_0_1_V,3,160,53
head_0_1_V,3,159,47
head_0_1_V,3,158,59
head_0_1_V,3,157,50
head_0_1_V,3,156,57
head_0_1_V,3,155,58
head_0_1_V,3,154,75
head_0_1_V,3,153,53
head_0_1_V,3,152,61
head_0_1_V,3,151,50
head_0_1_V,3,150,69
head_0_1_V,3,149,64
head_0_1_V,3,148,57
head_0_1_V,3,147,53
head_0_1_V,3,146,63
head_0_1_V,3,145,60
head_0_1_V,3,144,63
head_0_1_V,3,143,85
head_0_1_V,3,142,66
head_0_1_V,3,141,54
head_0_1_V,3,140,66
head_0_1_V,3,139,65
head_0_1_V,3,138,92
head_0_1_V,3,137,84
head_0_1_V,3,136,75
head_0_1_V,3,135,77
head_0_1_V,3,134,73
head_0_1_V,3,133,77
head_0_1_V,3,132,85
head_0_1_V,3,131,80
head_0_1_V,3,130,92
head_0_1_V,3,129,89
head_0_1_V,3,128,81
head_0_1_V,3,127,69
head_0_1_V,3,126,81
head_0_1_V,3,125,90
head_0_1_V,3,124,83
head_0_1_V,3,123,94
head_0_1_V,3,122,90
head_0_1_V,3,121,91
head_0_1_V,3,120,102
head_0_1_V,3,119,97
head_0_1_V,3,118,98
head_0_1_V,3,117,121
head_0_1_V,3,116,85
head_0_1_V,3,115,102
head_0_1_V,3,114,103
head_0_1_V,3,113,99
head_0_1_V,3,112,102
head_0_1_V,3,111,131
head_0_1_V,3,110,96
head_0_1_V,3,109,100
head_0_1_V,3,108,114
head_0_1_V,3,107,108
head_0_1_V,3,106,123
head_0_1_V,3,105,104
head_0_1_V,3,104,117
head_0_1_V,3,103,127
head_0_1_V,3,102,119
head_0_1_V,3,101,129
head_0_1_V,3,100,121
head_0_1_V,3,99,123
head_0_1_V,3,98,123
head_0_1_V,3,97,134
head_0_1_V,3,96,121
head_0_1_V,3,95,125
head_0_1_V,3,94,128
head_0_1_V,3,93,133
head_0_1_V,3,92,154
head_0_1_V,3,91,161
head_0_1_V,3,90,131
head_0_1_V,3,89,150
head_0_1_V,3,88,152
head_0_1_V,3,87,174
head_0_1_V,3,86,165
head_0_1_V,3,85,139
head_0_1_V,3,84,158
head_0_1_V,3,83,149
head_0_1_V,3,82,170
head_0_1_V,3,81,174
head_0_1_V,3,80,176
head_0_1_V,3,79,192
head_0_1_V,3,78,171
head_0_1_V,3,77,173
head_0_1_V,3,76,168
head_0_1_V,3,75,215
head_0_1_V,3,74,206
head_0_1_V,3,73,185
head_0_1_V,3,72,205
head_0_1_V,3,71,215
head_0_1_V,3,70,199
head_0_1_V,3,69,222
head_0_1_V,3,68,229
head_0_1_V,3,67,217
head_0_1_V,3,66,224
head_0_1_V,3,65,227
head_0_1_V,3,64,234
head_0_1_V,3,63,226
head_0_1_V,3,62,211
head_0_1_V,3,61,248
head_0_1_V,3,60,262
head_0_1_V,3,59,256
head_0_1_V,3,58,237
head_0_1_V,3,57,274
head_0_1_V,3,56,252
head_0_1_V,3,55,259
head_0_1_V,3,54,285
head_0_1_V,3,53,293
head_0_1_V,3,52,260
head_0_1_V,3,51,316
head_0_1_V,3,50,284
head_0_1_V,3,49,295
head_0_1_V,3,48,292
head_0_1_V,3,47,332
head_0_1_V,3,46,335
head_0_1_V,3,45,337
head_0_1_V,3,44,336
head_0_1_V,3,43,356
head_0_1_V,3,42,323
head_0_1_V,3,41,363
head_0_1_V,3,40,393
head_0_1_V,3,39,370
head_0_1_V,3,38,382
head_0_1_V,3,37,375
head_0_1_V,3,36,421
head_0_1_V,3,35,448
head_0_1_V,3,34,422
head_0_1_V,3,33,464
head_0_1_V,3,32,433
head_0_1_V,3,31,464
head_0_1_V,3,30,459
head_0_1_V,3,29,473
head_0_1_V,3,28,499
head_0_1_V,3,27,516
head_0_1_V,3,26,460
head_0_1_V,3,25,522
head_0_1_V,3,24,467
head_0_1_V,3,23,505
head_0_1_V,3,22,481
head_0_1_V,3,21,479
head_0_1_V,3,20,482
head_0_1_V,3,19,507
head_0_1_V,3,18,433
head_0_1_V,3,17,462
head_0_1_V,3,16,415
head_0_1_V,3,15,414
head_0_1_V,3,14,388
head_0_1_V,3,13,373
head_0_1_V,3,12,274
head_0_1_V,3,11,312
head_0_1_V,3,10,271
head_0_1_V,3,9,249
head_0_1_V,3,8,225
head_0_1_V,3,7,213
head_0_1_V,3,6,171
head_0_1_V,3,5,175
head_0_1_V,3,4,167
head_0_1_V,3,3,218
head_0_1_V,3,2,413
head_0_1_V,3,1,989
head_0_1_V,3,0,22808
head_1_0_V,0,12637,1
head_1_0_V,0,8275,1
head_1_0_V,0,8118,1
head_1_0_V,0,4923,1
head_1_0_V,0,4647,1
head_1_0_V,0,4584,1
head_1_0_V,0,4504,1
head_1_0_V,0,4496,1
head_1_0_V,0,4396,1
head_1_0_V,0,4174,1
head_1_0_V,0,3946,1
head_1_0_V,0,3866,1
head_1_0_V,0,3651,1
head_1_0_V,0,3649,1
head_1_0_V,0,3642,1
head_1_0_V,0,3639,1
head_1_0_V,0,3634,1
head_1_0_V,0,3575,1
head_1_0_V,0,3566,1
head_1_0_V,0,3535,1
head_1_0_V,0,3418,1
head_1_0_V,0,3409,1
head_1_0_V,0,3407,1
head_1_0_V,0,3357,1
head_1_0_V,0,3181,1
head_1_0_V,0,3135,1
head_1_0_V,0,3038,1
head_1_0_V,0,3011,1
head_1_0_V,0,3008,1
head_1_0_V,0,3000,1
head_1_0_V,0,2981,1
head_1_0_V,0,2976,1
head_1_0_V,0,2959,1
head_1_0_V,0,2957,1
head_1_0_V,0,2928,1
head_1_0_V,0,2927,1
head_1_0_V,0,2866,1
head_1_0_V,0,2865,1
head_1_0_V,0,2837,1
head_1_0_V,0,2761,1
head_1_0_V,0,2751,1
head_1_0_V,0,2741,1
head_1_0_V,0,2727,1
head_1_0_V,0,2694,1
head_1_0_V,0,2676,1
head_1_0_V,0,2655,1
head_1_0_V,0,2651,1
head_1_0_V,0,2625,1
head_1_0_V,0,2610,1
head_1_0_V,0,2607,1
head_1_0_V,0,2566,1
head_1_0_V,0,2553,1
head_1_0_V,0,2549,1
head_1_0_V,0,2514,1
head_1_0_V,0,2508,1
head_1_0_V,0,2505,1
head_1_0_V,0,2483,1
head_1_0_V,0,2461,1
head_1_0_V,0,2403,1
head_1_0_V,0,2373,1
head_1_0_V,0,2353,1
head_1_0_V,0,2343,1
head_1_0_V,0,2340,1
head_1_0_V,0,2282,1
head_1_0_V,0,2269,1
head_1_0_V,0,2268,1
head_1_0_V,0,2262,1
head_1_0_V,0,2259,1
head_1_0_V,0,2251,2
head_1_0_V,0,2244,1
head_1_0_V,0,2228,1
head_1_0_V,0,2227,1
head_1_0_V,0,2215,1
head_1_0_V,0,2188,1
head_1_0_V,0,2175,1
head_1_0_V,0,2171,1
head_1_0_V,0,2142,3
head_1_0_V,0,2140,2
head_1_0_V,0,2135,1
head_1_0_V,0,2126,1
head_1_0_V,0,2114,1
head_1_0_V,0,2108,1
head_1_0_V,0,2104,1
head_1_0_V,0,2102,1
head_1_0_V,0,2083,1
head_1_0_V,0,2065,1
head_1_0_V,0,2061,1
head_1_0_V,0,2055,1
head_1_0_V,0,2054,1
head_1_0_V,0,2052,1
head_1_0_V,0,2051,1
head_1_0_V,0,2050,1
head_1_0_V,0,2038,1
head_1_0_V,0,2021,1
head_1_0_V,0,2019,1
head_1_0_V,0,2009,1
head_1_0_V,0,1999,1
head_1_0_V,0,1986,1
head_1_0_V,0,1977,1
head_1_0_V,0,1958,1
head_1_0_V,0,1949,1
head_1_0_V,0,1941,1
head_1_0_V,0,1924,1
head_1_0_V,0,1918,1
head_1_0_V,0,1895,1
head_1_0_V,0,1890,1
head_1_0_V,0,1889,1
head_1_0_V,0,1885,1
head_1_0_V,0,1883,1
head_1_0_V,0,1878,2
head_1_0_V,0,1874,1
head_1_0_V,0,1873,1
head_1_0_V,0,1871,1
head_1_0_V,0,1860,1
head_1_0_V,0,1856,1
head_1_0_V,0,1845,1
head_1_0_V,0,1841,1
head_1_0_V,0,1833,1
head_1_0_V,0,1829,1
head_1_0_V,0,1827,2
head_1_0_V,0,1824,1
head_1_0_V,0,1818,1
head_1_0_V,0,1817,1
head_1_0_V,0,1801,1
head_1_0_V,0,1799,1
head_1_0_V,0,1795,1
head_1_0_V,0,1786,1
head_1_0_V,0,1767,1
head_1_0_V,0,1766,1
head_1_0_V,0,1764,1
head_1_0_V,0,1761,1
head_1_0_V,0,1758,1
head_1_0_V,0,1757,1
head_1_0_V,0,1752,1
head_1_0_V,0,1743,1
head_1_0_V,0,1738,1
head_1_0_V,0,1735,1
head_1_0_V,0,1733,1
head_1_0_V,0,1731,1
head_1_0_V,0,1730,2
head_1_0_V,0,1728,1
head_1_0_V,0,1727,1
head_1_0_V,0,1721,1
head_1_0_V,0,1718,1
head_1_0_V,0,1713,1
head_1_0_V,0,1710,1
head_1_0_V,0,1706,1
head_1_0_V,0,1705,1
head_1_0_V,0,1704,1
head_1_0_V,0,1703,1
head_1_0_V,0,1696,1
head_1_0_V,0,1694,1
head_1_0_V,0,1690,1
head_1_0_V,0,1688,1
head_1_0_V,0,1687,2
head_1_0_V,0,1685,1
head_1_0_V,0,1684,1
head_1_0_V,0,1683,1
head_1_0_V,0,1682,1
head_1_0_V,0,1676,1
head_1_0_V,0,1671,1
head_1_0_V,0,1665,1
head_1_0_V,0,1663,1
head_1_0_V,0,1652,2
head_1_0_V,0,1651,2
head_1_0_V,0,1645,1
head_1_0_V,0,1642,1
head_1_0_V,0,1639,1
head_1_0_V,0,1636,1
head_1_0_V,0,1631,1
head_1_0_V,0,1629,1
head_1_0_V,0,1626,1
head_1_0_V,0,1625,1
head_1_0_V,0,1619,1
head_1_0_V,0,1611,2
head_1_0_V,0,1608,1
head_1_0_V,0,1607,1
head_1_0_V,0,1605,1
head_1_0_V,0,1601,1
head_1_0_V,0,1600,1
head_1_0_V,0,1597,1
head_1_0_V,0,1596,2
head_1_0_V,0,1594,1
head_1_0_V,0,1592,1
head_1_0_V,0,1588,1
head_1_0_V,0,1585,1
head_1_0_V,0,1582,2
head_1_0_V,0,1581,1
head_1_0_V,0,1567,1
head_1_0_V,0,1558,2
head_1_0_V,0,1556,1
head_1_0_V,0,1555,1
head_1_0_V,0,1551,2
head_1_0_V,0,1550,1
head_1_0_V,0,1548,1
head_1_0_V,0,1544,1
head_1_0_V,0,1542,1
head_1_0_V,0,1541,1
head_1_0_V,0,1534,1
head_1_0_V,0,1533,1
head_1_0_V,0,1524,1
head_1_0_V,0,1522,1
head_1_0_V,0,1521,1
head_1_0_V,0,1519,2
head_1_0_V,0,1518,2
head_1_0_V,0,1515,1
head_1_0_V,0,1514,1
head_1_0_V,0,1512,1
head_1_0_V,0,1504,1
head_1_0_V,0,1500,2
head_1_0_V,0,1499,1
head_1_0_V,0,1497,1
head_1_0_V,0,1496,1
head_1_0_V,0,1494,2
head_1_0_V,0,1493,1
head_1_0_V,0,1490,1
head_1_0_V,0,1482,2
head_1_0_V,0,1480,1
head_1_0_V,0,1479,1
head_1_0_V,0,1474,1
head_1_0_V,0,1471,2
head_1_0_V,0,1470,1
head_1_0_V,0,1468,1
head_1_0_V,0,1466,2
head_1_0_V,0,1464,1
head_1_0_V,0,1456,1
head_1_0_V,0,1455,1
head_1_0_V,0,1454,1
head_1_0_V,0,1452,1
head_1_0_V,0,1450,1
head_1_0_V,0,1449,1
head_1_0_V,0,1448,1
head_1_0_V,0,1444,1
head_1_0_V,0,1443,1
head_1_0_V,0,1437,1
head_1_0_V,0,1435,1
head_1_0_V,0,1433,1
head_1_0_V,0,1432,1
head_1_0_V,0,1430,1
head_1_0_V,0,1429,2
head_1_0_V,0,1428,1
head_1_0_V,0,1425,1
head_1_0_V,0,1423,1
head_1_0_V,0,1421,1
head_1_0_V,0,1420,1
head_1_0_V,0,1415,1
head_1_0_V,0,1409,1
head_1_0_V,0,1408,1
head_1_0_V,0,1406,1
head_1_0_V,0,1404,2
head_1_0_V,0,1403,1
head_1_0_V,0,1402,1
head_1_0_V,0,1390,1
head_1_0_V,0,1387,1
head_1_0_V,0,1385,1
head_1_0_V,0,1383,1
head_1_0_V,0,1378,1
head_1_0_V,0,1377,1
head_1_0_V,0,1373,1
head_1_0_V,0,1371,1
head_1_0_V,0,1369,1
head_1_0_V,0,1367,1
head_1_0_V,0,1365,1
head_1_0_V,0,1362,1
head_1_0_V,0,1359,1
head_1_0_V,0,1357,1
head_1_0_V,0,1355,1
head_1_0_V,0,1350,3
head_1_0_V,0,1349,3
head_1_0_V,0,1344,1
head_1_0_V,0,1342,1
head_1_0_V,0,1338,1
head_1_0_V,0,1336,2
head_1_0_V,0,1335,2
head_1_0_V,0,1334,1
head_1_0_V,0,1333,1
head_1_0_V,0,1328,1
head_1_0_V,0,1326,1
head_1_0_V,0,1325,1
head_1_0_V,0,1324,1
head_1_0_V,0,1323,1
head_1_0_V,0,1322,1
head_1_0_V,0,1320,1
head_1_0_V,0,1319,3
head_1_0_V,0,1315,1
head_1_0_V,0,1312,1
head_1_0_V,0,1311,2
head_1_0_V,0,1309,1
head_1_0_V,0,1308,1
head_1_0_V,0,1306,1
head_1_0_V,0,1304,1
head_1_0_V,0,1303,1
head_1_0_V,0,1301,1
head_1_0_V,0,1300,1
head_1_0_V,0,1299,1
head_1_0_V,0,1298,1
head_1_0_V,0,1296,1
head_1_0_V,0,1293,1
head_1_0_V,0,1291,3
head_1_0_V,0,1290,1
head_1_0_V,0,1287,1
head_1_0_V,0,1286,1
head_1_0_V,0,1279,2
head_1_0_V,0,1278,1
head_1_0_V,0,1277,1
head_1_0_V,0,1276,2
head_1_0_V,0,1275,1
head_1_0_V,0,1273,1
head_1_0_V,0,1271,1
head_1_0_V,0,1270,1
head_1_0_V,0,1265,1
head_1_0_V,0,1259,2
head_1_0_V,0,1256,2
head_1_0_V,0,1253,2
head_1_0_V,0,1250,1
head_1_0_V,0,1246,2
head_1_0_V,0,1245,1
head_1_0_V,0,1244,1
head_1_0_V,0,1242,1
head_1_0_V,0,1241,1
head_1_0_V,0,1239,2
head_1_0_V,0,1237,1
head_1_0_V,0,1235,1
head_1_0_V,0,1230,1
head_1_0_V,0,1228,2
head_1_0_V,0,1226,1
head_1_0_V,0,1225,2
head_1_0_V,0,1222,2
head_1_0_V,0,1221,3
head_1_0_V,0,1220,1
head_1_0_V,0,1219,1
head_1_0_V,0,1217,2
head_1_0_V,0,1216,1
head_1_0_V,0,1215,1
head_1_0_V,0,1210,1
head_1_0_V,0,1208,1
head_1_0_V,0,1205,2
head_1_0_V,0,1204,2
head_1_0_V,0,1202,1
head_1_0_V,0,1201,1
head_1_0_V,0,1196,1
head_1_0_V,0,1194,2
head_1_0_V,0,1191,1
head_1_0_V,0,1190,1
head_1_0_V,0,1189,1
head_1_0_V,0,1185,2
head_1_0_V,0,1184,3
head_1_0_V,0,1183,1
head_1_0_V,0,1181,1
head_1_0_V,0,1178,2
head_1_0_V,0,1177,1
head_1_0_V,0,1176,1
head_1_0_V,0,1175,1
head_1_0_V,0,1173,2
head_1_0_V,0,1172,2
head_1_0_V,0,1171,2
head_1_0_V,0,1169,2
head_1_0_V,0,1166,1
head_1_0_V,0,1165,1
head_1_0_V,0,1162,1
head_1_0_V,0,1161,1
head_1_0_V,0,1160,1
head_1_0_V,0,1159,1
head_1_0_V,0,1157,1
head_1_0_V,0,1155,1
head_1_0_V,0,1153,2
head_1_0_V,0,1152,1
head_1_0_V,0,1151,2
head_1_0_V,0,1150,2
head_1_0_V,0,1149,1
head_1_0_V,0,1148,2
head_1_0_V,0,1146,2
head_1_0_V,0,1140,2
head_1_0_V,0,1139,1
head_1_0_V,0,1137,1
head_1_0_V,0,1136,1
head_1_0_V,0,1133,2
head_1_0_V,0,1131,2
head_1_0_V,0,1128,1
head_1_0_V,0,1127,1
head_1_0_V,0,1126,1
head_1_0_V,0,1125,1
head_1_0_V,0,1122,1
head_1_0_V,0,1121,1
head_1_0_V,0,1119,1
head_1_0_V,0,1117,1
head_1_0_V,0,1116,3
head_1_0_V,0,1115,1
head_1_0_V,0,1114,1
head_1_0_V,0,1111,2
head_1_0_V,0,1110,1
head_1_0_V,0,1109,2
head_1_0_V,0,1108,3
head_1_0_V,0,1107,1
head_1_0_V,0,1106,3
head_1_0_V,0,1103,1
head_1_0_V,0,1102,1
head_1_0_V,0,1101,1
head_1_0_V,0,1100,1
head_1_0_V,0,1095,1
head_1_0_V,0,1093,1
head_1_0_V,0,1092,2
head_1_0_V,0,1090,2
head_1_0_V,0,1089,1
head_1_0_V,0,1086,5
head_1_0_V,0,1085,1
head_1_0_V,0,1084,1
head_1_0_V,0,1082,1
head_1_0_V,0,1081,2
head_1_0_V,0,1080,1
head_1_0_V,0,1079,2
head_1_0_V,0,1076,1
head_1_0_V,0,1074,2
head_1_0_V,0,1073,1
head_1_0_V,0,1072,1
head_1_0_V,0,1071,2
head_1_0_V,0,1070,1
head_1_0_V,0,1068,3
head_1_0_V,0,1066,1
head_1_0_V,0,1065,3
head_1_0_V,0,1064,1
head_1_0_V,0,1062,2
head_1_0_V,0,1060,2
head_1_0_V,0,1059,2
head_1_0_V,0,1057,1
head_1_0_V,0,1056,2
head_1_0_V,0,1055,1
head_1_0_V,0,1054,1
head_1_0_V,0,1051,2
head_1_0_V,0,1047,1
head_1_0_V,0,1042,4
head_1_0_V,0,1041,1
head_1_0_V,0,1040,1
head_1_0_V,0,1038,1
head_1_0_V,0,1034,1
head_1_0_V,0,1033,1
head_1_0_V,0,1032,1
head_1_0_V,0,1031,2
head_1_0_V,0,1030,2
head_1_0_V,0,1029,1
head_1_0_V,0,1027,4
head_1_0_V,0,1024,1
head_1_0_V,0,1023,2
head_1_0_V,0,1022,1
head_1_0_V,0,1021,2
head_1_0_V,0,1019,2
head_1_0_V,0,1018,2
head_1_0_V,0,1017,3
head_1_0_V,0,1014,1
head_1_0_V,0,1012,3
head_1_0_V,0,1011,1
head_1_0_V,0,1009,3
head_1_0_V,0,1007,1
head_1_0_V,0,1006,2
head_1_0_V,0,1004,2
head_1_0_V,0,1003,1
head_1_0_V,0,1002,2
head_1_0_V,0,1001,1
head_1_0_V,0,1000,2
head_1_0_V,0,999,2
head_1_0_V,0,997,2
head_1_0_V,0,996,1
head_1_0_V,0,995,3
head_1_0_V,0,994,4
head_1_0_V,0,992,2
head_1_0_V,0,990,2
head_1_0_V,0,989,2
head_1_0_V,0,988,3
head_1_0_V,0,987,1
head_1_0_V,0,986,1
head_1_0_V,0,985,1
head_1_0_V,0,984,2
head_1_0_V,0,982,1
head_1_0_V,0,981,4
head_1_0_V,0,980,2
head_1_0_V,0,978,2
head_1_0_V,0,977,1
head_1_0_V,0,976,1
head_1_0_V,0,975,1
head_1_0_V,0,974,1
head_1_0_V,0,973,1
head_1_0_V,0,972,2
head_1_0_V,0,970,2
head_1_0_V,0,969,1
head_1_0_V,0,968,1
head_1_0_V,0,967,2
head_1_0_V,0,966,2
head_1_0_V,0,965,1
head_1_0_V,0,963,2
head_1_0_V,0,960,1
head_1_0_V,0,959,2
head_1_0_V,0,958,1
head_1_0_V,0,957,1
head_1_0_V,0,956,1
head_1_0_V,0,955,1
head_1_0_V,0,954,1
head_1_0_V,0,953,4
head_1_0_V,0,952,1
head_1_0_V,0,951,1
head_1_0_V,0,949,1
head_1_0_V,0,948,1
head_1_0_V,0,947,1
head_1_0_V,0,946,1
head_1_0_V,0,945,1
head_1_0_V,0,943,3
head_1_0_V,0,942,1
head_1_0_V,0,941,1
head_1_0_V,0,940,2
head_1_0_V,0,939,2
head_1_0_V,0,937,1
head_1_0_V,0,936,4
head_1_0_V,0,935,1
head_1_0_V,0,934,2
head_1_0_V,0,933,3
head_1_0_V,0,932,1
head_1_0_V,0,929,3
head_1_0_V,0,927,4
head_1_0_V,0,926,3
head_1_0_V,0,925,3
head_1_0_V,0,924,3
head_1_0_V,0,922,1
head_1_0_V,0,921,1
head_1_0_V,0,919,2
head_1_0_V,0,918,2
head_1_0_V,0,917,1
head_1_0_V,0,916,3
head_1_0_V,0,915,2
head_1_0_V,0,914,2
head_1_0_V,0,912,4
head_1_0_V,0,911,3
head_1_0_V,0,910,3
head_1_0_V,0,909,2
head_1_0_V,0,908,3
head_1_0_V,0,907,3
head_1_0_V,0,906,4
head_1_0_V,0,905,3
head_1_0_V,0,903,1
head_1_0_V,0,902,7
head_1_0_V,0,901,1
head_1_0_V,0,900,1
head_1_0_V,0,899,3
head_1_0_V,0,898,2
head_1_0_V,0,897,3
head_1_0_V,0,896,2
head_1_0_V,0,895,4
head_1_0_V,0,892,2
head_1_0_V,0,891,4
head_1_0_V,0,890,2
head_1_0_V,0,889,1
head_1_0_V,0,885,1
head_1_0_V,0,883,2
head_1_0_V,0,882,2
head_1_0_V,0,881,3
head_1_0_V,0,880,2
head_1_0_V,0,879,5
head_1_0_V,0,878,2
head_1_0_V,0,877,2
head_1_0_V,0,876,2
head_1_0_V,0,875,1
head_1_0_V,0,874,1
head_1_0_V,0,873,4
head_1_0_V,0,871,1
head_1_0_V,0,868,1
head_1_0_V,0,867,5
head_1_0_V,0,866,1
head_1_0_V,0,865,2
head_1_0_V,0,863,1
head_1_0_V,0,862,2
head_1_0_V,0,861,4
head_1_0_V,0,860,1
head_1_0_V,0,859,1
head_1_0_V,0,858,2
head_1_0_V,0,857,2
head_1_0_V,0,856,2
head_1_0_V,0,855,3
head_1_0_V,0,854,1
head_1_0_V,0,853,4
head_1_0_V,0,852,2
head_1_0_V,0,850,4
head_1_0_V,0,849,2
head_1_0_V,0,848,6
head_1_0_V,0,847,3
head_1_0_V,0,846,2
head_1_0_V,0,845,3
head_1_0_V,0,843,4
head_1_0_V,0,842,1
head_1_0_V,0,841,5
head_1_0_V,0,840,1
head_1_0_V,0,839,3
head_1_0_V,0,838,1
head_1_0_V,0,836,2
head_1_0_V,0,835,1
head_1_0_V,0,833,2
head_1_0_V,0,831,4
head_1_0_V,0,830,2
head_1_0_V,0,829,3
head_1_0_V,0,827,1
head_1_0_V,0,826,1
head_1_0_V,0,825,1
head_1_0_V,0,824,6
head_1_0_V,0,823,1
head_1_0_V,0,822,2
head_1_0_V,0,821,5
head_1_0_V,0,820,3
head_1_0_V,0,819,1
head_1_0_V,0,818,1
head_1_0_V,0,817,1
head_1_0_V,0,815,1
head_1_0_V,0,814,2
head_1_0_V,0,813,6
head_1_0_V,0,812,3
head_1_0_V,0,811,3
head_1_0_V,0,809,4
head_1_0_V,0,808,1
head_1_0_V,0,807,2
head_1_0_V,0,806,2
head_1_0_V,0,805,5
head_1_0_V,0,804,1
head_1_0_V,0,803,1
head_1_0_V,0,802,3
head_1_0_V,0,801,2
head_1_0_V,0,800,2
head_1_0_V,0,799,7
head_1_0_V,0,798,1
head_1_0_V,0,797,4
head_1_0_V,0,796,2
head_1_0_V,0,795,2
head_1_0_V,0,794,1
head_1_0_V,0,793,3
head_1_0_V,0,791,3
head_1_0_V,0,790,2
head_1_0_V,0,789,3
head_1_0_V,0,788,2
head_1_0_V,0,787,3
head_1_0_V,0,784,1
head_1_0_V,0,783,4
head_1_0_V,0,782,4
head_1_0_V,0,781,2
head_1_0_V,0,780,3
head_1_0_V,0,779,3
head_1_0_V,0,777,4
head_1_0_V,0,776,5
head_1_0_V,0,775,3
head_1_0_V,0,774,5
head_1_0_V,0,773,3
head_1_0_V,0,772,5
head_1_0_V,0,771,3
head_1_0_V,0,770,3
head_1_0_V,0,769,3
head_1_0_V,0,768,2
head_1_0_V,0,767,3
head_1_0_V,0,766,1
head_1_0_V,0,764,2
head_1_0_V,0,763,4
head_1_0_V,0,762,1
head_1_0_V,0,761,3
head_1_0_V,0,760,3
head_1_0_V,0,759,6
head_1_0_V,0,758,4
head_1_0_V,0,757,1
head_1_0_V,0,756,3
head_1_0_V,0,755,1
head_1_0_V,0,754,2
head_1_0_V,0,753,1
head_1_0_V,0,752,2
head_1_0_V,0,751,3
head_1_0_V,0,750,2
head_1_0_V,0,749,2
head_1_0_V,0,748,1
head_1_0_V,0,747,7
head_1_0_V,0,746,3
head_1_0_V,0,745,2
head_1_0_V,0,744,5
head_1_0_V,0,743,3
head_1_0_V,0,741,5
head_1_0_V,0,740,5
head_1_0_V,0,739,1
head_1_0_V,0,738,2
head_1_0_V,0,737,1
head_1_0_V,0,736,4
head_1_0_V,0,735,2
head_1_0_V,0,734,4
head_1_0_V,0,733,3
head_1_0_V,0,732,4
head_1_0_V,0,731,2
head_1_0_V,0,730,5
head_1_0_V,0,729,3
head_1_0_V,0,728,6
head_1_0_V,0,727,3
head_1_0_V,0,726,5
head_1_0_V,0,725,1
head_1_0_V,0,724,4
head_1_0_V,0,723,1
head_1_0_V,0,722,4
head_1_0_V,0,721,6
head_1_0_V,0,720,2
head_1_0_V,0,719,2
head_1_0_V,0,718,3
head_1_0_V,0,717,6
head_1_0_V,0,716,9
head_1_0_V,0,715,3
head_1_0_V,0,714,1
head_1_0_V,0,713,3
head_1_0_V,0,712,5
head_1_0_V,0,710,8
head_1_0_V,0,709,6
head_1_0_V,0,708,5
head_1_0_V,0,707,7
head_1_0_V,0,706,1
head_1_0_V,0,705,5
head_1_0_V,0,704,5
head_1_0_V,0,703,1
head_1_0_V,0,702,7
head_1_0_V,0,701,4
head_1_0_V,0,700,3
head_1_0_V,0,699,2
head_1_0_V,0,698,2
head_1_0_V,0,697,3
head_1_0_V,0,696,3
head_1_0_V,0,695,1
head_1_0_V,0,694,3
head_1_0_V,0,693,3
head_1_0_V,0,692,8
head_1_0_V,0,691,3
head_1_0_V,0,690,1
head_1_0_V,0,689,7
head_1_0_V,0,688,4
head_1_0_V,0,687,3
head_1_0_V,0,686,3
head_1_0_V,0,685,2
head_1_0_V,0,684,4
head_1_0_V,0,683,4
head_1_0_V,0,682,1
head_1_0_V,0,681,2
head_1_0_V,0,680,2
head_1_0_V,0,679,6
head_1_0_V,0,678,4
head_1_0_V,0,677,1
head_1_0_V,0,676,13
head_1_0_V,0,675,1
head_1_0_V,0,674,4
head_1_0_V,0,673,3
head_1_0_V,0,672,2
head_1_0_V,0,671,3
head_1_0_V,0,670,5
head_1_0_V,0,669,7
head_1_0_V,0,668,2
head_1_0_V,0,667,5
head_1_0_V,0,666,7
head_1_0_V,0,665,4
head_1_0_V,0,664,4
head_1_0_V,0,663,4
head_1_0_V,0,662,3
head_1_0_V,0,661,9
head_1_0_V,0,660,4
head_1_0_V,0,659,3
head_1_0_V,0,658,5
head_1_0_V,0,656,4
head_1_0_V,0,655,4
head_1_0_V,0,654,5
head_1_0_V,0,653,4
head_1_0_V,0,652,2
head_1_0_V,0,651,9
head_1_0_V,0,650,5
head_1_0_V,0,649,5
head_1_0_V,0,648,4
head_1_0_V,0,647,4
head_1_0_V,0,646,4
head_1_0_V,0,645,3
head_1_0_V,0,644,5
head_1_0_V,0,643,4
head_1_0_V,0,642,6
head_1_0_V,0,641,4
head_1_0_V,0,640,4
head_1_0_V,0,639,4
head_1_0_V,0,638,8
head_1_0_V,0,637,3
head_1_0_V,0,636,4
head_1_0_V,0,635,4
head_1_0_V,0,634,3
head_1_0_V,0,633,4
head_1_0_V,0,632,2
head_1_0_V,0,631,3
head_1_0_V,0,630,5
head_1_0_V,0,629,3
head_1_0_V,0,628,4
head_1_0_V,0,627,6
head_1_0_V,0,626,6
head_1_0_V,0,625,6
head_1_0_V,0,624,5
head_1_0_V,0,623,1
head_1_0_V,0,622,6
head_1_0_V,0,621,6
head_1_0_V,0,620,1
head_1_0_V,0,619,7
head_1_0_V,0,618,1
head_1_0_V,0,617,4
head_1_0_V,0,616,5
head_1_0_V,0,615,3
head_1_0_V,0,614,6
head_1_0_V,0,613,3
head_1_0_V,0,612,4
head_1_0_V,0,611,5
head_1_0_V,0,610,5
head_1_0_V,0,609,4
head_1_0_V,0,608,4
head_1_0_V,0,607,5
head_1_0_V,0,606,2
head_1_0_V,0,605,7
head_1_0_V,0,604,4
head_1_0_V,0,603,1
head_1_0_V,0,602,8
head_1_0_V,0,601,6
head_1_0_V,0,600,6
head_1_0_V,0,599,2
head_1_0_V,0,598,2
head_1_0_V,0,597,4
head_1_0_V,0,596,5
head_1_0_V,0,595,3
head_1_0_V,0,594,7
head_1_0_V,0,593,8
head_1_0_V,0,592,7
head_1_0_V,0,591,6
head_1_0_V,0,590,7
head_1_0_V,0,589,4
head_1_0_V,0,588,2
head_1_0_V,0,587,7
head_1_0_V,0,586,5
head_1_0_V,0,585,4
head_1_0_V,0,584,5
head_1_0_V,0,583,6
head_1_0_V,0,582,6
head_1_0_V,0,581,2
head_1_0_V,0,580,9
head_1_0_V,0,579,7
head_1_0_V,0,578,7
head_1_0_V,0,577,4
head_1_0_V,0,576,6
head_1_0_V,0,575,4
head_1_0_V,0,574,3
head_1_0_V,0,573,7
head_1_0_V,0,572,9
head_1_0_V,0,571,5
head_1_0_V,0,570,7
head_1_0_V,0,569,11
head_1_0_V,0,568,4
head_1_0_V,0,567,4
head_1_0_V,0,566,3
head_1_0_V,0,565,3
head_1_0_V,0,564,8
head_1_0_V,0,563,3
head_1_0_V,0,562,6
head_1_0_V,0,561,7
head_1_0_V,0,560,3
head_1_0_V,0,559,6
head_1_0_V,0,558,4
head_1_0_V,0,557,4
head_1_0_V,0,556,7
head_1_0_V,0,555,3
head_1_0_V,0,554,7
head_1_0_V,0,553,7
head_1_0_V,0,552,8
head_1_0_V,0,551,6
head_1_0_V,0,550,7
head_1_0_V,0,549,4
head_1_0_V,0,548,13
head_1_0_V,0,547,4
head_1_0_V,0,546,5
head_1_0_V,0,545,6
head_1_0_V,0,544,8
head_1_0_V,0,543,6
head_1_0_V,0,542,8
head_1_0_V,0,541,7
head_1_0_V,0,540,11
head_1_0_V,0,539,10
head_1_0_V,0,538,11
head_1_0_V,0,537,10
head_1_0_V,0,536,9
head_1_0_V,0,535,8
head_1_0_V,0,534,7
head_1_0_V,0,533,3
head_1_0_V,0,532,12
head_1_0_V,0,531,9
head_1_0_V,0,530,8
head_1_0_V,0,529,9
head_1_0_V,0,528,13
head_1_0_V,0,527,5
head_1_0_V,0,526,12
head_1_0_V,0,525,10
head_1_0_V,0,524,5
head_1_0_V,0,523,9
head_1_0_V,0,522,8
head_1_0_V,0,521,4
head_1_0_V,0,520,8
head_1_0_V,0,519,7
head_1_0_V,0,518,7
head_1_0_V,0,517,4
head_1_0_V,0,516,4
head_1_0_V,0,515,3
head_1_0_V,0,514,10
head_1_0_V,0,513,7
head_1_0_V,0,512,9
head_1_0_V,0,511,5
head_1_0_V,0,510,4
head_1_0_V,0,509,6
head_1_0_V,0,508,4
head_1_0_V,0,507,11
head_1_0_V,0,506,6
head_1_0_V,0,505,9
head_1_0_V,0,504,5
head_1_0_V,0,503,8
head_1_0_V,0,502,11
head_1_0_V,0,501,7
head_1_0_V,0,500,5
head_1_0_V,0,499,5
head_1_0_V,0,498,9
head_1_0_V,0,497,11
head_1_0_V,0,496,11
head_1_0_V,0,495,8
head_1_0_V,0,494,8
head_1_0_V,0,493,6
head_1_0_V,0,492,6
head_1_0_V,0,491,1
head_1_0_V,0,490,6
head_1_0_V,0,489,5
head_1_0_V,0,488,7
head_1_0_V,0,487,9
head_1_0_V,0,486,11
head_1_0_V,0,485,9
head_1_0_V,0,484,7
head_1_0_V,0,483,12
head_1_0_V,0,482,7
head_1_0_V,0,481,7
head_1_0_V,0,480,12
head_1_0_V,0,479,14
head_1_0_V,0,478,15
head_1_0_V,0,477,6
head_1_0_V,0,476,8
head_1_0_V,0,475,8
head_1_0_V,0,474,11
head_1_0_V,0,473,12
head_1_0_V,0,472,10
head_1_0_V,0,471,10
head_1_0_V,0,470,11
head_1_0_V,0,469,4
head_1_0_V,0,468,4
head_1_0_V,0,467,9
head_1_0_V,0,466,9
head_1_0_V,0,465,8
head_1_0_V,0,464,6
head_1_0_V,0,463,13
head_1_0_V,0,462,8
head_1_0_V,0,461,14
head_1_0_V,0,460,15
head_1_0_V,0,459,11
head_1_0_V,0,458,14
head_1_0_V,0,457,5
head_1_0_V,0,456,5
head_1_0_V,0,455,8
head_1_0_V,0,454,11
head_1_0_V,0,453,14
head_1_0_V,0,452,15
head_1_0_V,0,451,10
head_1_0_V,0,450,6
head_1_0_V,0,449,16
head_1_0_V,0,448,7
head_1_0_V,0,447,11
head_1_0_V,0,446,14
head_1_0_V,0,445,13
head_1_0_V,0,444,8
head_1_0_V,0,443,14
head_1_0_V,0,442,8
head_1_0_V,0,441,10
head_1_0_V,0,440,8
head_1_0_V,0,439,12
head_1_0_V,0,438,11
head_1_0_V,0,437,12
head_1_0_V,0,436,10
head_1_0_V,0,435,17
head_1_0_V,0,434,5
head_1_0_V,0,433,5
head_1_0_V,0,432,16
head_1_0_V,0,431,12
head_1_0_V,0,430,15
head_1_0_V,0,429,13
head_1_0_V,0,428,9
head_1_0_V,0,427,17
head_1_0_V,0,426,16
head_1_0_V,0,425,8
head_1_0_V,0,424,5
head_1_0_V,0,423,11
head_1_0_V,0,422,15
head_1_0_V,0,421,9
head_1_0_V,0,420,7
head_1_0_V,0,419,11
head_1_0_V,0,418,16
head_1_0_V,0,417,8
head_1_0_V,0,416,13
head_1_0_V,0,415,9
head_1_0_V,0,414,9
head_1_0_V,0,413,14
head_1_0_V,0,412,17
head_1_0_V,0,411,11
head_1_0_V,0,410,9
head_1_0_V,0,409,16
head_1_0_V,0,408,6
head_1_0_V,0,407,9
head_1_0_V,0,406,18
head_1_0_V,0,405,13
head_1_0_V,0,404,9
head_1_0_V,0,403,7
head_1_0_V,0,402,7
head_1_0_V,0,401,8
head_1_0_V,0,400,13
head_1_0_V,0,399,15
head_1_0_V,0,398,12
head_1_0_V,0,397,12
head_1_0_V,0,396,12
head_1_0_V,0,395,17
head_1_0_V,0,394,7
head_1_0_V,0,393,15
head_1_0_V,0,392,20
head_1_0_V,0,391,10
head_1_0_V,0,390,15
head_1_0_V,0,389,14
head_1_0_V,0,388,20
head_1_0_V,0,387,16
head_1_0_V,0,386,12
head_1_0_V,0,385,12
head_1_0_V,0,384,10
head_1_0_V,0,383,13
head_1_0_V,0,382,8
head_1_0_V,0,381,12
head_1_0_V,0,380,16
head_1_0_V,0,379,12
head_1_0_V,0,378,13
head_1_0_V,0,377,17
head_1_0_V,0,376,12
head_1_0_V,0,375,8
head_1_0_V,0,374,10
head_1_0_V,0,373,22
head_1_0_V,0,372,15
head_1_0_V,0,371,17
head_1_0_V,0,370,15
head_1_0_V,0,369,9
head_1_0_V,0,368,18
head_1_0_V,0,367,12
head_1_0_V,0,366,11
head_1_0_V,0,365,14
head_1_0_V,0,364,14
head_1_0_V,0,363,14
head_1_0_V,0,362,17
head_1_0_V,0,361,15
head_1_0_V,0,360,12
head_1_0_V,0,359,23
head_1_0_V,0,358,16
head_1_0_V,0,357,18
head_1_0_V,0,356,18
head_1_0_V,0,355,16
head_1_0_V,0,354,15
head_1_0_V,0,353,15
head_1_0_V,0,352,16
head_1_0_V,0,351,13
head_1_0_V,0,350,12
head_1_0_V,0,349,18
head_1_0_V,0,348,21
head_1_0_V,0,347,12
head_1_0_V,0,346,13
head_1_0_V,0,345,22
head_1_0_V,0,344,17
head_1_0_V,0,343,18
head_1_0_V,0,342,18
head_1_0_V,0,341,12
head_1_0_V,0,340,22
head_1_0_V,0,339,23
head_1_0_V,0,338,26
head_1_0_V,0,337,14
head_1_0_V,0,336,18
head_1_0_V,0,335,24
head_1_0_V,0,334,20
head_1_0_V,0,333,9
head_1_0_V,0,332,16
head_1_0_V,0,331,20
head_1_0_V,0,330,7
head_1_0_V,0,329,21
head_1_0_V,0,328,23
head_1_0_V,0,327,20
head_1_0_V,0,326,19
head_1_0_V,0,325,13
head_1_0_V,0,324,15
head_1_0_V,0,323,20
head_1_0_V,0,322,22
head_1_0_V,0,321,27
head_1_0_V,0,320,13
head_1_0_V,0,319,17
head_1_0_V,0,318,28
head_1_0_V,0,317,21
head_1_0_V,0,316,22
head_1_0_V,0,315,22
head_1_0_V,0,314,19
head_1_0_V,0,313,23
head_1_0_V,0,312,16
head_1_0_V,0,311,22
head_1_0_V,0,310,19
head_1_0_V,0,309,22
head_1_0_V,0,308,22
head_1_0_V,0,307,13
head_1_0_V,0,306,25
head_1_0_V,0,305,15
head_1_0_V,0,304,27
head_1_0_V,0,303,19
head_1_0_V,0,302,25
head_1_0_V,0,301,23
head_1_0_V,0,300,27
head_1_0_V,0,299,31
head_1_0_V,0,298,14
head_1_0_V,0,297,17
head_1_0_V,0,296,21
head_1_0_V,0,295,18
head_1_0_V,0,294,26
head_1_0_V,0,293,22
head_1_0_V,0,292,29
head_1_0_V,0,291,21
head_1_0_V,0,290,19
head_1_0_V,0,289,24
head_1_0_V,0,288,19
head_1_0_V,0,287,29
head_1_0_V,0,286,24
head_1_0_V,0,285,29
head_1_0_V,0,284,26
head_1_0_V,0,283,29
head_1_0_V,0,282,27
head_1_0_V,0,281,24
head_1_0_V,0,280,24
head_1_0_V,0,279,19
head_1_0_V,0,278,25
head_1_0_V,0,277,22
head_1_0_V,0,276,33
head_1_0_V,0,275,28
head_1_0_V,0,274,24
head_1_0_V,0,273,25
head_1_0_V,0,272,26
head_1_0_V,0,271,33
head_1_0_V,0,270,24
head_1_0_V,0,269,16
head_1_0_V,0,268,17
head_1_0_V,0,267,25
head_1_0_V,0,266,23
head_1_0_V,0,265,32
head_1_0_V,0,264,26
head_1_0_V,0,263,26
head_1_0_V,0,262,31
head_1_0_V,0,261,31
head_1_0_V,0,260,35
head_1_0_V,0,259,32
head_1_0_V,0,258,27
head_1_0_V,0,257,20
head_1_0_V,0,256,32
head_1_0_V,0,255,31
head_1_0_V,0,254,27
head_1_0_V,0,253,38
head_1_0_V,0,252,42
head_1_0_V,0,251,23
head_1_0_V,0,250,25
head_1_0_V,0,249,34
head_1_0_V,0,248,38
head_1_0_V,0,247,26
head_1_0_V,0,246,20
head_1_0_V,0,245,43
head_1_0_V,0,244,37
head_1_0_V,0,243,29
head_1_0_V,0,242,37
head_1_0_V,0,241,41
head_1_0_V,0,240,31
head_1_0_V,0,239,48
head_1_0_V,0,238,34
head_1_0_V,0,237,30
head_1_0_V,0,236,31
head_1_0_V,0,235,31
head_1_0_V,0,234,41
head_1_0_V,0,233,43
head_1_0_V,0,232,38
head_1_0_V,0,231,31
head_1_0_V,0,230,49
head_1_0_V,0,229,33
head_1_0_V,0,228,42
head_1_0_V,0,227,39
head_1_0_V,0,226,28
head_1_0_V,0,225,39
head_1_0_V,0,224,38
head_1_0_V,0,223,34
head_1_0_V,0,222,46
head_1_0_V,0,221,36
head_1_0_V,0,220,41
head_1_0_V,0,219,35
head_1_0_V,0,218,46
head_1_0_V,0,217,32
head_1_0_V,0,216,29
head_1_0_V,0,215,47
head_1_0_V,0,214,42
head_1_0_V,0,213,37
head_1_0_V,0,212,36
head_1_0_V,0,211,48
head_1_0_V,0,210,40
head_1_0_V,0,209,44
head_1_0_V,0,208,32
head_1_0_V,0,207,39
head_1_0_V,0,206,43
head_1_0_V,0,205,40
head_1_0_V,0,204,44
head_1_0_V,0,203,35
head_1_0_V,0,202,51
head_1_0_V,0,201,56
head_1_0_V,0,200,47
head_1_0_V,0,199,45
head_1_0_V,0,198,46
head_1_0_V,0,197,44
head_1_0_V,0,196,49
head_1_0_V,0,195,38
head_1_0_V,0,194,53
head_1_0_V,0,193,44
head_1_0_V,0,192,46
head_1_0_V,0,191,46
head_1_0_V,0,190,37
head_1_0_V,0,189,45
head_1_0_V,0,188,52
head_1_0_V,0,187,40
head_1_0_V,0,186,51
head_1_0_V,0,185,45
head_1_0_V,0,184,59
head_1_0_V,0,183,47
head_1_0_V,0,182,40
head_1_0_V,0,181,54
head_1_0_V,0,180,58
head_1_0_V,0,179,62
head_1_0_V,0,178,59
head_1_0_V,0,177,59
head_1_0_V,0,176,53
head_1_0_V,0,175,52
head_1_0_V,0,174,59
head_1_0_V,0,173,59
head_1_0_V,0,172,70
head_1_0_V,0,171,54
head_1_0_V,0,170,60
head_1_0_V,0,169,58
head_1_0_V,0,168,68
head_1_0_V,0,167,66
head_1_0_V,0,166,50
head_1_0_V,0,165,75
head_1_0_V,0,164,69
head_1_0_V,0,163,73
head_1_0_V,0,162,51
head_1_0_V,0,161,67
head_1_0_V,0,160,58
head_1_0_V,0,159,72
head_1_0_V,0,158,62
head_1_0_V,0,157,91
head_1_0_V,0,156,58
head_1_0_V,0,155,65
head_1_0_V,0,154,76
head_1_0_V,0,153,67
head_1_0_V,0,152,85
head_1_0_V,0,151,56
head_1_0_V,0,150,63
head_1_0_V,0,149,72
head_1_0_V,0,148,48
head_1_0_V,0,147,81
head_1_0_V,0,146,75
head_1_0_V,0,145,90
head_1_0_V,0,144,70
head_1_0_V,0,143,77
head_1_0_V,0,142,83
head_1_0_V,0,141,71
head_1_0_V,0,140,84
head_1_0_V,0,139,69
head_1_0_V,0,138,72
head_1_0_V,0,137,76
head_1_0_V,0,136,69
head_1_0_V,0,135,72
head_1_0_V,0,134,82
head_1_0_V,0,133,69
head_1_0_V,0,132,90
head_1_0_V,0,131,94
head_1_0_V,0,130,69
head_1_0_V,0,129,85
head_1_0_V,0,128,85
head_1_0_V,0,127,80
head_1_0_V,0,126,86
head_1_0_V,0,125,84
head_1_0_V,0,124,73
head_1_0_V,0,123,97
head_1_0_V,0,122,82
head_1_0_V,0,121,78
head_1_0_V,0,120,85
head_1_0_V,0,119,97
head_1_0_V,0,118,87
head_1_0_V,0,117,111
head_1_0_V,0,116,72
head_1_0_V,0,115,108
head_1_0_V,0,114,117
head_1_0_V,0,113,85
head_1_0_V,0,112,72
head_1_0_V,0,111,90
head_1_0_V,0,110,83
head_1_0_V,0,109,107
head_1_0_V,0,108,108
head_1_0_V,0,107,122
head_1_0_V,0,106,109
head_1_0_V,0,105,97
head_1_0_V,0,104,98
head_1_0_V,0,103,123
head_1_0_V,0,102,100
head_1_0_V,0,101,107
head_1_0_V,0,100,109
head_1_0_V,0,99,120
head_1_0_V,0,98,131
head_1_0_V,0,97,118
head_1_0_V,0,96,135
head_1_0_V,0,95,121
head_1_0_V,0,94,108
head_1_0_V,0,93,119
head_1_0_V,0,92,139
head_1_0_V,0,91,126
head_1_0_V,0,90,118
head_1_0_V,0,89,149
head_1_0_V,0,88,109
head_1_0_V,0,87,131
head_1_0_V,0,86,146
head_1_0_V,0,85,130
head_1_0_V,0,84,168
head_1_0_V,0,83,153
head_1_0_V,0,82,145
head_1_0_V,0,81,179
head_1_0_V,0,80,143
head_1_0_V,0,79,166
head_1_0_V,0,78,156
head_1_0_V,0,77,148
head_1_0_V,0,76,156
head_1_0_V,0,75,155
head_1_0_V,0,74,156
head_1_0_V,0,73,189
head_1_0_V,0,72,169
head_1_0_V,0,71,173
head_1_0_V,0,70,166
head_1_0_V,0,69,173
head_1_0_V,0,68,158
head_1_0_V,0,67,165
head_1_0_V,0,66,191
head_1_0_V,0,65,199
head_1_0_V,0,64,177
head_1_0_V,0,63,183
head_1_0_V,0,62,191
head_1_0_V,0,61,227
head_1_0_V,0,60,219
head_1_0_V,0,59,228
head_1_0_V,0,58,191
head_1_0_V,0,57,202
head_1_0_V,0,56,200
head_1_0_V,0,55,209
head_1_0_V,0,54,231
head_1_0_V,0,53,246
head_1_0_V,0,52,215
head_1_0_V,0,51,240
head_1_0_V,0,50,249
head_1_0_V,0,49,251
head_1_0_V,0,48,233
head_1_0_V,0,47,262
head_1_0_V,0,46,255
head_1_0_V,0,45,267
head_1_0_V,0,44,275
head_1_0_V,0,43,279
head_1_0_V,0,42,304
head_1_0_V,0,41,289
head_1_0_V,0,40,290
head_1_0_V,0,39,350
head_1_0_V,0,38,313
head_1_0_V,0,37,293
head_1_0_V,0,36,325
head_1_0_V,0,35,329
head_1_0_V,0,34,327
head_1_0_V,0,33,366
head_1_0_V,0,32,384
head_1_0_V,0,31,376
head_1_0_V,0,30,359
head_1_0_V,0,29,368
head_1_0_V,0,28,388
head_1_0_V,0,27,422
head_1_0_V,0,26,465
head_1_0_V,0,25,444
head_1_0_V,0,24,487
head_1_0_V,0,23,484
head_1_0_V,0,22,492
head_1_0_V,0,21,510
head_1_0_V,0,20,488
head_1_0_V,0,19,552
head_1_0_V,0,18,549
head_1_0_V,0,17,546
head_1_0_V,0,16,598
head_1_0_V,0,15,581
head_1_0_V,0,14,637
head_1_0_V,0,13,622
head_1_0_V,0,12,680
head_1_0_V,0,11,695
head_1_0_V,0,10,710
head_1_0_V,0,9,762
head_1_0_V,0,8,804
head_1_0_V,0,7,847
head_1_0_V,0,6,838
head_1_0_V,0,5,910
head_1_0_V,0,4,896
head_1_0_V,0,3,950
head_1_0_V,0,2,968
head_1_0_V,0,1,853
head_1_0_V,0,0,17063
head_1_0_V,1,7308,1
head_1_0_V,1,6011,1
head_1_0_V,1,5634,1
head_1_0_V,1,5027,1
head_1_0_V,1,4746,1
head_1_0_V,1,4483,1
head_1_0_V,1,4332,1
head_1_0_V,1,4251,1
head_1_0_V,1,4117,1
head_1_0_V,1,4028,1
head_1_0_V,1,3856,1
head_1_0_V,1,3836,1
head_1_0_V,1,3828,1
head_1_0_V,1,3815,1
head_1_0_V,1,3797,1
head_1_0_V,1,3693,1
head_1_0_V,1,3601,1
head_1_0_V,1,3563,1
head_1_0_V,1,3549,1
head_1_0_V,1,3312,1
head_1_0_V,1,3280,1
head_1_0_V,1,3268,1
head_1_0_V,1,3227,1
head_1_0_V,1,3149,1
head_1_0_V,1,3071,1
head_1_0_V,1,3010,1
head_1_0_V,1,2969,1
head_1_0_V,1,2956,1
head_1_0_V,1,2920,1
head_1_0_V,1,2908,1
head_1_0_V,1,2883,1
head_1_0_V,1,2856,1
head_1_0_V,1,2852,1
head_1_0_V,1,2831,1
head_1_0_V,1,2795,1
head_1_0_V,1,2775,1
head_1_0_V,1,2718,1
head_1_0_V,1,2686,1
head_1_0_V,1,2676,1
head_1_0_V,1,2618,1
head_1_0_V,1,2610,1
head_1_0_V,1,2599,1
head_1_0_V,1,2596,1
head_1_0_V,1,2589,1
head_1_0_V,1,2543,1
head_1_0_V,1,2515,1
head_1_0_V,1,2509,1
head_1_0_V,1,2490,1
head_1_0_V,1,2488,1
head_1_0_V,1,2468,1
head_1_0_V,1,2428,1
head_1_0_V,1,2417,1
head_1_0_V,1,2410,1
head_1_0_V,1,2409,1
head_1_0_V,1,2361,1
head_1_0_V,1,2356,1
head_1_0_V,1,2349,1
head_1_0_V,1,2334,1
head_1_0_V,1,2287,1
head_1_0_V,1,2274,1
head_1_0_V,1,2265,1
head_1_0_V,1,2257,1
head_1_0_V,1,2239,1
head_1_0_V,1,2225,1
head_1_0_V,1,2222,1
head_1_0_V,1,2216,1
head_1_0_V,1,2207,1
head_1_0_V,1,2192,1
head_1_0_V,1,2185,1
head_1_0_V,1,2154,2
head_1_0_V,1,2151,1
head_1_0_V,1,2138,1
head_1_0_V,1,2127,1
head_1_0_V,1,2114,2
head_1_0_V,1,2110,1
head_1_0_V,1,2109,1
head_1_0_V,1,2102,1
head_1_0_V,1,2098,1
head_1_0_V,1,2083,1
head_1_0_V,1,2057,1
head_1_0_V,1,2035,1
head_1_0_V,1,2025,1
head_1_0_V,1,2018,1
head_1_0_V,1,2013,1
head_1_0_V,1,2009,1
head_1_0_V,1,2007,1
head_1_0_V,1,2005,1
head_1_0_V,1,1985,2
head_1_0_V,1,1983,1
head_1_0_V,1,1981,1
head_1_0_V,1,1977,1
head_1_0_V,1,1929,1
head_1_0_V,1,1923,1
head_1_0_V,1,1914,1
head_1_0_V,1,1902,1
head_1_0_V,1,1901,1
head_1_0_V,1,1894,1
head_1_0_V,1,1887,1
head_1_0_V,1,1886,1
head_1_0_V,1,1876,1
head_1_0_V,1,1866,2
head_1_0_V,1,1854,1
head_1_0_V,1,1842,1
head_1_0_V,1,1823,1
head_1_0_V,1,1813,1
head_1_0_V,1,1809,1
head_1_0_V,1,1804,1
head_1_0_V,1,1799,1
head_1_0_V,1,1797,1
head_1_0_V,1,1785,1
head_1_0_V,1,1784,2
head_1_0_V,1,1783,1
head_1_0_V,1,1780,1
head_1_0_V,1,1778,1
head_1_0_V,1,1777,1
head_1_0_V,1,1771,1
head_1_0_V,1,1770,1
head_1_0_V,1,1750,1
head_1_0_V,1,1743,1
head_1_0_V,1,1732,1
head_1_0_V,1,1720,1
head_1_0_V,1,1709,1
head_1_0_V,1,1701,1
head_1_0_V,1,1699,1
head_1_0_V,1,1697,1
head_1_0_V,1,1687,1
head_1_0_V,1,1676,1
head_1_0_V,1,1671,1
head_1_0_V,1,1657,1
head_1_0_V,1,1645,1
head_1_0_V,1,1644,1
head_1_0_V,1,1643,1
head_1_0_V,1,1642,1
head_1_0_V,1,1637,1
head_1_0_V,1,1632,1
head_1_0_V,1,1625,1
head_1_0_V,1,1623,1
head_1_0_V,1,1610,1
head_1_0_V,1,1609,2
head_1_0_V,1,1600,1
head_1_0_V,1,1598,1
head_1_0_V,1,1595,1
head_1_0_V,1,1587,1
head_1_0_V,1,1586,1
head_1_0_V,1,1583,2
head_1_0_V,1,1582,1
head_1_0_V,1,1569,1
head_1_0_V,1,1565,1
head_1_0_V,1,1564,1
head_1_0_V,1,1555,1
head_1_0_V,1,1546,1
head_1_0_V,1,1542,1
head_1_0_V,1,1537,1
head_1_0_V,1,1523,1
head_1_0_V,1,1521,1
head_1_0_V,1,1515,2
head_1_0_V,1,1514,1
head_1_0_V,1,1512,1
head_1_0_V,1,1505,1
head_1_0_V,1,1502,1
head_1_0_V,1,1501,1
head_1_0_V,1,1500,2
head_1_0_V,1,1498,1
head_1_0_V,1,1489,1
head_1_0_V,1,1479,1
head_1_0_V,1,1478,1
head_1_0_V,1,1472,1
head_1_0_V,1,1470,1
head_1_0_V,1,1465,1
head_1_0_V,1,1456,1
head_1_0_V,1,1454,1
head_1_0_V,1,1451,2
head_1_0_V,1,1441,2
head_1_0_V,1,1439,1
head_1_0_V,1,1434,1
head_1_0_V,1,1432,1
head_1_0_V,1,1431,1
head_1_0_V,1,1420,1
head_1_0_V,1,1418,1
head_1_0_V,1,1411,1
head_1_0_V,1,1407,2
head_1_0_V,1,1405,1
head_1_0_V,1,1403,1
head_1_0_V,1,1401,1
head_1_0_V,1,1400,1
head_1_0_V,1,1398,1
head_1_0_V,1,1395,1
head_1_0_V,1,1391,3
head_1_0_V,1,1389,1
head_1_0_V,1,1385,1
head_1_0_V,1,1383,2
head_1_0_V,1,1381,1
head_1_0_V,1,1376,2
head_1_0_V,1,1375,1
head_1_0_V,1,1373,1
head_1_0_V,1,1371,1
head_1_0_V,1,1370,2
head_1_0_V,1,1369,1
head_1_0_V,1,1364,1
head_1_0_V,1,1361,1
head_1_0_V,1,1359,1
head_1_0_V,1,1356,1
head_1_0_V,1,1353,1
head_1_0_V,1,1352,1
head_1_0_V,1,1351,1
head_1_0_V,1,1349,1
head_1_0_V,1,1345,1
head_1_0_V,1,1342,1
head_1_0_V,1,1341,1
head_1_0_V,1,1340,1
head_1_0_V,1,1337,1
head_1_0_V,1,1336,1
head_1_0_V,1,1326,1
head_1_0_V,1,1325,2
head_1_0_V,1,1323,1
head_1_0_V,1,1322,1
head_1_0_V,1,1317,1
head_1_0_V,1,1312,1
head_1_0_V,1,1311,1
head_1_0_V,1,1307,1
head_1_0_V,1,1306,1
head_1_0_V,1,1305,1
head_1_0_V,1,1304,2
head_1_0_V,1,1303,2
head_1_0_V,1,1301,1
head_1_0_V,1,1299,1
head_1_0_V,1,1296,1
head_1_0_V,1,1292,1
head_1_0_V,1,1290,1
head_1_0_V,1,1284,1
head_1_0_V,1,1279,1
head_1_0_V,1,1277,1
head_1_0_V,1,1275,1
head_1_0_V,1,1271,1
head_1_0_V,1,1270,2
head_1_0_V,1,1268,2
head_1_0_V,1,1267,1
head_1_0_V,1,1265,1
head_1_0_V,1,1263,1
head_1_0_V,1,1257,1
head_1_0_V,1,1255,1
head_1_0_V,1,1253,1
head_1_0_V,1,1249,1
head_1_0_V,1,1247,1
head_1_0_V,1,1246,1
head_1_0_V,1,1245,3
head_1_0_V,1,1243,1
head_1_0_V,1,1241,1
head_1_0_V,1,1240,1
head_1_0_V,1,1238,1
head_1_0_V,1,1235,1
head_1_0_V,1,1233,1
head_1_0_V,1,1231,1
head_1_0_V,1,1229,1
head_1_0_V,1,1228,1
head_1_0_V,1,1224,1
head_1_0_V,1,1221,3
head_1_0_V,1,1220,3
head_1_0_V,1,1217,1
head_1_0_V,1,1214,2
head_1_0_V,1,1210,1
head_1_0_V,1,1209,2
head_1_0_V,1,1207,1
head_1_0_V,1,1206,1
head_1_0_V,1,1205,1
head_1_0_V,1,1203,2
head_1_0_V,1,1199,1
head_1_0_V,1,1198,3
head_1_0_V,1,1197,1
head_1_0_V,1,1195,2
head_1_0_V,1,1194,1
head_1_0_V,1,1188,1
head_1_0_V,1,1186,2
head_1_0_V,1,1184,1
head_1_0_V,1,1182,1
head_1_0_V,1,1181,1
head_1_0_V,1,1180,1
head_1_0_V,1,1179,1
head_1_0_V,1,1178,1
head_1_0_V,1,1175,1
head_1_0_V,1,1168,1
head_1_0_V,1,1166,2
head_1_0_V,1,1165,1
head_1_0_V,1,1164,1
head_1_0_V,1,1160,1
head_1_0_V,1,1159,1
head_1_0_V,1,1157,1
head_1_0_V,1,1156,3
head_1_0_V,1,1154,1
head_1_0_V,1,1151,1
head_1_0_V,1,1150,1
head_1_0_V,1,1147,2
head_1_0_V,1,1146,1
head_1_0_V,1,1145,1
head_1_0_V,1,1143,1
head_1_0_V,1,1141,2
head_1_0_V,1,1138,1
head_1_0_V,1,1136,2
head_1_0_V,1,1135,2
head_1_0_V,1,1133,2
head_1_0_V,1,1132,2
head_1_0_V,1,1131,1
head_1_0_V,1,1123,2
head_1_0_V,1,1121,4
head_1_0_V,1,1118,4
head_1_0_V,1,1116,1
head_1_0_V,1,1110,1
head_1_0_V,1,1105,1
head_1_0_V,1,1104,1
head_1_0_V,1,1103,3
head_1_0_V,1,1101,1
head_1_0_V,1,1100,2
head_1_0_V,1,1099,1
head_1_0_V,1,1097,1
head_1_0_V,1,1092,2
head_1_0_V,1,1089,1
head_1_0_V,1,1087,2
head_1_0_V,1,1086,2
head_1_0_V,1,1081,1
head_1_0_V,1,1080,2
head_1_0_V,1,1079,1
head_1_0_V,1,1077,2
head_1_0_V,1,1076,1
head_1_0_V,1,1074,1
head_1_0_V,1,1073,3
head_1_0_V,1,1072,2
head_1_0_V,1,1071,2
head_1_0_V,1,1070,1
head_1_0_V,1,1068,1
head_1_0_V,1,1067,3
head_1_0_V,1,1065,1
head_1_0_V,1,1061,2
head_1_0_V,1,1058,1
head_1_0_V,1,1057,1
head_1_0_V,1,1056,1
head_1_0_V,1,1055,3
head_1_0_V,1,1054,2
head_1_0_V,1,1052,1
head_1_0_V,1,1051,3
head_1_0_V,1,1050,1
head_1_0_V,1,1049,1
head_1_0_V,1,1048,1
head_1_0_V,1,1046,2
head_1_0_V,1,1045,3
head_1_0_V,1,1043,4
head_1_0_V,1,1041,3
head_1_0_V,1,1039,1
head_1_0_V,1,1038,3
head_1_0_V,1,1037,1
head_1_0_V,1,1036,1
head_1_0_V,1,1034,1
head_1_0_V,1,1031,1
head_1_0_V,1,1028,2
head_1_0_V,1,1026,1
head_1_0_V,1,1025,1
head_1_0_V,1,1022,2
head_1_0_V,1,1021,1
head_1_0_V,1,1020,1
head_1_0_V,1,1019,1
head_1_0_V,1,1018,1
head_1_0_V,1,1017,1
head_1_0_V,1,1016,1
head_1_0_V,1,1015,1
head_1_0_V,1,1014,1
head_1_0_V,1,1013,1
head_1_0_V,1,1012,5
head_1_0_V,1,1011,2
head_1_0_V,1,1010,1
head_1_0_V,1,1009,2
head_1_0_V,1,1008,1
head_1_0_V,1,1007,1
head_1_0_V,1,1006,2
head_1_0_V,1,1003,2
head_1_0_V,1,1002,1
head_1_0_V,1,1001,2
head_1_0_V,1,999,1
head_1_0_V,1,998,2
head_1_0_V,1,997,3
head_1_0_V,1,996,4
head_1_0_V,1,995,2
head_1_0_V,1,994,3
head_1_0_V,1,993,1
head_1_0_V,1,992,2
head_1_0_V,1,990,1
head_1_0_V,1,989,1
head_1_0_V,1,987,2
head_1_0_V,1,986,3
head_1_0_V,1,985,2
head_1_0_V,1,983,1
head_1_0_V,1,982,3
head_1_0_V,1,981,1
head_1_0_V,1,980,2
head_1_0_V,1,979,2
head_1_0_V,1,978,1
head_1_0_V,1,974,2
head_1_0_V,1,973,2
head_1_0_V,1,972,1
head_1_0_V,1,971,1
head_1_0_V,1,970,2
head_1_0_V,1,969,1
head_1_0_V,1,968,1
head_1_0_V,1,966,1
head_1_0_V,1,961,3
head_1_0_V,1,960,1
head_1_0_V,1,958,1
head_1_0_V,1,957,1
head_1_0_V,1,955,3
head_1_0_V,1,954,1
head_1_0_V,1,953,1
head_1_0_V,1,951,2
head_1_0_V,1,950,1
head_1_0_V,1,949,1
head_1_0_V,1,948,1
head_1_0_V,1,947,1
head_1_0_V,1,945,1
head_1_0_V,1,944,1
head_1_0_V,1,943,1
head_1_0_V,1,942,1
head_1_0_V,1,941,2
head_1_0_V,1,940,1
head_1_0_V,1,939,2
head_1_0_V,1,938,2
head_1_0_V,1,936,1
head_1_0_V,1,935,1
head_1_0_V,1,934,1
head_1_0_V,1,933,1
head_1_0_V,1,932,2
head_1_0_V,1,927,1
head_1_0_V,1,926,3
head_1_0_V,1,925,1
head_1_0_V,1,924,1
head_1_0_V,1,923,1
head_1_0_V,1,922,2
head_1_0_V,1,921,4
head_1_0_V,1,920,3
head_1_0_V,1,919,1
head_1_0_V,1,918,1
head_1_0_V,1,917,1
head_1_0_V,1,916,4
head_1_0_V,1,915,1
head_1_0_V,1,914,2
head_1_0_V,1,913,2
head_1_0_V,1,912,3
head_1_0_V,1,911,2
head_1_0_V,1,910,1
head_1_0_V,1,909,1
head_1_0_V,1,908,1
head_1_0_V,1,907,3
head_1_0_V,1,906,1
head_1_0_V,1,905,1
head_1_0_V,1,904,1
head_1_0_V,1,903,4
head_1_0_V,1,902,1
head_1_0_V,1,901,2
head_1_0_V,1,900,1
head_1_0_V,1,899,2
head_1_0_V,1,898,1
head_1_0_V,1,897,4
head_1_0_V,1,896,1
head_1_0_V,1,895,1
head_1_0_V,1,894,3
head_1_0_V,1,893,1
head_1_0_V,1,892,1
head_1_0_V,1,891,2
head_1_0_V,1,890,1
head_1_0_V,1,889,4
head_1_0_V,1,888,3
head_1_0_V,1,887,5
head_1_0_V,1,886,3
head_1_0_V,1,885,3
head_1_0_V,1,883,1
head_1_0_V,1,882,1
head_1_0_V,1,881,2
head_1_0_V,1,880,3
head_1_0_V,1,879,1
head_1_0_V,1,878,1
head_1_0_V,1,877,1
head_1_0_V,1,875,2
head_1_0_V,1,873,2
head_1_0_V,1,872,2
head_1_0_V,1,871,1
head_1_0_V,1,870,1
head_1_0_V,1,869,1
head_1_0_V,1,868,2
head_1_0_V,1,866,1
head_1_0_V,1,865,3
head_1_0_V,1,864,1
head_1_0_V,1,863,3
head_1_0_V,1,862,3
head_1_0_V,1,861,1
head_1_0_V,1,860,1
head_1_0_V,1,859,1
head_1_0_V,1,858,4
head_1_0_V,1,857,2
head_1_0_V,1,855,3
head_1_0_V,1,854,1
head_1_0_V,1,853,1
head_1_0_V,1,852,1
head_1_0_V,1,850,2
head_1_0_V,1,848,3
head_1_0_V,1,847,1
head_1_0_V,1,846,1
head_1_0_V,1,845,1
head_1_0_V,1,844,4
head_1_0_V,1,843,1
head_1_0_V,1,842,1
head_1_0_V,1,841,1
head_1_0_V,1,840,2
head_1_0_V,1,839,1
head_1_0_V,1,838,2
head_1_0_V,1,837,2
head_1_0_V,1,836,3
head_1_0_V,1,833,1
head_1_0_V,1,832,2
head_1_0_V,1,831,3
head_1_0_V,1,830,2
head_1_0_V,1,829,2
head_1_0_V,1,828,2
head_1_0_V,1,827,2
head_1_0_V,1,825,3
head_1_0_V,1,824,1
head_1_0_V,1,823,2
head_1_0_V,1,822,2
head_1_0_V,1,821,2
head_1_0_V,1,820,1
head_1_0_V,1,819,1
head_1_0_V,1,818,2
head_1_0_V,1,816,3
head_1_0_V,1,814,1
head_1_0_V,1,812,3
head_1_0_V,1,811,2
head_1_0_V,1,810,1
head_1_0_V,1,809,1
head_1_0_V,1,808,2
head_1_0_V,1,806,1
head_1_0_V,1,805,7
head_1_0_V,1,803,1
head_1_0_V,1,801,3
head_1_0_V,1,800,2
head_1_0_V,1,798,3
head_1_0_V,1,797,3
head_1_0_V,1,795,5
head_1_0_V,1,793,1
head_1_0_V,1,792,3
head_1_0_V,1,791,3
head_1_0_V,1,790,5
head_1_0_V,1,789,2
head_1_0_V,1,788,1
head_1_0_V,1,787,2
head_1_0_V,1,786,4
head_1_0_V,1,785,2
head_1_0_V,1,784,3
head_1_0_V,1,783,2
head_1_0_V,1,782,1
head_1_0_V,1,781,4
head_1_0_V,1,780,3
head_1_0_V,1,779,2
head_1_0_V,1,778,1
head_1_0_V,1,777,4
head_1_0_V,1,776,4
head_1_0_V,1,775,3
head_1_0_V,1,774,1
head_1_0_V,1,773,1
head_1_0_V,1,772,1
head_1_0_V,1,771,2
head_1_0_V,1,769,1
head_1_0_V,1,768,2
head_1_0_V,1,767,4
head_1_0_V,1,766,3
head_1_0_V,1,765,4
head_1_0_V,1,764,2
head_1_0_V,1,763,1
head_1_0_V,1,762,2
head_1_0_V,1,760,2
head_1_0_V,1,759,1
head_1_0_V,1,758,4
head_1_0_V,1,757,2
head_1_0_V,1,756,4
head_1_0_V,1,755,1
head_1_0_V,1,754,1
head_1_0_V,1,753,2
head_1_0_V,1,751,2
head_1_0_V,1,750,2
head_1_0_V,1,748,1
head_1_0_V,1,747,2
head_1_0_V,1,746,3
head_1_0_V,1,745,1
head_1_0_V,1,744,2
head_1_0_V,1,743,2
head_1_0_V,1,742,5
head_1_0_V,1,741,4
head_1_0_V,1,740,2
head_1_0_V,1,739,4
head_1_0_V,1,738,2
head_1_0_V,1,737,2
head_1_0_V,1,736,5
head_1_0_V,1,735,2
head_1_0_V,1,734,3
head_1_0_V,1,733,1
head_1_0_V,1,732,3
head_1_0_V,1,731,2
head_1_0_V,1,730,1
head_1_0_V,1,728,4
head_1_0_V,1,727,3
head_1_0_V,1,726,1
head_1_0_V,1,725,3
head_1_0_V,1,724,5
head_1_0_V,1,723,2
head_1_0_V,1,722,4
head_1_0_V,1,721,3
head_1_0_V,1,720,4
head_1_0_V,1,719,5
head_1_0_V,1,718,1
head_1_0_V,1,717,5
head_1_0_V,1,716,3
head_1_0_V,1,715,6
head_1_0_V,1,714,3
head_1_0_V,1,713,3
head_1_0_V,1,712,6
head_1_0_V,1,711,1
head_1_0_V,1,710,2
head_1_0_V,1,709,4
head_1_0_V,1,708,1
head_1_0_V,1,707,3
head_1_0_V,1,706,1
head_1_0_V,1,705,4
head_1_0_V,1,704,4
head_1_0_V,1,703,4
head_1_0_V,1,702,2
head_1_0_V,1,701,2
head_1_0_V,1,700,1
head_1_0_V,1,699,3
head_1_0_V,1,698,3
head_1_0_V,1,697,5
head_1_0_V,1,696,4
head_1_0_V,1,695,6
head_1_0_V,1,694,1
head_1_0_V,1,692,2
head_1_0_V,1,691,3
head_1_0_V,1,690,1
head_1_0_V,1,689,4
head_1_0_V,1,688,2
head_1_0_V,1,687,4
head_1_0_V,1,686,1
head_1_0_V,1,685,4
head_1_0_V,1,684,3
head_1_0_V,1,683,4
head_1_0_V,1,682,4
head_1_0_V,1,681,3
head_1_0_V,1,680,1
head_1_0_V,1,679,2
head_1_0_V,1,678,3
head_1_0_V,1,677,2
head_1_0_V,1,676,3
head_1_0_V,1,675,2
head_1_0_V,1,674,1
head_1_0_V,1,672,3
head_1_0_V,1,671,3
head_1_0_V,1,670,1
head_1_0_V,1,669,1
head_1_0_V,1,668,4
head_1_0_V,1,667,1
head_1_0_V,1,666,3
head_1_0_V,1,665,4
head_1_0_V,1,664,6
head_1_0_V,1,663,5
head_1_0_V,1,662,2
head_1_0_V,1,661,3
head_1_0_V,1,660,4
head_1_0_V,1,659,3
head_1_0_V,1,658,5
head_1_0_V,1,657,3
head_1_0_V,1,656,2
head_1_0_V,1,655,6
head_1_0_V,1,654,5
head_1_0_V,1,653,2
head_1_0_V,1,652,4
head_1_0_V,1,650,3
head_1_0_V,1,649,3
head_1_0_V,1,648,4
head_1_0_V,1,647,4
head_1_0_V,1,646,1
head_1_0_V,1,645,2
head_1_0_V,1,644,2
head_1_0_V,1,643,6
head_1_0_V,1,642,3
head_1_0_V,1,641,2
head_1_0_V,1,640,4
head_1_0_V,1,639,2
head_1_0_V,1,637,5
head_1_0_V,1,636,2
head_1_0_V,1,635,2
head_1_0_V,1,634,7
head_1_0_V,1,633,5
head_1_0_V,1,632,2
head_1_0_V,1,631,4
head_1_0_V,1,630,4
head_1_0_V,1,629,5
head_1_0_V,1,628,4
head_1_0_V,1,627,6
head_1_0_V,1,626,7
head_1_0_V,1,625,3
head_1_0_V,1,624,3
head_1_0_V,1,623,7
head_1_0_V,1,622,3
head_1_0_V,1,621,4
head_1_0_V,1,620,3
head_1_0_V,1,619,4
head_1_0_V,1,618,5
head_1_0_V,1,617,5
head_1_0_V,1,616,3
head_1_0_V,1,615,3
head_1_0_V,1,614,5
head_1_0_V,1,613,7
head_1_0_V,1,612,7
head_1_0_V,1,611,5
head_1_0_V,1,610,6
head_1_0_V,1,609,4
head_1_0_V,1,608,2
head_1_0_V,1,607,2
head_1_0_V,1,606,8
head_1_0_V,1,605,8
head_1_0_V,1,604,4
head_1_0_V,1,603,5
head_1_0_V,1,602,3
head_1_0_V,1,601,5
head_1_0_V,1,600,3
head_1_0_V,1,599,6
head_1_0_V,1,598,3
head_1_0_V,1,597,9
head_1_0_V,1,596,8
head_1_0_V,1,595,4
head_1_0_V,1,594,4
head_1_0_V,1,593,1
head_1_0_V,1,592,1
head_1_0_V,1,591,4
head_1_0_V,1,590,4
head_1_0_V,1,589,5
head_1_0_V,1,588,2
head_1_0_V,1,587,2
head_1_0_V,1,586,3
head_1_0_V,1,585,6
head_1_0_V,1,584,4
head_1_0_V,1,583,3
head_1_0_V,1,582,8
head_1_0_V,1,581,3
head_1_0_V,1,579,6
head_1_0_V,1,578,6
head_1_0_V,1,577,4
head_1_0_V,1,576,1
head_1_0_V,1,575,6
head_1_0_V,1,574,4
head_1_0_V,1,573,5
head_1_0_V,1,572,3
head_1_0_V,1,571,1
head_1_0_V,1,570,6
head_1_0_V,1,569,6
head_1_0_V,1,568,4
head_1_0_V,1,567,4
head_1_0_V,1,566,6
head_1_0_V,1,565,2
head_1_0_V,1,564,9
head_1_0_V,1,563,5
head_1_0_V,1,562,6
head_1_0_V,1,561,5
head_1_0_V,1,560,8
head_1_0_V,1,559,7
head_1_0_V,1,558,11
head_1_0_V,1,557,4
head_1_0_V,1,556,8
head_1_0_V,1,555,9
head_1_0_V,1,554,3
head_1_0_V,1,553,9
head_1_0_V,1,552,5
head_1_0_V,1,551,4
head_1_0_V,1,550,8
head_1_0_V,1,549,2
head_1_0_V,1,548,4
head_1_0_V,1,547,9
head_1_0_V,1,546,6
head_1_0_V,1,545,1
head_1_0_V,1,544,4
head_1_0_V,1,543,3
head_1_0_V,1,542,4
head_1_0_V,1,541,7
head_1_0_V,1,540,7
head_1_0_V,1,539,8
head_1_0_V,1,538,8
head_1_0_V,1,537,7
head_1_0_V,1,536,4
head_1_0_V,1,535,6
head_1_0_V,1,534,6
head_1_0_V,1,533,9
head_1_0_V,1,532,9
head_1_0_V,1,531,8
head_1_0_V,1,530,7
head_1_0_V,1,529,3
head_1_0_V,1,528,6
head_1_0_V,1,527,4
head_1_0_V,1,526,5
head_1_0_V,1,525,7
head_1_0_V,1,524,3
head_1_0_V,1,523,8
head_1_0_V,1,522,9
head_1_0_V,1,521,8
head_1_0_V,1,520,9
head_1_0_V,1,519,4
head_1_0_V,1,518,6
head_1_0_V,1,517,3
head_1_0_V,1,516,7
head_1_0_V,1,515,6
head_1_0_V,1,514,7
head_1_0_V,1,513,13
head_1_0_V,1,512,7
head_1_0_V,1,511,7
head_1_0_V,1,510,6
head_1_0_V,1,509,5
head_1_0_V,1,508,3
head_1_0_V,1,507,9
head_1_0_V,1,506,5
head_1_0_V,1,505,8
head_1_0_V,1,504,6
head_1_0_V,1,503,3
head_1_0_V,1,502,6
head_1_0_V,1,501,7
head_1_0_V,1,500,8
head_1_0_V,1,499,9
head_1_0_V,1,498,5
head_1_0_V,1,497,4
head_1_0_V,1,496,11
head_1_0_V,1,495,10
head_1_0_V,1,494,9
head_1_0_V,1,493,8
head_1_0_V,1,492,12
head_1_0_V,1,491,8
head_1_0_V,1,490,8
head_1_0_V,1,489,3
head_1_0_V,1,488,11
head_1_0_V,1,487,5
head_1_0_V,1,486,11
head_1_0_V,1,485,9
head_1_0_V,1,484,7
head_1_0_V,1,483,12
head_1_0_V,1,482,7
head_1_0_V,1,481,3
head_1_0_V,1,480,5
head_1_0_V,1,479,6
head_1_0_V,1,478,12
head_1_0_V,1,477,4
head_1_0_V,1,476,9
head_1_0_V,1,475,7
head_1_0_V,1,474,9
head_1_0_V,1,473,4
head_1_0_V,1,472,7
head_1_0_V,1,471,5
head_1_0_V,1,470,10
head_1_0_V,1,469,5
head_1_0_V,1,468,12
head_1_0_V,1,467,5
head_1_0_V,1,466,4
head_1_0_V,1,465,11
head_1_0_V,1,464,9
head_1_0_V,1,463,11
head_1_0_V,1,462,12
head_1_0_V,1,461,10
head_1_0_V,1,460,10
head_1_0_V,1,459,10
head_1_0_V,1,458,5
head_1_0_V,1,457,9
head_1_0_V,1,456,13
head_1_0_V,1,455,8
head_1_0_V,1,454,9
head_1_0_V,1,453,2
head_1_0_V,1,452,7
head_1_0_V,1,451,9
head_1_0_V,1,450,7
head_1_0_V,1,449,11
head_1_0_V,1,448,9
head_1_0_V,1,447,12
head_1_0_V,1,446,14
head_1_0_V,1,445,8
head_1_0_V,1,444,13
head_1_0_V,1,443,8
head_1_0_V,1,442,16
head_1_0_V,1,441,7
head_1_0_V,1,440,5
head_1_0_V,1,439,2
head_1_0_V,1,438,5
head_1_0_V,1,437,8
head_1_0_V,1,436,15
head_1_0_V,1,435,13
head_1_0_V,1,434,11
head_1_0_V,1,433,10
head_1_0_V,1,432,4
head_1_0_V,1,431,11
head_1_0_V,1,430,12
head_1_0_V,1,429,7
head_1_0_V,1,428,7
head_1_0_V,1,427,14
head_1_0_V,1,426,12
head_1_0_V,1,425,10
head_1_0_V,1,424,9
head_1_0_V,1,423,18
head_1_0_V,1,422,14
head_1_0_V,1,421,7
head_1_0_V,1,420,17
head_1_0_V,1,419,13
head_1_0_V,1,418,12
head_1_0_V,1,417,17
head_1_0_V,1,416,5
head_1_0_V,1,415,8
head_1_0_V,1,414,19
head_1_0_V,1,413,11
head_1_0_V,1,412,10
head_1_0_V,1,411,16
head_1_0_V,1,410,14
head_1_0_V,1,409,9
head_1_0_V,1,408,14
head_1_0_V,1,407,7
head_1_0_V,1,406,11
head_1_0_V,1,405,5
head_1_0_V,1,404,12
head_1_0_V,1,403,10
head_1_0_V,1,402,16
head_1_0_V,1,401,13
head_1_0_V,1,400,13
head_1_0_V,1,399,16
head_1_0_V,1,398,6
head_1_0_V,1,397,11
head_1_0_V,1,396,10
head_1_0_V,1,395,6
head_1_0_V,1,394,11
head_1_0_V,1,393,8
head_1_0_V,1,392,9
head_1_0_V,1,391,12
head_1_0_V,1,390,13
head_1_0_V,1,389,10
head_1_0_V,1,388,13
head_1_0_V,1,387,18
head_1_0_V,1,386,15
head_1_0_V,1,385,17
head_1_0_V,1,384,10
head_1_0_V,1,383,10
head_1_0_V,1,382,15
head_1_0_V,1,381,10
head_1_0_V,1,380,15
head_1_0_V,1,379,16
head_1_0_V,1,378,18
head_1_0_V,1,377,10
head_1_0_V,1,376,12
head_1_0_V,1,375,12
head_1_0_V,1,374,11
head_1_0_V,1,373,17
head_1_0_V,1,372,9
head_1_0_V,1,371,9
head_1_0_V,1,370,10
head_1_0_V,1,369,12
head_1_0_V,1,368,12
head_1_0_V,1,367,15
head_1_0_V,1,366,17
head_1_0_V,1,365,14
head_1_0_V,1,364,9
head_1_0_V,1,363,13
head_1_0_V,1,362,11
head_1_0_V,1,361,22
head_1_0_V,1,360,19
head_1_0_V,1,359,15
head_1_0_V,1,358,6
head_1_0_V,1,357,11
head_1_0_V,1,356,17
head_1_0_V,1,355,16
head_1_0_V,1,354,20
head_1_0_V,1,353,9
head_1_0_V,1,352,13
head_1_0_V,1,351,16
head_1_0_V,1,350,18
head_1_0_V,1,349,17
head_1_0_V,1,348,19
head_1_0_V,1,347,16
head_1_0_V,1,346,14
head_1_0_V,1,345,11
head_1_0_V,1,344,10
head_1_0_V,1,343,17
head_1_0_V,1,342,9
head_1_0_V,1,341,20
head_1_0_V,1,340,10
head_1_0_V,1,339,14
head_1_0_V,1,338,24
head_1_0_V,1,337,17
head_1_0_V,1,336,15
head_1_0_V,1,335,13
head_1_0_V,1,334,22
head_1_0_V,1,333,25
head_1_0_V,1,332,14
head_1_0_V,1,331,18
head_1_0_V,1,330,18
head_1_0_V,1,329,16
head_1_0_V,1,328,17
head_1_0_V,1,327,18
head_1_0_V,1,326,21
head_1_0_V,1,325,20
head_1_0_V,1,324,15
head_1_0_V,1,323,15
head_1_0_V,1,322,26
head_1_0_V,1,321,16
head_1_0_V,1,320,26
head_1_0_V,1,319,24
head_1_0_V,1,318,14
head_1_0_V,1,317,16
head_1_0_V,1,316,15
head_1_0_V,1,315,23
head_1_0_V,1,314,27
head_1_0_V,1,313,17
head_1_0_V,1,312,19
head_1_0_V,1,311,16
head_1_0_V,1,310,24
head_1_0_V,1,309,17
head_1_0_V,1,308,18
head_1_0_V,1,307,28
head_1_0_V,1,306,32
head_1_0_V,1,305,22
head_1_0_V,1,304,19
head_1_0_V,1,303,22
head_1_0_V,1,302,26
head_1_0_V,1,301,33
head_1_0_V,1,300,30
head_1_0_V,1,299,32
head_1_0_V,1,298,24
head_1_0_V,1,297,17
head_1_0_V,1,296,29
head_1_0_V,1,295,31
head_1_0_V,1,294,24
head_1_0_V,1,293,19
head_1_0_V,1,292,18
head_1_0_V,1,291,26
head_1_0_V,1,290,25
head_1_0_V,1,289,28
head_1_0_V,1,288,23
head_1_0_V,1,287,25
head_1_0_V,1,286,18
head_1_0_V,1,285,20
head_1_0_V,1,284,31
head_1_0_V,1,283,27
head_1_0_V,1,282,37
head_1_0_V,1,281,20
head_1_0_V,1,280,32
head_1_0_V,1,279,27
head_1_0_V,1,278,27
head_1_0_V,1,277,23
head_1_0_V,1,276,21
head_1_0_V,1,275,25
head_1_0_V,1,274,32
head_1_0_V,1,273,27
head_1_0_V,1,272,35
head_1_0_V,1,271,30
head_1_0_V,1,270,27
head_1_0_V,1,269,33
head_1_0_V,1,268,28
head_1_0_V,1,267,29
head_1_0_V,1,266,30
head_1_0_V,1,265,34
head_1_0_V,1,264,26
head_1_0_V,1,263,24
head_1_0_V,1,262,26
head_1_0_V,1,261,36
head_1_0_V,1,260,34
head_1_0_V,1,259,27
head_1_0_V,1,258,37
head_1_0_V,1,257,36
head_1_0_V,1,256,26
head_1_0_V,1,255,33
head_1_0_V,1,254,27
head_1_0_V,1,253,20
head_1_0_V,1,252,38
head_1_0_V,1,251,39
head_1_0_V,1,250,29
head_1_0_V,1,249,32
head_1_0_V,1,248,39
head_1_0_V,1,247,43
head_1_0_V,1,246,34
head_1_0_V,1,245,41
head_1_0_V,1,244,48
head_1_0_V,1,243,35
head_1_0_V,1,242,40
head_1_0_V,1,241,37
head_1_0_V,1,240,40
head_1_0_V,1,239,41
head_1_0_V,1,238,34
head_1_0_V,1,237,38
head_1_0_V,1,236,33
head_1_0_V,1,235,38
head_1_0_V,1,234,37
head_1_0_V,1,233,38
head_1_0_V,1,232,49
head_1_0_V,1,231,44
head_1_0_V,1,230,42
head_1_0_V,1,229,34
head_1_0_V,1,228,46
head_1_0_V,1,227,52
head_1_0_V,1,226,34
head_1_0_V,1,225,42
head_1_0_V,1,224,46
head_1_0_V,1,223,33
head_1_0_V,1,222,39
head_1_0_V,1,221,48
head_1_0_V,1,220,49
head_1_0_V,1,219,44
head_1_0_V,1,218,41
head_1_0_V,1,217,35
head_1_0_V,1,216,47
head_1_0_V,1,215,34
head_1_0_V,1,214,48
head_1_0_V,1,213,50
head_1_0_V,1,212,43
head_1_0_V,1,211,51
head_1_0_V,1,210,53
head_1_0_V,1,209,40
head_1_0_V,1,208,51
head_1_0_V,1,207,41
head_1_0_V,1,206,49
head_1_0_V,1,205,48
head_1_0_V,1,204,53
head_1_0_V,1,203,46
head_1_0_V,1,202,38
head_1_0_V,1,201,41
head_1_0_V,1,200,56
head_1_0_V,1,199,58
head_1_0_V,1,198,47
head_1_0_V,1,197,55
head_1_0_V,1,196,52
head_1_0_V,1,195,64
head_1_0_V,1,194,48
head_1_0_V,1,193,49
head_1_0_V,1,192,55
head_1_0_V,1,191,52
head_1_0_V,1,190,62
head_1_0_V,1,189,61
head_1_0_V,1,188,40
head_1_0_V,1,187,53
head_1_0_V,1,186,49
head_1_0_V,1,185,55
head_1_0_V,1,184,50
head_1_0_V,1,183,49
head_1_0_V,1,182,62
head_1_0_V,1,181,57
head_1_0_V,1,180,72
head_1_0_V,1,179,69
head_1_0_V,1,178,62
head_1_0_V,1,177,55
head_1_0_V,1,176,62
head_1_0_V,1,175,51
head_1_0_V,1,174,54
head_1_0_V,1,173,50
head_1_0_V,1,172,63
head_1_0_V,1,171,66
head_1_0_V,1,170,65
head_1_0_V,1,169,61
head_1_0_V,1,168,68
head_1_0_V,1,167,60
head_1_0_V,1,166,73
head_1_0_V,1,165,67
head_1_0_V,1,164,67
head_1_0_V,1,163,61
head_1_0_V,1,162,69
head_1_0_V,1,161,82
head_1_0_V,1,160,73
head_1_0_V,1,159,68
head_1_0_V,1,158,56
head_1_0_V,1,157,73
head_1_0_V,1,156,86
head_1_0_V,1,155,79
head_1_0_V,1,154,91
head_1_0_V,1,153,68
head_1_0_V,1,152,75
head_1_0_V,1,151,66
head_1_0_V,1,150,90
head_1_0_V,1,149,81
head_1_0_V,1,148,76
head_1_0_V,1,147,107
head_1_0_V,1,146,76
head_1_0_V,1,145,91
head_1_0_V,1,144,72
head_1_0_V,1,143,83
head_1_0_V,1,142,85
head_1_0_V,1,141,90
head_1_0_V,1,140,89
head_1_0_V,1,139,85
head_1_0_V,1,138,93
head_1_0_V,1,137,87
head_1_0_V,1,136,84
head_1_0_V,1,135,92
head_1_0_V,1,134,108
head_1_0_V,1,133,108
head_1_0_V,1,132,99
head_1_0_V,1,131,112
head_1_0_V,1,130,100
head_1_0_V,1,129,111
head_1_0_V,1,128,95
head_1_0_V,1,127,101
head_1_0_V,1,126,85
head_1_0_V,1,125,93
head_1_0_V,1,124,120
head_1_0_V,1,123,110
head_1_0_V,1,122,114
head_1_0_V,1,121,122
head_1_0_V,1,120,119
head_1_0_V,1,119,98
head_1_0_V,1,118,114
head_1_0_V,1,117,121
head_1_0_V,1,116,117
head_1_0_V,1,115,94
head_1_0_V,1,114,143
head_1_0_V,1,113,124
head_1_0_V,1,112,126
head_1_0_V,1,111,127
head_1_0_V,1,110,129
head_1_0_V,1,109,130
head_1_0_V,1,108,123
head_1_0_V,1,107,125
head_1_0_V,1,106,138
head_1_0_V,1,105,123
head_1_0_V,1,104,154
head_1_0_V,1,103,133
head_1_0_V,1,102,146
head_1_0_V,1,101,159
head_1_0_V,1,100,139
head_1_0_V,1,99,144
head_1_0_V,1,98,158
head_1_0_V,1,97,167
head_1_0_V,1,96,157
head_1_0_V,1,95,154
head_1_0_V,1,94,157
head_1_0_V,1,93,166
head_1_0_V,1,92,180
head_1_0_V,1,91,147
head_1_0_V,1,90,177
head_1_0_V,1,89,155
head_1_0_V,1,88,165
head_1_0_V,1,87,196
head_1_0_V,1,86,167
head_1_0_V,1,85,198
head_1_0_V,1,84,183
head_1_0_V,1,83,182
head_1_0_V,1,82,175
head_1_0_V,1,81,190
head_1_0_V,1,80,184
head_1_0_V,1,79,191
head_1_0_V,1,78,205
head_1_0_V,1,77,198
head_1_0_V,1,76,186
head_1_0_V,1,75,203
head_1_0_V,1,74,213
head_1_0_V,1,73,230
head_1_0_V,1,72,205
head_1_0_V,1,71,185
head_1_0_V,1,70,209
head_1_0_V,1,69,219
head_1_0_V,1,68,216
head_1_0_V,1,67,249
head_1_0_V,1,66,252
head_1_0_V,1,65,228
head_1_0_V,1,64,229
head_1_0_V,1,63,257
head_1_0_V,1,62,246
head_1_0_V,1,61,241
head_1_0_V,1,60,276
head_1_0_V,1,59,281
head_1_0_V,1,58,283
head_1_0_V,1,57,270
head_1_0_V,1,56,277
head_1_0_V,1,55,268
head_1_0_V,1,54,290
head_1_0_V,1,53,288
head_1_0_V,1,52,265
head_1_0_V,1,51,312
head_1_0_V,1,50,278
head_1_0_V,1,49,322
head_1_0_V,1,48,304
head_1_0_V,1,47,334
head_1_0_V,1,46,333
head_1_0_V,1,45,330
head_1_0_V,1,44,342
head_1_0_V,1,43,333
head_1_0_V,1,42,319
head_1_0_V,1,41,353
head_1_0_V,1,40,353
head_1_0_V,1,39,380
head_1_0_V,1,38,356
head_1_0_V,1,37,351
head_1_0_V,1,36,392
head_1_0_V,1,35,384
head_1_0_V,1,34,416
head_1_0_V,1,33,443
head_1_0_V,1,32,410
head_1_0_V,1,31,400
head_1_0_V,1,30,429
head_1_0_V,1,29,419
head_1_0_V,1,28,455
head_1_0_V,1,27,425
head_1_0_V,1,26,436
head_1_0_V,1,25,451
head_1_0_V,1,24,489
head_1_0_V,1,23,465
head_1_0_V,1,22,508
head_1_0_V,1,21,510
head_1_0_V,1,20,477
head_1_0_V,1,19,524
head_1_0_V,1,18,484
head_1_0_V,1,17,508
head_1_0_V,1,16,535
head_1_0_V,1,15,557
head_1_0_V,1,14,552
head_1_0_V,1,13,523
head_1_0_V,1,12,549
head_1_0_V,1,11,571
head_1_0_V,1,10,554
head_1_0_V,1,9,572
head_1_0_V,1,8,595
head_1_0_V,1,7,585
head_1_0_V,1,6,526
head_1_0_V,1,5,548
head_1_0_V,1,4,533
head_1_0_V,1,3,492
head_1_0_V,1,2,408
head_1_0_V,1,1,314
head_1_0_V,1,0,16513
head_1_0_V,2,11664,1
head_1_0_V,2,10775,1
head_1_0_V,2,10574,1
head_1_0_V,2,9855,1
head_1_0_V,2,9174,1
head_1_0_V,2,9077,1
head_1_0_V,2,7965,1
head_1_0_V,2,7328,1
head_1_0_V,2,7108,1
head_1_0_V,2,6583,1
head_1_0_V,2,6555,1
head_1_0_V,2,6530,1
head_1_0_V,2,6251,1
head_1_0_V,2,5915,1
head_1_0_V,2,5904,1
head_1_0_V,2,5727,1
head_1_0_V,2,5703,1
head_1_0_V,2,5682,1
head_1_0_V,2,5592,1
head_1_0_V,2,5547,1
head_1_0_V,2,5451,1
head_1_0_V,2,5423,1
head_1_0_V,2,5241,1
head_1_0_V,2,5072,1
head_1_0_V,2,4992,1
head_1_0_V,2,4914,1
head_1_0_V,2,4788,1
head_1_0_V,2,4768,1
head_1_0_V,2,4745,1
head_1_0_V,2,4731,1
head_1_0_V,2,4714,1
head_1_0_V,2,4683,1
head_1_0_V,2,4660,1
head_1_0_V,2,4556,1
head_1_0_V,2,4551,2
head_1_0_V,2,4531,1
head_1_0_V,2,4405,1
head_1_0_V,2,4366,1
head_1_0_V,2,4354,1
head_1_0_V,2,4310,1
head_1_0_V,2,4294,1
head_1_0_V,2,4285,1
head_1_0_V,2,4268,1
head_1_0_V,2,4251,1
head_1_0_V,2,4247,1
head_1_0_V,2,4216,1
head_1_0_V,2,4174,1
head_1_0_V,2,4151,1
head_1_0_V,2,4121,1
head_1_0_V,2,4110,1
head_1_0_V,2,4077,1
head_1_0_V,2,4055,1
head_1_0_V,2,4054,1
head_1_0_V,2,4024,1
head_1_0_V,2,4020,1
head_1_0_V,2,3993,1
head_1_0_V,2,3976,1
head_1_0_V,2,3959,1
head_1_0_V,2,3957,1
head_1_0_V,2,3939,1
head_1_0_V,2,3900,1
head_1_0_V,2,3820,1
head_1_0_V,2,3788,1
head_1_0_V,2,3769,1
head_1_0_V,2,3742,1
head_1_0_V,2,3734,1
head_1_0_V,2,3704,1
head_1_0_V,2,3695,1
head_1_0_V,2,3692,1
head_1_0_V,2,3629,1
head_1_0_V,2,3537,1
head_1_0_V,2,3534,1
head_1_0_V,2,3526,1
head_1_0_V,2,3502,1
head_1_0_V,2,3492,1
head_1_0_V,2,3454,1
head_1_0_V,2,3446,1
head_1_0_V,2,3436,1
head_1_0_V,2,3425,1
head_1_0_V,2,3417,1
head_1_0_V,2,3399,1
head_1_0_V,2,3392,1
head_1_0_V,2,3355,1
head_1_0_V,2,3350,1
head_1_0_V,2,3255,1
head_1_0_V,2,3231,1
head_1_0_V,2,3223,1
head_1_0_V,2,3191,2
head_1_0_V,2,3189,1
head_1_0_V,2,3168,1
head_1_0_V,2,3105,1
head_1_0_V,2,3093,1
head_1_0_V,2,3083,1
head_1_0_V,2,3081,1
head_1_0_V,2,3077,1
head_1_0_V,2,3072,1
head_1_0_V,2,3046,1
head_1_0_V,2,3026,1
head_1_0_V,2,3019,1
head_1_0_V,2,3015,1
head_1_0_V,2,3006,1
head_1_0_V,2,2999,1
head_1_0_V,2,2994,1
head_1_0_V,2,2991,1
head_1_0_V,2,2975,2
head_1_0_V,2,2967,1
head_1_0_V,2,2957,1
head_1_0_V,2,2954,1
head_1_0_V,2,2951,1
head_1_0_V,2,2949,1
head_1_0_V,2,2945,1
head_1_0_V,2,2944,1
head_1_0_V,2,2932,1
head_1_0_V,2,2912,1
head_1_0_V,2,2896,1
head_1_0_V,2,2877,1
head_1_0_V,2,2873,1
head_1_0_V,2,2863,2
head_1_0_V,2,2861,1
head_1_0_V,2,2859,1
head_1_0_V,2,2829,1
head_1_0_V,2,2821,1
head_1_0_V,2,2815,1
head_1_0_V,2,2808,1
head_1_0_V,2,2775,1
head_1_0_V,2,2770,1
head_1_0_V,2,2767,1
head_1_0_V,2,2756,1
head_1_0_V,2,2747,1
head_1_0_V,2,2738,1
head_1_0_V,2,2725,1
head_1_0_V,2,2707,2
head_1_0_V,2,2697,2
head_1_0_V,2,2693,1
head_1_0_V,2,2676,1
head_1_0_V,2,2675,1
head_1_0_V,2,2666,1
head_1_0_V,2,2665,1
head_1_0_V,2,2661,1
head_1_0_V,2,2658,1
head_1_0_V,2,2657,1
head_1_0_V,2,2655,1
head_1_0_V,2,2626,1
head_1_0_V,2,2621,1
head_1_0_V,2,2604,2
head_1_0_V,2,2601,1
head_1_0_V,2,2592,1
head_1_0_V,2,2588,1
head_1_0_V,2,2571,1
head_1_0_V,2,2569,1
head_1_0_V,2,2568,1
head_1_0_V,2,2561,1
head_1_0_V,2,2556,1
head_1_0_V,2,2546,1
head_1_0_V,2,2534,1
head_1_0_V,2,2527,1
head_1_0_V,2,2518,1
head_1_0_V,2,2515,1
head_1_0_V,2,2514,1
head_1_0_V,2,2509,1
head_1_0_V,2,2500,1
head_1_0_V,2,2490,1
head_1_0_V,2,2481,1
head_1_0_V,2,2471,1
head_1_0_V,2,2465,1
head_1_0_V,2,2459,2
head_1_0_V,2,2452,1
head_1_0_V,2,2444,1
head_1_0_V,2,2425,1
head_1_0_V,2,2422,1
head_1_0_V,2,2413,1
head_1_0_V,2,2399,1
head_1_0_V,2,2390,1
head_1_0_V,2,2377,2
head_1_0_V,2,2369,1
head_1_0_V,2,2363,1
head_1_0_V,2,2360,1
head_1_0_V,2,2358,1
head_1_0_V,2,2355,1
head_1_0_V,2,2354,1
head_1_0_V,2,2322,1
head_1_0_V,2,2320,1
head_1_0_V,2,2314,1
head_1_0_V,2,2308,1
head_1_0_V,2,2302,1
head_1_0_V,2,2282,1
head_1_0_V,2,2281,1
head_1_0_V,2,2276,1
head_1_0_V,2,2268,1
head_1_0_V,2,2260,1
head_1_0_V,2,2259,1
head_1_0_V,2,2253,1
head_1_0_V,2,2243,2
head_1_0_V,2,2241,1
head_1_0_V,2,2235,1
head_1_0_V,2,2234,1
head_1_0_V,2,2224,1
head_1_0_V,2,2219,1
head_1_0_V,2,2218,1
head_1_0_V,2,2217,1
head_1_0_V,2,2214,1
head_1_0_V,2,2209,1
head_1_0_V,2,2208,1
head_1_0_V,2,2205,1
head_1_0_V,2,2204,1
head_1_0_V,2,2202,3
head_1_0_V,2,2201,1
head_1_0_V,2,2200,1
head_1_0_V,2,2190,1
head_1_0_V,2,2186,1
head_1_0_V,2,2180,2
head_1_0_V,2,2178,1
head_1_0_V,2,2175,1
head_1_0_V,2,2174,1
head_1_0_V,2,2171,1
head_1_0_V,2,2169,1
head_1_0_V,2,2167,1
head_1_0_V,2,2158,2
head_1_0_V,2,2153,1
head_1_0_V,2,2152,1
head_1_0_V,2,2149,1
head_1_0_V,2,2148,1
head_1_0_V,2,2142,1
head_1_0_V,2,2141,1
head_1_0_V,2,2139,1
head_1_0_V,2,2135,1
head_1_0_V,2,2134,1
head_1_0_V,2,2112,1
head_1_0_V,2,2109,1
head_1_0_V,2,2101,1
head_1_0_V,2,2096,1
head_1_0_V,2,2094,1
head_1_0_V,2,2090,1
head_1_0_V,2,2089,1
head_1_0_V,2,2088,2
head_1_0_V,2,2086,1
head_1_0_V,2,2084,1
head_1_0_V,2,2082,1
head_1_0_V,2,2076,1
head_1_0_V,2,2074,1
head_1_0_V,2,2069,1
head_1_0_V,2,2068,1
head_1_0_V,2,2066,1
head_1_0_V,2,2063,1
head_1_0_V,2,2062,1
head_1_0_V,2,2059,1
head_1_0_V,2,2058,1
head_1_0_V,2,2057,1
head_1_0_V,2,2055,2
head_1_0_V,2,2045,2
head_1_0_V,2,2043,1
head_1_0_V,2,2042,1
head_1_0_V,2,2041,1
head_1_0_V,2,2040,1
head_1_0_V,2,2025,1
head_1_0_V,2,2023,1
head_1_0_V,2,2021,1
head_1_0_V,2,2015,1
head_1_0_V,2,2010,1
head_1_0_V,2,2005,2
head_1_0_V,2,2003,1
head_1_0_V,2,1991,1
head_1_0_V,2,1984,1
head_1_0_V,2,1978,1
head_1_0_V,2,1977,1
head_1_0_V,2,1974,1
head_1_0_V,2,1969,1
head_1_0_V,2,1964,1
head_1_0_V,2,1956,1
head_1_0_V,2,1947,1
head_1_0_V,2,1944,2
head_1_0_V,2,1939,2
head_1_0_V,2,1933,1
head_1_0_V,2,1928,2
head_1_0_V,2,1923,1
head_1_0_V,2,1920,2
head_1_0_V,2,1917,1
head_1_0_V,2,1916,1
head_1_0_V,2,1914,1
head_1_0_V,2,1909,1
head_1_0_V,2,1908,1
head_1_0_V,2,1904,1
head_1_0_V,2,1900,1
head_1_0_V,2,1897,1
head_1_0_V,2,1892,2
head_1_0_V,2,1885,1
head_1_0_V,2,1884,2
head_1_0_V,2,1882,1
head_1_0_V,2,1873,1
head_1_0_V,2,1870,1
head_1_0_V,2,1856,1
head_1_0_V,2,1849,1
head_1_0_V,2,1847,1
head_1_0_V,2,1839,1
head_1_0_V,2,1838,1
head_1_0_V,2,1836,2
head_1_0_V,2,1835,1
head_1_0_V,2,1833,1
head_1_0_V,2,1830,1
head_1_0_V,2,1828,1
head_1_0_V,2,1825,1
head_1_0_V,2,1822,1
head_1_0_V,2,1818,1
head_1_0_V,2,1815,2
head_1_0_V,2,1812,1
head_1_0_V,2,1810,1
head_1_0_V,2,1808,1
head_1_0_V,2,1807,1
head_1_0_V,2,1803,2
head_1_0_V,2,1801,1
head_1_0_V,2,1798,1
head_1_0_V,2,1797,1
head_1_0_V,2,1795,2
head_1_0_V,2,1792,1
head_1_0_V,2,1790,1
head_1_0_V,2,1787,1
head_1_0_V,2,1786,1
head_1_0_V,2,1785,1
head_1_0_V,2,1776,1
head_1_0_V,2,1769,1
head_1_0_V,2,1767,1
head_1_0_V,2,1764,1
head_1_0_V,2,1763,1
head_1_0_V,2,1758,1
head_1_0_V,2,1756,1
head_1_0_V,2,1754,1
head_1_0_V,2,1753,1
head_1_0_V,2,1749,1
head_1_0_V,2,1747,1
head_1_0_V,2,1740,1
head_1_0_V,2,1739,1
head_1_0_V,2,1736,1
head_1_0_V,2,1733,1
head_1_0_V,2,1731,1
head_1_0_V,2,1724,1
head_1_0_V,2,1716,1
head_1_0_V,2,1715,3
head_1_0_V,2,1714,1
head_1_0_V,2,1713,1
head_1_0_V,2,1712,1
head_1_0_V,2,1710,2
head_1_0_V,2,1706,1
head_1_0_V,2,1705,1
head_1_0_V,2,1704,1
head_1_0_V,2,1702,1
head_1_0_V,2,1698,1
head_1_0_V,2,1690,2
head_1_0_V,2,1688,1
head_1_0_V,2,1683,1
head_1_0_V,2,1681,1
head_1_0_V,2,1678,1
head_1_0_V,2,1677,1
head_1_0_V,2,1675,2
head_1_0_V,2,1674,1
head_1_0_V,2,1673,2
head_1_0_V,2,1672,1
head_1_0_V,2,1671,1
head_1_0_V,2,1670,2
head_1_0_V,2,1668,2
head_1_0_V,2,1667,1
head_1_0_V,2,1666,1
head_1_0_V,2,1659,1
head_1_0_V,2,1658,2
head_1_0_V,2,1653,1
head_1_0_V,2,1651,1
head_1_0_V,2,1650,2
head_1_0_V,2,1643,3
head_1_0_V,2,1641,1
head_1_0_V,2,1635,1
head_1_0_V,2,1633,1
head_1_0_V,2,1631,1
head_1_0_V,2,1623,1
head_1_0_V,2,1621,1
head_1_0_V,2,1620,1
head_1_0_V,2,1618,2
head_1_0_V,2,1616,1
head_1_0_V,2,1608,1
head_1_0_V,2,1607,1
head_1_0_V,2,1606,1
head_1_0_V,2,1605,2
head_1_0_V,2,1597,1
head_1_0_V,2,1596,1
head_1_0_V,2,1592,2
head_1_0_V,2,1590,1
head_1_0_V,2,1588,2
head_1_0_V,2,1585,1
head_1_0_V,2,1583,1
head_1_0_V,2,1582,1
head_1_0_V,2,1580,1
head_1_0_V,2,1576,1
head_1_0_V,2,1574,3
head_1_0_V,2,1571,1
head_1_0_V,2,1570,3
head_1_0_V,2,1568,1
head_1_0_V,2,1567,1
head_1_0_V,2,1565,1
head_1_0_V,2,1564,1
head_1_0_V,2,1558,1
head_1_0_V,2,1557,1
head_1_0_V,2,1556,1
head_1_0_V,2,1551,1
head_1_0_V,2,1549,2
head_1_0_V,2,1547,1
head_1_0_V,2,1546,2
head_1_0_V,2,1545,1
head_1_0_V,2,1542,1
head_1_0_V,2,1540,1
head_1_0_V,2,1538,1
head_1_0_V,2,1537,1
head_1_0_V,2,1536,1
head_1_0_V,2,1535,1
head_1_0_V,2,1533,2
head_1_0_V,2,1531,1
head_1_0_V,2,1529,2
head_1_0_V,2,1526,1
head_1_0_V,2,1525,2
head_1_0_V,2,1524,1
head_1_0_V,2,1522,1
head_1_0_V,2,1521,2
head_1_0_V,2,1520,1
head_1_0_V,2,1519,2
head_1_0_V,2,1518,1
head_1_0_V,2,1509,1
head_1_0_V,2,1508,2
head_1_0_V,2,1507,1
head_1_0_V,2,1502,1
head_1_0_V,2,1501,1
head_1_0_V,2,1495,1
head_1_0_V,2,1494,1
head_1_0_V,2,1490,1
head_1_0_V,2,1489,2
head_1_0_V,2,1486,2
head_1_0_V,2,1482,2
head_1_0_V,2,1481,3
head_1_0_V,2,1480,1
head_1_0_V,2,1478,1
head_1_0_V,2,1476,1
head_1_0_V,2,1474,1
head_1_0_V,2,1473,1
head_1_0_V,2,1472,1
head_1_0_V,2,1470,3
head_1_0_V,2,1468,1
head_1_0_V,2,1467,2
head_1_0_V,2,1466,1
head_1_0_V,2,1464,1
head_1_0_V,2,1463,2
head_1_0_V,2,1460,2
head_1_0_V,2,1459,1
head_1_0_V,2,1456,1
head_1_0_V,2,1454,1
head_1_0_V,2,1453,2
head_1_0_V,2,1450,1
head_1_0_V,2,1449,1
head_1_0_V,2,1445,2
head_1_0_V,2,1442,2
head_1_0_V,2,1439,1
head_1_0_V,2,1437,1
head_1_0_V,2,1432,1
head_1_0_V,2,1431,1
head_1_0_V,2,1427,2
head_1_0_V,2,1426,2
head_1_0_V,2,1425,1
head_1_0_V,2,1422,1
head_1_0_V,2,1421,1
head_1_0_V,2,1420,2
head_1_0_V,2,1419,1
head_1_0_V,2,1417,1
head_1_0_V,2,1416,2
head_1_0_V,2,1415,2
head_1_0_V,2,1414,1
head_1_0_V,2,1413,2
head_1_0_V,2,1412,1
head_1_0_V,2,1410,2
head_1_0_V,2,1407,1
head_1_0_V,2,1406,1
head_1_0_V,2,1405,1
head_1_0_V,2,1403,1
head_1_0_V,2,1401,1
head_1_0_V,2,1399,1
head_1_0_V,2,1396,1
head_1_0_V,2,1394,1
head_1_0_V,2,1391,1
head_1_0_V,2,1390,1
head_1_0_V,2,1389,1
head_1_0_V,2,1387,1
head_1_0_V,2,1386,2
head_1_0_V,2,1382,1
head_1_0_V,2,1381,1
head_1_0_V,2,1379,3
head_1_0_V,2,1378,1
head_1_0_V,2,1377,1
head_1_0_V,2,1376,1
head_1_0_V,2,1374,1
head_1_0_V,2,1373,1
head_1_0_V,2,1372,2
head_1_0_V,2,1368,2
head_1_0_V,2,1366,1
head_1_0_V,2,1363,1
head_1_0_V,2,1362,2
head_1_0_V,2,1361,1
head_1_0_V,2,1359,1
head_1_0_V,2,1358,1
head_1_0_V,2,1357,1
head_1_0_V,2,1355,1
head_1_0_V,2,1354,2
head_1_0_V,2,1353,3
head_1_0_V,2,1352,1
head_1_0_V,2,1351,2
head_1_0_V,2,1350,2
head_1_0_V,2,1349,2
head_1_0_V,2,1348,1
head_1_0_V,2,1347,1
head_1_0_V,2,1345,1
head_1_0_V,2,1342,1
head_1_0_V,2,1339,1
head_1_0_V,2,1338,2
head_1_0_V,2,1336,2
head_1_0_V,2,1328,1
head_1_0_V,2,1324,1
head_1_0_V,2,1323,2
head_1_0_V,2,1320,2
head_1_0_V,2,1317,2
head_1_0_V,2,1311,1
head_1_0_V,2,1310,1
head_1_0_V,2,1308,1
head_1_0_V,2,1305,2
head_1_0_V,2,1303,2
head_1_0_V,2,1302,1
head_1_0_V,2,1300,2
head_1_0_V,2,1299,1
head_1_0_V,2,1297,1
head_1_0_V,2,1295,1
head_1_0_V,2,1293,1
head_1_0_V,2,1291,2
head_1_0_V,2,1288,2
head_1_0_V,2,1283,1
head_1_0_V,2,1282,3
head_1_0_V,2,1280,3
head_1_0_V,2,1278,2
head_1_0_V,2,1277,2
head_1_0_V,2,1275,1
head_1_0_V,2,1274,1
head_1_0_V,2,1273,2
head_1_0_V,2,1269,1
head_1_0_V,2,1267,1
head_1_0_V,2,1262,3
head_1_0_V,2,1261,1
head_1_0_V,2,1260,1
head_1_0_V,2,1259,4
head_1_0_V,2,1254,1
head_1_0_V,2,1251,1
head_1_0_V,2,1250,2
head_1_0_V,2,1249,2
head_1_0_V,2,1246,1
head_1_0_V,2,1245,2
head_1_0_V,2,1244,2
head_1_0_V,2,1242,1
head_1_0_V,2,1241,1
head_1_0_V,2,1240,1
head_1_0_V,2,1239,2
head_1_0_V,2,1238,2
head_1_0_V,2,1237,2
head_1_0_V,2,1236,2
head_1_0_V,2,1235,1
head_1_0_V,2,1234,1
head_1_0_V,2,1232,1
head_1_0_V,2,1231,1
head_1_0_V,2,1229,1
head_1_0_V,2,1227,3
head_1_0_V,2,1226,1
head_1_0_V,2,1225,1
head_1_0_V,2,1223,2
head_1_0_V,2,1220,1
head_1_0_V,2,1219,3
head_1_0_V,2,1217,3
head_1_0_V,2,1216,2
head_1_0_V,2,1215,3
head_1_0_V,2,1214,1
head_1_0_V,2,1212,1
head_1_0_V,2,1210,2
head_1_0_V,2,1209,2
head_1_0_V,2,1207,1
head_1_0_V,2,1206,3
head_1_0_V,2,1204,1
head_1_0_V,2,1203,1
head_1_0_V,2,1202,1
head_1_0_V,2,1200,1
head_1_0_V,2,1198,2
head_1_0_V,2,1196,2
head_1_0_V,2,1195,1
head_1_0_V,2,1193,2
head_1_0_V,2,1192,2
head_1_0_V,2,1191,3
head_1_0_V,2,1189,3
head_1_0_V,2,1188,1
head_1_0_V,2,1185,1
head_1_0_V,2,1184,1
head_1_0_V,2,1183,5
head_1_0_V,2,1182,1
head_1_0_V,2,1181,1
head_1_0_V,2,1180,1
head_1_0_V,2,1179,1
head_1_0_V,2,1178,1
head_1_0_V,2,1177,3
head_1_0_V,2,1175,1
head_1_0_V,2,1174,1
head_1_0_V,2,1173,1
head_1_0_V,2,1172,1
head_1_0_V,2,1171,1
head_1_0_V,2,1169,4
head_1_0_V,2,1167,1
head_1_0_V,2,1166,1
head_1_0_V,2,1164,1
head_1_0_V,2,1163,2
head_1_0_V,2,1161,2
head_1_0_V,2,1158,1
head_1_0_V,2,1157,1
head_1_0_V,2,1156,1
head_1_0_V,2,1155,1
head_1_0_V,2,1154,2
head_1_0_V,2,1153,1
head_1_0_V,2,1149,2
head_1_0_V,2,1148,2
head_1_0_V,2,1147,2
head_1_0_V,2,1146,3
head_1_0_V,2,1145,1
head_1_0_V,2,1144,3
head_1_0_V,2,1143,1
head_1_0_V,2,1142,1
head_1_0_V,2,1139,4
head_1_0_V,2,1138,3
head_1_0_V,2,1137,1
head_1_0_V,2,1133,1
head_1_0_V,2,1132,2
head_1_0_V,2,1131,2
head_1_0_V,2,1130,2
head_1_0_V,2,1129,1
head_1_0_V,2,1128,1
head_1_0_V,2,1127,2
head_1_0_V,2,1126,2
head_1_0_V,2,1124,1
head_1_0_V,2,1123,1
head_1_0_V,2,1122,1
head_1_0_V,2,1121,2
head_1_0_V,2,1119,1
head_1_0_V,2,1118,1
head_1_0_V,2,1116,1
head_1_0_V,2,1115,2
head_1_0_V,2,1114,2
head_1_0_V,2,1113,5
head_1_0_V,2,1111,1
head_1_0_V,2,1109,2
head_1_0_V,2,1108,2
head_1_0_V,2,1107,1
head_1_0_V,2,1105,1
head_1_0_V,2,1103,1
head_1_0_V,2,1102,3
head_1_0_V,2,1099,3
head_1_0_V,2,1097,1
head_1_0_V,2,1095,3
head_1_0_V,2,1093,3
head_1_0_V,2,1092,1
head_1_0_V,2,1086,1
head_1_0_V,2,1085,2
head_1_0_V,2,1084,3
head_1_0_V,2,1083,1
head_1_0_V,2,1082,3
head_1_0_V,2,1081,1
head_1_0_V,2,1080,1
head_1_0_V,2,1078,2
head_1_0_V,2,1076,2
head_1_0_V,2,1075,1
head_1_0_V,2,1074,3
head_1_0_V,2,1072,2
head_1_0_V,2,1071,2
head_1_0_V,2,1069,2
head_1_0_V,2,1068,2
head_1_0_V,2,1067,1
head_1_0_V,2,1065,2
head_1_0_V,2,1064,1
head_1_0_V,2,1063,3
head_1_0_V,2,1060,3
head_1_0_V,2,1059,2
head_1_0_V,2,1058,2
head_1_0_V,2,1056,1
head_1_0_V,2,1055,1
head_1_0_V,2,1053,2
head_1_0_V,2,1052,3
head_1_0_V,2,1050,1
head_1_0_V,2,1048,1
head_1_0_V,2,1047,1
head_1_0_V,2,1046,2
head_1_0_V,2,1044,1
head_1_0_V,2,1043,1
head_1_0_V,2,1042,1
head_1_0_V,2,1041,1
head_1_0_V,2,1040,1
head_1_0_V,2,1038,2
head_1_0_V,2,1037,1
head_1_0_V,2,1036,1
head_1_0_V,2,1035,1
head_1_0_V,2,1033,3
head_1_0_V,2,1032,1
head_1_0_V,2,1031,2
head_1_0_V,2,1030,1
head_1_0_V,2,1029,1
head_1_0_V,2,1027,2
head_1_0_V,2,1024,1
head_1_0_V,2,1023,1
head_1_0_V,2,1022,2
head_1_0_V,2,1021,2
head_1_0_V,2,1020,1
head_1_0_V,2,1019,2
head_1_0_V,2,1018,1
head_1_0_V,2,1017,1
head_1_0_V,2,1016,1
head_1_0_V,2,1015,1
head_1_0_V,2,1014,1
head_1_0_V,2,1013,2
head_1_0_V,2,1012,1
head_1_0_V,2,1011,3
head_1_0_V,2,1010,1
head_1_0_V,2,1009,4
head_1_0_V,2,1008,2
head_1_0_V,2,1007,1
head_1_0_V,2,1006,1
head_1_0_V,2,1005,4
head_1_0_V,2,1004,1
head_1_0_V,2,1003,2
head_1_0_V,2,1002,1
head_1_0_V,2,1001,1
head_1_0_V,2,1000,2
head_1_0_V,2,999,2
head_1_0_V,2,998,1
head_1_0_V,2,997,4
head_1_0_V,2,996,1
head_1_0_V,2,995,2
head_1_0_V,2,994,2
head_1_0_V,2,992,2
head_1_0_V,2,990,4
head_1_0_V,2,987,4
head_1_0_V,2,986,4
head_1_0_V,2,985,2
head_1_0_V,2,984,1
head_1_0_V,2,983,3
head_1_0_V,2,982,2
head_1_0_V,2,981,4
head_1_0_V,2,980,1
head_1_0_V,2,979,5
head_1_0_V,2,978,1
head_1_0_V,2,977,2
head_1_0_V,2,976,1
head_1_0_V,2,975,2
head_1_0_V,2,974,1
head_1_0_V,2,973,2
head_1_0_V,2,972,2
head_1_0_V,2,971,1
head_1_0_V,2,970,1
head_1_0_V,2,969,2
head_1_0_V,2,968,1
head_1_0_V,2,967,1
head_1_0_V,2,966,3
head_1_0_V,2,965,5
head_1_0_V,2,961,1
head_1_0_V,2,960,3
head_1_0_V,2,959,2
head_1_0_V,2,958,3
head_1_0_V,2,957,1
head_1_0_V,2,956,1
head_1_0_V,2,955,2
head_1_0_V,2,954,1
head_1_0_V,2,953,3
head_1_0_V,2,952,4
head_1_0_V,2,950,1
head_1_0_V,2,949,1
head_1_0_V,2,948,2
head_1_0_V,2,947,2
head_1_0_V,2,945,1
head_1_0_V,2,944,3
head_1_0_V,2,943,4
head_1_0_V,2,942,1
head_1_0_V,2,941,2
head_1_0_V,2,940,3
head_1_0_V,2,939,3
head_1_0_V,2,938,3
head_1_0_V,2,937,3
head_1_0_V,2,936,1
head_1_0_V,2,935,2
head_1_0_V,2,934,3
head_1_0_V,2,933,2
head_1_0_V,2,932,2
head_1_0_V,2,931,4
head_1_0_V,2,930,2
head_1_0_V,2,929,3
head_1_0_V,2,928,2
head_1_0_V,2,927,1
head_1_0_V,2,926,3
head_1_0_V,2,924,4
head_1_0_V,2,923,1
head_1_0_V,2,922,1
head_1_0_V,2,921,3
head_1_0_V,2,920,2
head_1_0_V,2,919,2
head_1_0_V,2,918,1
head_1_0_V,2,917,2
head_1_0_V,2,916,2
head_1_0_V,2,915,2
head_1_0_V,2,914,2
head_1_0_V,2,913,2
head_1_0_V,2,912,3
head_1_0_V,2,911,2
head_1_0_V,2,910,3
head_1_0_V,2,908,1
head_1_0_V,2,907,2
head_1_0_V,2,906,1
head_1_0_V,2,905,2
head_1_0_V,2,904,3
head_1_0_V,2,903,3
head_1_0_V,2,902,3
head_1_0_V,2,901,4
head_1_0_V,2,900,2
head_1_0_V,2,899,3
head_1_0_V,2,898,5
head_1_0_V,2,897,5
head_1_0_V,2,896,4
head_1_0_V,2,895,5
head_1_0_V,2,894,1
head_1_0_V,2,893,1
head_1_0_V,2,892,3
head_1_0_V,2,891,1
head_1_0_V,2,890,2
head_1_0_V,2,889,3
head_1_0_V,2,887,1
head_1_0_V,2,886,2
head_1_0_V,2,885,1
head_1_0_V,2,884,4
head_1_0_V,2,883,2
head_1_0_V,2,882,2
head_1_0_V,2,881,1
head_1_0_V,2,880,2
head_1_0_V,2,879,4
head_1_0_V,2,878,2
head_1_0_V,2,877,2
head_1_0_V,2,876,1
head_1_0_V,2,874,4
head_1_0_V,2,873,4
head_1_0_V,2,871,1
head_1_0_V,2,870,3
head_1_0_V,2,869,1
head_1_0_V,2,868,3
head_1_0_V,2,867,1
head_1_0_V,2,866,1
head_1_0_V,2,865,4
head_1_0_V,2,864,1
head_1_0_V,2,863,3
head_1_0_V,2,862,1
head_1_0_V,2,861,2
head_1_0_V,2,860,3
head_1_0_V,2,858,3
head_1_0_V,2,857,2
head_1_0_V,2,856,4
head_1_0_V,2,855,1
head_1_0_V,2,854,2
head_1_0_V,2,853,2
head_1_0_V,2,852,4
head_1_0_V,2,851,4
head_1_0_V,2,850,4
head_1_0_V,2,849,2
head_1_0_V,2,848,1
head_1_0_V,2,847,1
head_1_0_V,2,846,4
head_1_0_V,2,845,2
head_1_0_V,2,844,2
head_1_0_V,2,843,3
head_1_0_V,2,842,3
head_1_0_V,2,840,6
head_1_0_V,2,839,1
head_1_0_V,2,838,5
head_1_0_V,2,837,1
head_1_0_V,2,836,2
head_1_0_V,2,834,3
head_1_0_V,2,833,3
head_1_0_V,2,832,3
head_1_0_V,2,831,2
head_1_0_V,2,828,2
head_1_0_V,2,827,4
head_1_0_V,2,826,3
head_1_0_V,2,825,3
head_1_0_V,2,823,1
head_1_0_V,2,822,5
head_1_0_V,2,821,3
head_1_0_V,2,820,2
head_1_0_V,2,819,4
head_1_0_V,2,817,1
head_1_0_V,2,816,4
head_1_0_V,2,815,3
head_1_0_V,2,814,4
head_1_0_V,2,812,1
head_1_0_V,2,811,5
head_1_0_V,2,810,1
head_1_0_V,2,809,3
head_1_0_V,2,808,2
head_1_0_V,2,807,4
head_1_0_V,2,806,3
head_1_0_V,2,804,1
head_1_0_V,2,803,3
head_1_0_V,2,802,2
head_1_0_V,2,801,4
head_1_0_V,2,800,3
head_1_0_V,2,799,4
head_1_0_V,2,798,1
head_1_0_V,2,797,1
head_1_0_V,2,796,4
head_1_0_V,2,795,2
head_1_0_V,2,794,2
head_1_0_V,2,793,1
head_1_0_V,2,792,4
head_1_0_V,2,791,1
head_1_0_V,2,790,5
head_1_0_V,2,789,6
head_1_0_V,2,788,6
head_1_0_V,2,787,1
head_1_0_V,2,786,3
head_1_0_V,2,785,2
head_1_0_V,2,784,4
head_1_0_V,2,783,3
head_1_0_V,2,782,3
head_1_0_V,2,780,3
head_1_0_V,2,779,3
head_1_0_V,2,777,3
head_1_0_V,2,776,6
head_1_0_V,2,775,3
head_1_0_V,2,774,2
head_1_0_V,2,773,4
head_1_0_V,2,772,1
head_1_0_V,2,770,2
head_1_0_V,2,769,3
head_1_0_V,2,768,3
head_1_0_V,2,767,3
head_1_0_V,2,766,3
head_1_0_V,2,764,1
head_1_0_V,2,763,4
head_1_0_V,2,761,1
head_1_0_V,2,760,6
head_1_0_V,2,759,4
head_1_0_V,2,758,4
head_1_0_V,2,757,4
head_1_0_V,2,756,2
head_1_0_V,2,754,2
head_1_0_V,2,753,3
head_1_0_V,2,752,3
head_1_0_V,2,751,3
head_1_0_V,2,750,3
head_1_0_V,2,749,9
head_1_0_V,2,748,2
head_1_0_V,2,747,4
head_1_0_V,2,746,4
head_1_0_V,2,745,1
head_1_0_V,2,743,2
head_1_0_V,2,742,3
head_1_0_V,2,741,6
head_1_0_V,2,740,3
head_1_0_V,2,739,6
head_1_0_V,2,738,6
head_1_0_V,2,737,3
head_1_0_V,2,736,2
head_1_0_V,2,735,5
head_1_0_V,2,734,5
head_1_0_V,2,733,2
head_1_0_V,2,732,3
head_1_0_V,2,731,4
head_1_0_V,2,730,3
head_1_0_V,2,729,4
head_1_0_V,2,728,1
head_1_0_V,2,727,3
head_1_0_V,2,726,3
head_1_0_V,2,725,4
head_1_0_V,2,723,3
head_1_0_V,2,722,3
head_1_0_V,2,721,4
head_1_0_V,2,720,3
head_1_0_V,2,719,4
head_1_0_V,2,718,5
head_1_0_V,2,717,2
head_1_0_V,2,715,4
head_1_0_V,2,714,4
head_1_0_V,2,713,1
head_1_0_V,2,712,5
head_1_0_V,2,711,4
head_1_0_V,2,710,5
head_1_0_V,2,709,6
head_1_0_V,2,708,4
head_1_0_V,2,707,3
head_1_0_V,2,706,4
head_1_0_V,2,705,1
head_1_0_V,2,704,5
head_1_0_V,2,703,6
head_1_0_V,2,702,4
head_1_0_V,2,701,4
head_1_0_V,2,700,7
head_1_0_V,2,699,6
head_1_0_V,2,698,4
head_1_0_V,2,697,4
head_1_0_V,2,696,3
head_1_0_V,2,695,2
head_1_0_V,2,694,5
head_1_0_V,2,693,2
head_1_0_V,2,692,8
head_1_0_V,2,691,2
head_1_0_V,2,690,6
head_1_0_V,2,689,4
head_1_0_V,2,688,3
head_1_0_V,2,687,6
head_1_0_V,2,686,7
head_1_0_V,2,685,2
head_1_0_V,2,684,2
head_1_0_V,2,683,4
head_1_0_V,2,682,3
head_1_0_V,2,681,1
head_1_0_V,2,680,6
head_1_0_V,2,679,2
head_1_0_V,2,678,2
head_1_0_V,2,677,5
head_1_0_V,2,676,2
head_1_0_V,2,675,3
head_1_0_V,2,674,3
head_1_0_V,2,673,5
head_1_0_V,2,672,4
head_1_0_V,2,671,2
head_1_0_V,2,670,2
head_1_0_V,2,669,3
head_1_0_V,2,668,2
head_1_0_V,2,667,5
head_1_0_V,2,666,4
head_1_0_V,2,665,2
head_1_0_V,2,664,3
head_1_0_V,2,662,1
head_1_0_V,2,661,2
head_1_0_V,2,660,5
head_1_0_V,2,659,4
head_1_0_V,2,658,2
head_1_0_V,2,657,3
head_1_0_V,2,656,1
head_1_0_V,2,655,3
head_1_0_V,2,654,4
head_1_0_V,2,653,6
head_1_0_V,2,652,4
head_1_0_V,2,651,2
head_1_0_V,2,650,6
head_1_0_V,2,649,7
head_1_0_V,2,648,6
head_1_0_V,2,647,5
head_1_0_V,2,646,2
head_1_0_V,2,645,3
head_1_0_V,2,644,3
head_1_0_V,2,643,5
head_1_0_V,2,642,3
head_1_0_V,2,641,7
head_1_0_V,2,640,4
head_1_0_V,2,639,4
head_1_0_V,2,638,4
head_1_0_V,2,637,4
head_1_0_V,2,636,1
head_1_0_V,2,635,3
head_1_0_V,2,634,8
head_1_0_V,2,633,4
head_1_0_V,2,632,7
head_1_0_V,2,631,3
head_1_0_V,2,630,7
head_1_0_V,2,629,6
head_1_0_V,2,628,2
head_1_0_V,2,627,2
head_1_0_V,2,626,7
head_1_0_V,2,625,3
head_1_0_V,2,624,3
head_1_0_V,2,623,4
head_1_0_V,2,622,3
head_1_0_V,2,621,3
head_1_0_V,2,620,6
head_1_0_V,2,619,4
head_1_0_V,2,618,4
head_1_0_V,2,617,6
head_1_0_V,2,616,8
head_1_0_V,2,615,10
head_1_0_V,2,614,5
head_1_0_V,2,613,5
head_1_0_V,2,612,6
head_1_0_V,2,611,12
head_1_0_V,2,610,9
head_1_0_V,2,609,7
head_1_0_V,2,608,4
head_1_0_V,2,607,5
head_1_0_V,2,606,6
head_1_0_V,2,605,4
head_1_0_V,2,604,2
head_1_0_V,2,603,2
head_1_0_V,2,602,4
head_1_0_V,2,601,4
head_1_0_V,2,600,7
head_1_0_V,2,599,6
head_1_0_V,2,598,6
head_1_0_V,2,597,3
head_1_0_V,2,596,3
head_1_0_V,2,595,5
head_1_0_V,2,594,3
head_1_0_V,2,593,5
head_1_0_V,2,592,8
head_1_0_V,2,591,4
head_1_0_V,2,590,8
head_1_0_V,2,589,4
head_1_0_V,2,587,4
head_1_0_V,2,586,5
head_1_0_V,2,585,10
head_1_0_V,2,584,1
head_1_0_V,2,583,3
head_1_0_V,2,582,7
head_1_0_V,2,581,6
head_1_0_V,2,580,4
head_1_0_V,2,579,9
head_1_0_V,2,578,9
head_1_0_V,2,577,7
head_1_0_V,2,576,4
head_1_0_V,2,575,3
head_1_0_V,2,574,4
head_1_0_V,2,573,3
head_1_0_V,2,572,6
head_1_0_V,2,571,6
head_1_0_V,2,570,7
head_1_0_V,2,569,6
head_1_0_V,2,568,6
head_1_0_V,2,567,5
head_1_0_V,2,566,6
head_1_0_V,2,565,9
head_1_0_V,2,564,8
head_1_0_V,2,563,5
head_1_0_V,2,562,4
head_1_0_V,2,561,6
head_1_0_V,2,560,5
head_1_0_V,2,559,6
head_1_0_V,2,558,6
head_1_0_V,2,557,6
head_1_0_V,2,556,7
head_1_0_V,2,555,3
head_1_0_V,2,554,6
head_1_0_V,2,553,2
head_1_0_V,2,552,9
head_1_0_V,2,551,4
head_1_0_V,2,550,7
head_1_0_V,2,549,3
head_1_0_V,2,548,3
head_1_0_V,2,547,8
head_1_0_V,2,546,7
head_1_0_V,2,545,2
head_1_0_V,2,544,10
head_1_0_V,2,543,5
head_1_0_V,2,542,4
head_1_0_V,2,541,3
head_1_0_V,2,540,6
head_1_0_V,2,539,4
head_1_0_V,2,538,4
head_1_0_V,2,537,3
head_1_0_V,2,536,2
head_1_0_V,2,535,7
head_1_0_V,2,534,7
head_1_0_V,2,533,7
head_1_0_V,2,532,6
head_1_0_V,2,531,4
head_1_0_V,2,530,7
head_1_0_V,2,529,6
head_1_0_V,2,528,6
head_1_0_V,2,527,5
head_1_0_V,2,526,8
head_1_0_V,2,525,3
head_1_0_V,2,524,8
head_1_0_V,2,523,4
head_1_0_V,2,522,7
head_1_0_V,2,521,6
head_1_0_V,2,520,9
head_1_0_V,2,519,8
head_1_0_V,2,518,6
head_1_0_V,2,517,7
head_1_0_V,2,516,9
head_1_0_V,2,515,7
head_1_0_V,2,514,6
head_1_0_V,2,513,6
head_1_0_V,2,512,8
head_1_0_V,2,511,6
head_1_0_V,2,510,8
head_1_0_V,2,509,4
head_1_0_V,2,508,4
head_1_0_V,2,507,5
head_1_0_V,2,506,6
head_1_0_V,2,505,7
head_1_0_V,2,504,9
head_1_0_V,2,503,10
head_1_0_V,2,502,5
head_1_0_V,2,501,7
head_1_0_V,2,500,5
head_1_0_V,2,499,8
head_1_0_V,2,498,6
head_1_0_V,2,497,3
head_1_0_V,2,496,9
head_1_0_V,2,495,6
head_1_0_V,2,494,2
head_1_0_V,2,493,5
head_1_0_V,2,492,7
head_1_0_V,2,491,3
head_1_0_V,2,490,6
head_1_0_V,2,489,9
head_1_0_V,2,488,9
head_1_0_V,2,487,4
head_1_0_V,2,486,9
head_1_0_V,2,485,9
head_1_0_V,2,484,8
head_1_0_V,2,483,8
head_1_0_V,2,482,7
head_1_0_V,2,481,5
head_1_0_V,2,480,4
head_1_0_V,2,479,9
head_1_0_V,2,478,8
head_1_0_V,2,477,7
head_1_0_V,2,476,12
head_1_0_V,2,475,6
head_1_0_V,2,474,8
head_1_0_V,2,473,7
head_1_0_V,2,472,11
head_1_0_V,2,471,10
head_1_0_V,2,470,5
head_1_0_V,2,469,4
head_1_0_V,2,468,11
head_1_0_V,2,467,9
head_1_0_V,2,466,6
head_1_0_V,2,465,8
head_1_0_V,2,464,11
head_1_0_V,2,463,8
head_1_0_V,2,462,8
head_1_0_V,2,461,8
head_1_0_V,2,460,13
head_1_0_V,2,459,8
head_1_0_V,2,458,5
head_1_0_V,2,457,4
head_1_0_V,2,456,7
head_1_0_V,2,455,12
head_1_0_V,2,454,8
head_1_0_V,2,453,4
head_1_0_V,2,452,5
head_1_0_V,2,451,7
head_1_0_V,2,450,7
head_1_0_V,2,449,8
head_1_0_V,2,448,6
head_1_0_V,2,447,5
head_1_0_V,2,446,9
head_1_0_V,2,445,8
head_1_0_V,2,444,10
head_1_0_V,2,443,10
head_1_0_V,2,442,12
head_1_0_V,2,441,10
head_1_0_V,2,440,8
head_1_0_V,2,439,8
head_1_0_V,2,438,7
head_1_0_V,2,437,9
head_1_0_V,2,436,4
head_1_0_V,2,435,13
head_1_0_V,2,434,12
head_1_0_V,2,433,11
head_1_0_V,2,432,6
head_1_0_V,2,431,10
head_1_0_V,2,430,8
head_1_0_V,2,429,8
head_1_0_V,2,428,11
head_1_0_V,2,427,8
head_1_0_V,2,426,13
head_1_0_V,2,425,11
head_1_0_V,2,424,9
head_1_0_V,2,423,4
head_1_0_V,2,422,11
head_1_0_V,2,421,8
head_1_0_V,2,420,6
head_1_0_V,2,419,8
head_1_0_V,2,418,8
head_1_0_V,2,417,5
head_1_0_V,2,416,4
head_1_0_V,2,415,11
head_1_0_V,2,414,11
head_1_0_V,2,413,11
head_1_0_V,2,412,9
head_1_0_V,2,411,11
head_1_0_V,2,410,14
head_1_0_V,2,409,5
head_1_0_V,2,408,8
head_1_0_V,2,407,10
head_1_0_V,2,406,15
head_1_0_V,2,405,9
head_1_0_V,2,404,9
head_1_0_V,2,403,11
head_1_0_V,2,402,9
head_1_0_V,2,401,11
head_1_0_V,2,400,16
head_1_0_V,2,399,14
head_1_0_V,2,398,17
head_1_0_V,2,397,11
head_1_0_V,2,396,11
head_1_0_V,2,395,12
head_1_0_V,2,394,9
head_1_0_V,2,393,9
head_1_0_V,2,392,9
head_1_0_V,2,391,11
head_1_0_V,2,390,12
head_1_0_V,2,389,14
head_1_0_V,2,388,15
head_1_0_V,2,387,12
head_1_0_V,2,386,17
head_1_0_V,2,385,10
head_1_0_V,2,384,10
head_1_0_V,2,383,10
head_1_0_V,2,382,12
head_1_0_V,2,381,13
head_1_0_V,2,380,18
head_1_0_V,2,379,18
head_1_0_V,2,378,13
head_1_0_V,2,377,8
head_1_0_V,2,376,15
head_1_0_V,2,375,8
head_1_0_V,2,374,10
head_1_0_V,2,373,11
head_1_0_V,2,372,8
head_1_0_V,2,371,12
head_1_0_V,2,370,5
head_1_0_V,2,369,16
head_1_0_V,2,368,12
head_1_0_V,2,367,10
head_1_0_V,2,366,14
head_1_0_V,2,365,12
head_1_0_V,2,364,9
head_1_0_V,2,363,5
head_1_0_V,2,362,11
head_1_0_V,2,361,12
head_1_0_V,2,360,13
head_1_0_V,2,359,9
head_1_0_V,2,358,14
head_1_0_V,2,357,5
head_1_0_V,2,356,24
head_1_0_V,2,355,12
head_1_0_V,2,354,18
head_1_0_V,2,353,16
head_1_0_V,2,352,12
head_1_0_V,2,351,11
head_1_0_V,2,350,16
head_1_0_V,2,349,9
head_1_0_V,2,348,11
head_1_0_V,2,347,10
head_1_0_V,2,346,8
head_1_0_V,2,345,17
head_1_0_V,2,344,12
head_1_0_V,2,343,12
head_1_0_V,2,342,25
head_1_0_V,2,341,13
head_1_0_V,2,340,17
head_1_0_V,2,339,9
head_1_0_V,2,338,18
head_1_0_V,2,337,14
head_1_0_V,2,336,10
head_1_0_V,2,335,9
head_1_0_V,2,334,13
head_1_0_V,2,333,18
head_1_0_V,2,332,13
head_1_0_V,2,331,19
head_1_0_V,2,330,16
head_1_0_V,2,329,10
head_1_0_V,2,328,16
head_1_0_V,2,327,12
head_1_0_V,2,326,9
head_1_0_V,2,325,18
head_1_0_V,2,324,12
head_1_0_V,2,323,18
head_1_0_V,2,322,16
head_1_0_V,2,321,11
head_1_0_V,2,320,14
head_1_0_V,2,319,24
head_1_0_V,2,318,19
head_1_0_V,2,317,15
head_1_0_V,2,316,12
head_1_0_V,2,315,13
head_1_0_V,2,314,13
head_1_0_V,2,313,19
head_1_0_V,2,312,14
head_1_0_V,2,311,15
head_1_0_V,2,310,17
head_1_0_V,2,309,17
head_1_0_V,2,308,23
head_1_0_V,2,307,14
head_1_0_V,2,306,16
head_1_0_V,2,305,21
head_1_0_V,2,304,15
head_1_0_V,2,303,20
head_1_0_V,2,302,21
head_1_0_V,2,301,22
head_1_0_V,2,300,23
head_1_0_V,2,299,15
head_1_0_V,2,298,22
head_1_0_V,2,297,19
head_1_0_V,2,296,17
head_1_0_V,2,295,15
head_1_0_V,2,294,16
head_1_0_V,2,293,14
head_1_0_V,2,292,17
head_1_0_V,2,291,18
head_1_0_V,2,290,19
head_1_0_V,2,289,24
head_1_0_V,2,288,17
head_1_0_V,2,287,19
head_1_0_V,2,286,16
head_1_0_V,2,285,18
head_1_0_V,2,284,25
head_1_0_V,2,283,22
head_1_0_V,2,282,15
head_1_0_V,2,281,14
head_1_0_V,2,280,20
head_1_0_V,2,279,18
head_1_0_V,2,278,25
head_1_0_V,2,277,23
head_1_0_V,2,276,19
head_1_0_V,2,275,19
head_1_0_V,2,274,17
head_1_0_V,2,273,30
head_1_0_V,2,272,23
head_1_0_V,2,271,20
head_1_0_V,2,270,23
head_1_0_V,2,269,19
head_1_0_V,2,268,22
head_1_0_V,2,267,25
head_1_0_V,2,266,27
head_1_0_V,2,265,35
head_1_0_V,2,264,21
head_1_0_V,2,263,10
head_1_0_V,2,262,21
head_1_0_V,2,261,22
head_1_0_V,2,260,26
head_1_0_V,2,259,26
head_1_0_V,2,258,20
head_1_0_V,2,257,25
head_1_0_V,2,256,20
head_1_0_V,2,255,19
head_1_0_V,2,254,23
head_1_0_V,2,253,24
head_1_0_V,2,252,17
head_1_0_V,2,251,18
head_1_0_V,2,250,27
head_1_0_V,2,249,28
head_1_0_V,2,248,23
head_1_0_V,2,247,22
head_1_0_V,2,246,20
head_1_0_V,2,245,24
head_1_0_V,2,244,19
head_1_0_V,2,243,16
head_1_0_V,2,242,20
head_1_0_V,2,241,30
head_1_0_V,2,240,31
head_1_0_V,2,239,20
head_1_0_V,2,238,20
head_1_0_V,2,237,29
head_1_0_V,2,236,28
head_1_0_V,2,235,37
head_1_0_V,2,234,22
head_1_0_V,2,233,21
head_1_0_V,2,232,23
head_1_0_V,2,231,26
head_1_0_V,2,230,26
head_1_0_V,2,229,22
head_1_0_V,2,228,24
head_1_0_V,2,227,36
head_1_0_V,2,226,35
head_1_0_V,2,225,30
head_1_0_V,2,224,27
head_1_0_V,2,223,26
head_1_0_V,2,222,25
head_1_0_V,2,221,24
head_1_0_V,2,220,29
head_1_0_V,2,219,26
head_1_0_V,2,218,24
head_1_0_V,2,217,28
head_1_0_V,2,216,26
head_1_0_V,2,215,26
head_1_0_V,2,214,29
head_1_0_V,2,213,39
head_1_0_V,2,212,21
head_1_0_V,2,211,28
head_1_0_V,2,210,29
head_1_0_V,2,209,30
head_1_0_V,2,208,31
head_1_0_V,2,207,21
head_1_0_V,2,206,37
head_1_0_V,2,205,28
head_1_0_V,2,204,29
head_1_0_V,2,203,29
head_1_0_V,2,202,30
head_1_0_V,2,201,28
head_1_0_V,2,200,33
head_1_0_V,2,199,19
head_1_0_V,2,198,31
head_1_0_V,2,197,50
head_1_0_V,2,196,34
head_1_0_V,2,195,36
head_1_0_V,2,194,29
head_1_0_V,2,193,31
head_1_0_V,2,192,27
head_1_0_V,2,191,33
head_1_0_V,2,190,44
head_1_0_V,2,189,42
head_1_0_V,2,188,46
head_1_0_V,2,187,45
head_1_0_V,2,186,26
head_1_0_V,2,185,37
head_1_0_V,2,184,45
head_1_0_V,2,183,29
head_1_0_V,2,182,41
head_1_0_V,2,181,37
head_1_0_V,2,180,41
head_1_0_V,2,179,34
head_1_0_V,2,178,56
head_1_0_V,2,177,48
head_1_0_V,2,176,31
head_1_0_V,2,175,44
head_1_0_V,2,174,40
head_1_0_V,2,173,46
head_1_0_V,2,172,40
head_1_0_V,2,171,42
head_1_0_V,2,170,53
head_1_0_V,2,169,51
head_1_0_V,2,168,47
head_1_0_V,2,167,43
head_1_0_V,2,166,53
head_1_0_V,2,165,39
head_1_0_V,2,164,35
head_1_0_V,2,163,42
head_1_0_V,2,162,32
head_1_0_V,2,161,59
head_1_0_V,2,160,55
head_1_0_V,2,159,49
head_1_0_V,2,158,58
head_1_0_V,2,157,64
head_1_0_V,2,156,41
head_1_0_V,2,155,57
head_1_0_V,2,154,35
head_1_0_V,2,153,47
head_1_0_V,2,152,51
head_1_0_V,2,151,60
head_1_0_V,2,150,57
head_1_0_V,2,149,57
head_1_0_V,2,148,58
head_1_0_V,2,147,42
head_1_0_V,2,146,58
head_1_0_V,2,145,42
head_1_0_V,2,144,63
head_1_0_V,2,143,59
head_1_0_V,2,142,40
head_1_0_V,2,141,57
head_1_0_V,2,140,56
head_1_0_V,2,139,61
head_1_0_V,2,138,48
head_1_0_V,2,137,59
head_1_0_V,2,136,58
head_1_0_V,2,135,48
head_1_0_V,2,134,52
head_1_0_V,2,133,61
head_1_0_V,2,132,64
head_1_0_V,2,131,70
head_1_0_V,2,130,57
head_1_0_V,2,129,58
head_1_0_V,2,128,81
head_1_0_V,2,127,68
head_1_0_V,2,126,59
head_1_0_V,2,125,59
head_1_0_V,2,124,75
head_1_0_V,2,123,58
head_1_0_V,2,122,67
head_1_0_V,2,121,68
head_1_0_V,2,120,58
head_1_0_V,2,119,75
head_1_0_V,2,118,70
head_1_0_V,2,117,75
head_1_0_V,2,116,76
head_1_0_V,2,115,69
head_1_0_V,2,114,76
head_1_0_V,2,113,67
head_1_0_V,2,112,63
head_1_0_V,2,111,79
head_1_0_V,2,110,63
head_1_0_V,2,109,77
head_1_0_V,2,108,80
head_1_0_V,2,107,78
head_1_0_V,2,106,81
head_1_0_V,2,105,76
head_1_0_V,2,104,86
head_1_0_V,2,103,83
head_1_0_V,2,102,93
head_1_0_V,2,101,75
head_1_0_V,2,100,82
head_1_0_V,2,99,91
head_1_0_V,2,98,87
head_1_0_V,2,97,84
head_1_0_V,2,96,88
head_1_0_V,2,95,106
head_1_0_V,2,94,101
head_1_0_V,2,93,86
head_1_0_V,2,92,98
head_1_0_V,2,91,92
head_1_0_V,2,90,102
head_1_0_V,2,89,97
head_1_0_V,2,88,110
head_1_0_V,2,87,102
head_1_0_V,2,86,88
head_1_0_V,2,85,91
head_1_0_V,2,84,110
head_1_0_V,2,83,104
head_1_0_V,2,82,121
head_1_0_V,2,81,122
head_1_0_V,2,80,100
head_1_0_V,2,79,125
head_1_0_V,2,78,98
head_1_0_V,2,77,137
head_1_0_V,2,76,126
head_1_0_V,2,75,126
head_1_0_V,2,74,116
head_1_0_V,2,73,132
head_1_0_V,2,72,119
head_1_0_V,2,71,130
head_1_0_V,2,70,130
head_1_0_V,2,69,133
head_1_0_V,2,68,147
head_1_0_V,2,67,147
head_1_0_V,2,66,138
head_1_0_V,2,65,155
head_1_0_V,2,64,135
head_1_0_V,2,63,136
head_1_0_V,2,62,157
head_1_0_V,2,61,143
head_1_0_V,2,60,137
head_1_0_V,2,59,179
head_1_0_V,2,58,158
head_1_0_V,2,57,158
head_1_0_V,2,56,158
head_1_0_V,2,55,167
head_1_0_V,2,54,166
head_1_0_V,2,53,173
head_1_0_V,2,52,172
head_1_0_V,2,51,190
head_1_0_V,2,50,196
head_1_0_V,2,49,174
head_1_0_V,2,48,193
head_1_0_V,2,47,197
head_1_0_V,2,46,198
head_1_0_V,2,45,208
head_1_0_V,2,44,177
head_1_0_V,2,43,219
head_1_0_V,2,42,230
head_1_0_V,2,41,217
head_1_0_V,2,40,201
head_1_0_V,2,39,237
head_1_0_V,2,38,234
head_1_0_V,2,37,219
head_1_0_V,2,36,280
head_1_0_V,2,35,271
head_1_0_V,2,34,268
head_1_0_V,2,33,253
head_1_0_V,2,32,269
head_1_0_V,2,31,296
head_1_0_V,2,30,240
head_1_0_V,2,29,270
head_1_0_V,2,28,266
head_1_0_V,2,27,326
head_1_0_V,2,26,309
head_1_0_V,2,25,329
head_1_0_V,2,24,323
head_1_0_V,2,23,331
head_1_0_V,2,22,352
head_1_0_V,2,21,352
head_1_0_V,2,20,379
head_1_0_V,2,19,359
head_1_0_V,2,18,437
head_1_0_V,2,17,397
head_1_0_V,2,16,392
head_1_0_V,2,15,435
head_1_0_V,2,14,410
head_1_0_V,2,13,468
head_1_0_V,2,12,461
head_1_0_V,2,11,448
head_1_0_V,2,10,502
head_1_0_V,2,9,493
head_1_0_V,2,8,566
head_1_0_V,2,7,533
head_1_0_V,2,6,581
head_1_0_V,2,5,642
head_1_0_V,2,4,620
head_1_0_V,2,3,638
head_1_0_V,2,2,605
head_1_0_V,2,1,605
head_1_0_V,2,0,29115
head_1_0_V,3,5636,1
head_1_0_V,3,5292,1
head_1_0_V,3,5158,1
head_1_0_V,3,4858,1
head_1_0_V,3,4842,1
head_1_0_V,3,4731,1
head_1_0_V,3,4692,1
head_1_0_V,3,4638,1
head_1_0_V,3,4380,1
head_1_0_V,3,4285,1
head_1_0_V,3,4240,1
head_1_0_V,3,4036,1
head_1_0_V,3,3777,1
head_1_0_V,3,3734,1
head_1_0_V,3,3709,1
head_1_0_V,3,3706,1
head_1_0_V,3,3681,1
head_1_0_V,3,3623,1
head_1_0_V,3,3621,1
head_1_0_V,3,3502,1
head_1_0_V,3,3498,1
head_1_0_V,3,3472,1
head_1_0_V,3,3378,1
head_1_0_V,3,3372,1
head_1_0_V,3,3370,1
head_1_0_V,3,3358,1
head_1_0_V,3,3270,1
head_1_0_V,3,3176,1
head_1_0_V,3,3173,1
head_1_0_V,3,3164,1
head_1_0_V,3,3064,1
head_1_0_V,3,2991,1
head_1_0_V,3,2970,1
head_1_0_V,3,2959,1
head_1_0_V,3,2915,1
head_1_0_V,3,2904,1
head_1_0_V,3,2867,1
head_1_0_V,3,2851,1
head_1_0_V,3,2840,1
head_1_0_V,3,2827,1
head_1_0_V,3,2820,1
head_1_0_V,3,2779,1
head_1_0_V,3,2778,1
head_1_0_V,3,2770,1
head_1_0_V,3,2742,1
head_1_0_V,3,2727,1
head_1_0_V,3,2654,1
head_1_0_V,3,2646,1
head_1_0_V,3,2625,1
head_1_0_V,3,2621,1
head_1_0_V,3,2610,1
head_1_0_V,3,2554,1
head_1_0_V,3,2550,1
head_1_0_V,3,2541,1
head_1_0_V,3,2522,1
head_1_0_V,3,2514,1
head_1_0_V,3,2510,1
head_1_0_V,3,2489,1
head_1_0_V,3,2481,1
head_1_0_V,3,2480,1
head_1_0_V,3,2464,1
head_1_0_V,3,2447,1
head_1_0_V,3,2431,1
head_1_0_V,3,2416,1
head_1_0_V,3,2413,1
head_1_0_V,3,2405,1
head_1_0_V,3,2392,1
head_1_0_V,3,2383,2
head_1_0_V,3,2379,1
head_1_0_V,3,2372,1
head_1_0_V,3,2339,1
head_1_0_V,3,2337,1
head_1_0_V,3,2336,1
head_1_0_V,3,2332,1
head_1_0_V,3,2319,1
head_1_0_V,3,2316,1
head_1_0_V,3,2306,1
head_1_0_V,3,2300,1
head_1_0_V,3,2294,1
head_1_0_V,3,2285,1
head_1_0_V,3,2267,1
head_1_0_V,3,2263,1
head_1_0_V,3,2261,1
head_1_0_V,3,2257,1
head_1_0_V,3,2244,1
head_1_0_V,3,2238,1
head_1_0_V,3,2226,1
head_1_0_V,3,2201,1
head_1_0_V,3,2192,2
head_1_0_V,3,2186,1
head_1_0_V,3,2170,1
head_1_0_V,3,2166,1
head_1_0_V,3,2155,1
head_1_0_V,3,2150,1
head_1_0_V,3,2149,1
head_1_0_V,3,2142,1
head_1_0_V,3,2141,1
head_1_0_V,3,2136,1
head_1_0_V,3,2135,1
head_1_0_V,3,2133,1
head_1_0_V,3,2131,1
head_1_0_V,3,2123,1
head_1_0_V,3,2121,1
head_1_0_V,3,2119,1
head_1_0_V,3,2117,1
head_1_0_V,3,2104,1
head_1_0_V,3,2101,1
head_1_0_V,3,2082,1
head_1_0_V,3,2078,1
head_1_0_V,3,2070,1
head_1_0_V,3,2060,1
head_1_0_V,3,2058,1
head_1_0_V,3,2042,1
head_1_0_V,3,2041,1
head_1_0_V,3,2029,1
head_1_0_V,3,2025,1
head_1_0_V,3,2024,1
head_1_0_V,3,2020,1
head_1_0_V,3,2017,1
head_1_0_V,3,2009,1
head_1_0_V,3,2008,1
head_1_0_V,3,2007,1
head_1_0_V,3,2005,1
head_1_0_V,3,1989,1
head_1_0_V,3,1983,1
head_1_0_V,3,1975,2
head_1_0_V,3,1968,1
head_1_0_V,3,1961,1
head_1_0_V,3,1940,1
head_1_0_V,3,1925,1
head_1_0_V,3,1908,1
head_1_0_V,3,1906,1
head_1_0_V,3,1882,1
head_1_0_V,3,1873,1
head_1_0_V,3,1857,1
head_1_0_V,3,1855,1
head_1_0_V,3,1849,1
head_1_0_V,3,1840,1
head_1_0_V,3,1838,1
head_1_0_V,3,1835,2
head_1_0_V,3,1832,1
head_1_0_V,3,1826,1
head_1_0_V,3,1824,1
head_1_0_V,3,1818,1
head_1_0_V,3,1813,1
head_1_0_V,3,1793,1
head_1_0_V,3,1779,1
head_1_0_V,3,1775,1
head_1_0_V,3,1773,1
head_1_0_V,3,1772,1
head_1_0_V,3,1767,1
head_1_0_V,3,1766,1
head_1_0_V,3,1763,1
head_1_0_V,3,1756,1
head_1_0_V,3,1753,1
head_1_0_V,3,1748,1
head_1_0_V,3,1746,1
head_1_0_V,3,1738,1
head_1_0_V,3,1737,2
head_1_0_V,3,1736,1
head_1_0_V,3,1733,1
head_1_0_V,3,1732,2
head_1_0_V,3,1726,1
head_1_0_V,3,1723,1
head_1_0_V,3,1720,2
head_1_0_V,3,1719,2
head_1_0_V,3,1717,1
head_1_0_V,3,1716,2
head_1_0_V,3,1714,1
head_1_0_V,3,1704,1
head_1_0_V,3,1693,1
head_1_0_V,3,1690,1
head_1_0_V,3,1680,1
head_1_0_V,3,1678,1
head_1_0_V,3,1677,1
head_1_0_V,3,1669,1
head_1_0_V,3,1655,1
head_1_0_V,3,1649,1
head_1_0_V,3,1644,1
head_1_0_V,3,1643,1
head_1_0_V,3,1642,1
head_1_0_V,3,1640,1
head_1_0_V,3,1639,1
head_1_0_V,3,1638,1
head_1_0_V,3,1635,2
head_1_0_V,3,1628,1
head_1_0_V,3,1622,1
head_1_0_V,3,1618,1
head_1_0_V,3,1604,1
head_1_0_V,3,1599,1
head_1_0_V,3,1598,1
head_1_0_V,3,1595,1
head_1_0_V,3,1592,1
head_1_0_V,3,1591,1
head_1_0_V,3,1580,1
head_1_0_V,3,1578,2
head_1_0_V,3,1576,1
head_1_0_V,3,1569,1
head_1_0_V,3,1567,1
head_1_0_V,3,1565,1
head_1_0_V,3,1562,1
head_1_0_V,3,1559,1
head_1_0_V,3,1558,1
head_1_0_V,3,1554,1
head_1_0_V,3,1552,2
head_1_0_V,3,1550,1
head_1_0_V,3,1546,2
head_1_0_V,3,1544,1
head_1_0_V,3,1542,1
head_1_0_V,3,1537,1
head_1_0_V,3,1533,2
head_1_0_V,3,1530,1
head_1_0_V,3,1529,1
head_1_0_V,3,1525,1
head_1_0_V,3,1519,1
head_1_0_V,3,1518,3
head_1_0_V,3,1517,2
head_1_0_V,3,1508,1
head_1_0_V,3,1506,1
head_1_0_V,3,1504,1
head_1_0_V,3,1502,1
head_1_0_V,3,1496,1
head_1_0_V,3,1493,1
head_1_0_V,3,1489,1
head_1_0_V,3,1488,1
head_1_0_V,3,1481,1
head_1_0_V,3,1478,2
head_1_0_V,3,1475,1
head_1_0_V,3,1473,1
head_1_0_V,3,1471,1
head_1_0_V,3,1470,2
head_1_0_V,3,1469,1
head_1_0_V,3,1467,1
head_1_0_V,3,1464,1
head_1_0_V,3,1463,1
head_1_0_V,3,1460,1
head_1_0_V,3,1455,1
head_1_0_V,3,1454,1
head_1_0_V,3,1451,1
head_1_0_V,3,1450,1
head_1_0_V,3,1449,1
head_1_0_V,3,1446,1
head_1_0_V,3,1445,2
head_1_0_V,3,1442,1
head_1_0_V,3,1440,1
head_1_0_V,3,1434,1
head_1_0_V,3,1429,3
head_1_0_V,3,1427,1
head_1_0_V,3,1423,2
head_1_0_V,3,1421,1
head_1_0_V,3,1418,1
head_1_0_V,3,1416,1
head_1_0_V,3,1411,2
head_1_0_V,3,1399,1
head_1_0_V,3,1398,2
head_1_0_V,3,1397,2
head_1_0_V,3,1396,1
head_1_0_V,3,1395,1
head_1_0_V,3,1394,1
head_1_0_V,3,1390,1
head_1_0_V,3,1389,2
head_1_0_V,3,1385,1
head_1_0_V,3,1384,1
head_1_0_V,3,1383,2
head_1_0_V,3,1381,1
head_1_0_V,3,1376,1
head_1_0_V,3,1375,1
head_1_0_V,3,1371,1
head_1_0_V,3,1370,1
head_1_0_V,3,1367,2
head_1_0_V,3,1366,1
head_1_0_V,3,1360,1
head_1_0_V,3,1358,2
head_1_0_V,3,1357,1
head_1_0_V,3,1356,1
head_1_0_V,3,1355,3
head_1_0_V,3,1353,1
head_1_0_V,3,1345,1
head_1_0_V,3,1344,1
head_1_0_V,3,1330,1
head_1_0_V,3,1326,1
head_1_0_V,3,1325,1
head_1_0_V,3,1321,1
head_1_0_V,3,1319,6
head_1_0_V,3,1318,1
head_1_0_V,3,1316,1
head_1_0_V,3,1315,2
head_1_0_V,3,1313,1
head_1_0_V,3,1312,1
head_1_0_V,3,1309,1
head_1_0_V,3,1305,3
head_1_0_V,3,1304,1
head_1_0_V,3,1303,2
head_1_0_V,3,1301,2
head_1_0_V,3,1300,1
head_1_0_V,3,1298,1
head_1_0_V,3,1297,2
head_1_0_V,3,1295,2
head_1_0_V,3,1292,1
head_1_0_V,3,1291,1
head_1_0_V,3,1290,1
head_1_0_V,3,1286,1
head_1_0_V,3,1285,3
head_1_0_V,3,1284,1
head_1_0_V,3,1282,1
head_1_0_V,3,1281,1
head_1_0_V,3,1279,1
head_1_0_V,3,1277,1
head_1_0_V,3,1275,1
head_1_0_V,3,1274,1
head_1_0_V,3,1273,3
head_1_0_V,3,1272,1
head_1_0_V,3,1271,1
head_1_0_V,3,1268,2
head_1_0_V,3,1266,1
head_1_0_V,3,1264,2
head_1_0_V,3,1262,1
head_1_0_V,3,1258,1
head_1_0_V,3,1255,1
head_1_0_V,3,1251,2
head_1_0_V,3,1250,1
head_1_0_V,3,1247,1
head_1_0_V,3,1244,1
head_1_0_V,3,1243,1
head_1_0_V,3,1237,1
head_1_0_V,3,1235,1
head_1_0_V,3,1234,1
head_1_0_V,3,1232,2
head_1_0_V,3,1231,1
head_1_0_V,3,1230,1
head_1_0_V,3,1228,1
head_1_0_V,3,1226,3
head_1_0_V,3,1224,2
head_1_0_V,3,1223,1
head_1_0_V,3,1219,1
head_1_0_V,3,1218,1
head_1_0_V,3,1216,1
head_1_0_V,3,1215,1
head_1_0_V,3,1214,1
head_1_0_V,3,1211,1
head_1_0_V,3,1209,3
head_1_0_V,3,1207,2
head_1_0_V,3,1206,1
head_1_0_V,3,1204,2
head_1_0_V,3,1203,1
head_1_0_V,3,1202,1
head_1_0_V,3,1201,1
head_1_0_V,3,1199,1
head_1_0_V,3,1198,1
head_1_0_V,3,1195,2
head_1_0_V,3,1194,2
head_1_0_V,3,1191,2
head_1_0_V,3,1190,1
head_1_0_V,3,1188,1
head_1_0_V,3,1182,1
head_1_0_V,3,1181,1
head_1_0_V,3,1180,2
head_1_0_V,3,1178,2
head_1_0_V,3,1177,1
head_1_0_V,3,1176,3
head_1_0_V,3,1174,1
head_1_0_V,3,1173,1
head_1_0_V,3,1172,1
head_1_0_V,3,1171,2
head_1_0_V,3,1168,3
head_1_0_V,3,1166,1
head_1_0_V,3,1164,1
head_1_0_V,3,1163,2
head_1_0_V,3,1162,2
head_1_0_V,3,1161,1
head_1_0_V,3,1160,1
head_1_0_V,3,1159,1
head_1_0_V,3,1157,2
head_1_0_V,3,1156,3
head_1_0_V,3,1154,2
head_1_0_V,3,1153,2
head_1_0_V,3,1152,1
head_1_0_V,3,1151,1
head_1_0_V,3,1146,1
head_1_0_V,3,1144,2
head_1_0_V,3,1142,2
head_1_0_V,3,1141,2
head_1_0_V,3,1139,1
head_1_0_V,3,1138,1
head_1_0_V,3,1137,1
head_1_0_V,3,1135,1
head_1_0_V,3,1134,2
head_1_0_V,3,1133,1
head_1_0_V,3,1132,1
head_1_0_V,3,1131,1
head_1_0_V,3,1129,1
head_1_0_V,3,1128,2
head_1_0_V,3,1124,2
head_1_0_V,3,1123,2
head_1_0_V,3,1122,2
head_1_0_V,3,1121,3
head_1_0_V,3,1120,1
head_1_0_V,3,1119,3
head_1_0_V,3,1117,1
head_1_0_V,3,1116,1
head_1_0_V,3,1112,1
head_1_0_V,3,1110,2
head_1_0_V,3,1108,1
head_1_0_V,3,1107,2
head_1_0_V,3,1106,2
head_1_0_V,3,1105,1
head_1_0_V,3,1104,1
head_1_0_V,3,1103,2
head_1_0_V,3,1101,2
head_1_0_V,3,1099,3
head_1_0_V,3,1098,1
head_1_0_V,3,1097,1
head_1_0_V,3,1096,2
head_1_0_V,3,1094,3
head_1_0_V,3,1093,2
head_1_0_V,3,1091,2
head_1_0_V,3,1089,1
head_1_0_V,3,1088,2
head_1_0_V,3,1087,1
head_1_0_V,3,1086,2
head_1_0_V,3,1084,1
head_1_0_V,3,1083,2
head_1_0_V,3,1082,1
head_1_0_V,3,1080,2
head_1_0_V,3,1079,3
head_1_0_V,3,1077,2
head_1_0_V,3,1076,2
head_1_0_V,3,1075,2
head_1_0_V,3,1074,2
head_1_0_V,3,1073,1
head_1_0_V,3,1072,1
head_1_0_V,3,1071,3
head_1_0_V,3,1070,1
head_1_0_V,3,1069,1
head_1_0_V,3,1068,2
head_1_0_V,3,1067,3
head_1_0_V,3,1064,2
head_1_0_V,3,1062,3
head_1_0_V,3,1061,1
head_1_0_V,3,1058,2
head_1_0_V,3,1055,1
head_1_0_V,3,1052,1
head_1_0_V,3,1051,1
head_1_0_V,3,1050,1
head_1_0_V,3,1049,2
head_1_0_V,3,1047,1
head_1_0_V,3,1046,1
head_1_0_V,3,1042,2
head_1_0_V,3,1041,1
head_1_0_V,3,1040,2
head_1_0_V,3,1038,1
head_1_0_V,3,1037,2
head_1_0_V,3,1036,2
head_1_0_V,3,1035,2
head_1_0_V,3,1033,2
head_1_0_V,3,1032,1
head_1_0_V,3,1031,1
head_1_0_V,3,1030,1
head_1_0_V,3,1029,1
head_1_0_V,3,1028,1
head_1_0_V,3,1023,1
head_1_0_V,3,1022,1
head_1_0_V,3,1021,1
head_1_0_V,3,1020,2
head_1_0_V,3,1019,1
head_1_0_V,3,1018,2
head_1_0_V,3,1017,2
head_1_0_V,3,1014,1
head_1_0_V,3,1012,3
head_1_0_V,3,1011,1
head_1_0_V,3,1010,2
head_1_0_V,3,1009,2
head_1_0_V,3,1008,1
head_1_0_V,3,1007,2
head_1_0_V,3,1006,1
head_1_0_V,3,1005,2
head_1_0_V,3,1004,1
head_1_0_V,3,1003,1
head_1_0_V,3,1002,1
head_1_0_V,3,1000,1
head_1_0_V,3,999,3
head_1_0_V,3,997,2
head_1_0_V,3,996,1
head_1_0_V,3,995,2
head_1_0_V,3,993,2
head_1_0_V,3,992,4
head_1_0_V,3,991,3
head_1_0_V,3,990,2
head_1_0_V,3,989,3
head_1_0_V,3,988,4
head_1_0_V,3,987,2
head_1_0_V,3,983,1
head_1_0_V,3,982,2
head_1_0_V,3,981,2
head_1_0_V,3,980,1
head_1_0_V,3,979,1
head_1_0_V,3,978,5
head_1_0_V,3,977,1
head_1_0_V,3,976,1
head_1_0_V,3,975,2
head_1_0_V,3,974,1
head_1_0_V,3,973,1
head_1_0_V,3,972,4
head_1_0_V,3,971,2
head_1_0_V,3,969,1
head_1_0_V,3,968,2
head_1_0_V,3,967,1
head_1_0_V,3,966,4
head_1_0_V,3,965,1
head_1_0_V,3,964,1
head_1_0_V,3,963,2
head_1_0_V,3,962,1
head_1_0_V,3,961,2
head_1_0_V,3,960,2
head_1_0_V,3,959,2
head_1_0_V,3,958,2
head_1_0_V,3,957,1
head_1_0_V,3,956,1
head_1_0_V,3,954,2
head_1_0_V,3,953,1
head_1_0_V,3,951,2
head_1_0_V,3,949,1
head_1_0_V,3,948,1
head_1_0_V,3,947,2
head_1_0_V,3,946,2
head_1_0_V,3,945,1
head_1_0_V,3,944,1
head_1_0_V,3,942,1
head_1_0_V,3,941,1
head_1_0_V,3,940,2
head_1_0_V,3,939,3
head_1_0_V,3,938,1
head_1_0_V,3,937,2
head_1_0_V,3,936,6
head_1_0_V,3,935,3
head_1_0_V,3,934,2
head_1_0_V,3,933,1
head_1_0_V,3,932,3
head_1_0_V,3,930,1
head_1_0_V,3,929,1
head_1_0_V,3,928,2
head_1_0_V,3,927,4
head_1_0_V,3,926,2
head_1_0_V,3,924,2
head_1_0_V,3,923,1
head_1_0_V,3,922,2
head_1_0_V,3,920,2
head_1_0_V,3,919,4
head_1_0_V,3,918,1
head_1_0_V,3,917,2
head_1_0_V,3,916,3
head_1_0_V,3,915,2
head_1_0_V,3,914,2
head_1_0_V,3,913,4
head_1_0_V,3,912,1
head_1_0_V,3,910,2
head_1_0_V,3,909,2
head_1_0_V,3,908,1
head_1_0_V,3,907,2
head_1_0_V,3,905,4
head_1_0_V,3,904,1
head_1_0_V,3,902,2
head_1_0_V,3,901,4
head_1_0_V,3,900,3
head_1_0_V,3,898,3
head_1_0_V,3,897,2
head_1_0_V,3,896,4
head_1_0_V,3,895,1
head_1_0_V,3,894,3
head_1_0_V,3,893,1
head_1_0_V,3,892,1
head_1_0_V,3,891,2
head_1_0_V,3,890,1
head_1_0_V,3,889,2
head_1_0_V,3,887,2
head_1_0_V,3,886,1
head_1_0_V,3,885,1
head_1_0_V,3,884,2
head_1_0_V,3,883,2
head_1_0_V,3,882,1
head_1_0_V,3,880,2
head_1_0_V,3,879,1
head_1_0_V,3,878,1
head_1_0_V,3,877,3
head_1_0_V,3,876,5
head_1_0_V,3,875,1
head_1_0_V,3,874,2
head_1_0_V,3,873,6
head_1_0_V,3,872,2
head_1_0_V,3,871,4
head_1_0_V,3,870,3
head_1_0_V,3,869,2
head_1_0_V,3,868,3
head_1_0_V,3,867,1
head_1_0_V,3,866,2
head_1_0_V,3,865,1
head_1_0_V,3,864,1
head_1_0_V,3,863,2
head_1_0_V,3,862,3
head_1_0_V,3,861,3
head_1_0_V,3,860,1
head_1_0_V,3,859,3
head_1_0_V,3,857,6
head_1_0_V,3,856,1
head_1_0_V,3,855,1
head_1_0_V,3,854,3
head_1_0_V,3,853,3
head_1_0_V,3,852,3
head_1_0_V,3,850,4
head_1_0_V,3,848,1
head_1_0_V,3,847,1
head_1_0_V,3,846,5
head_1_0_V,3,845,6
head_1_0_V,3,844,1
head_1_0_V,3,843,2
head_1_0_V,3,842,3
head_1_0_V,3,840,2
head_1_0_V,3,839,4
head_1_0_V,3,837,3
head_1_0_V,3,836,2
head_1_0_V,3,834,1
head_1_0_V,3,833,1
head_1_0_V,3,831,3
head_1_0_V,3,830,2
head_1_0_V,3,828,3
head_1_0_V,3,827,1
head_1_0_V,3,826,2
head_1_0_V,3,825,3
head_1_0_V,3,823,1
head_1_0_V,3,822,5
head_1_0_V,3,821,2
head_1_0_V,3,820,1
head_1_0_V,3,819,1
head_1_0_V,3,818,2
head_1_0_V,3,817,5
head_1_0_V,3,816,4
head_1_0_V,3,815,5
head_1_0_V,3,814,4
head_1_0_V,3,813,2
head_1_0_V,3,812,1
head_1_0_V,3,811,2
head_1_0_V,3,810,3
head_1_0_V,3,809,2
head_1_0_V,3,808,2
head_1_0_V,3,807,2
head_1_0_V,3,805,1
head_1_0_V,3,803,2
head_1_0_V,3,802,2
head_1_0_V,3,801,3
head_1_0_V,3,800,2
head_1_0_V,3,799,1
head_1_0_V,3,798,1
head_1_0_V,3,797,3
head_1_0_V,3,796,2
head_1_0_V,3,795,4
head_1_0_V,3,794,3
head_1_0_V,3,793,4
head_1_0_V,3,792,1
head_1_0_V,3,791,5
head_1_0_V,3,790,2
head_1_0_V,3,789,3
head_1_0_V,3,788,6
head_1_0_V,3,787,3
head_1_0_V,3,786,4
head_1_0_V,3,785,5
head_1_0_V,3,784,3
head_1_0_V,3,783,3
head_1_0_V,3,782,3
head_1_0_V,3,781,3
head_1_0_V,3,780,2
head_1_0_V,3,779,3
head_1_0_V,3,778,1
head_1_0_V,3,777,4
head_1_0_V,3,776,2
head_1_0_V,3,775,3
head_1_0_V,3,774,3
head_1_0_V,3,773,1
head_1_0_V,3,772,4
head_1_0_V,3,771,1
head_1_0_V,3,770,1
head_1_0_V,3,769,1
head_1_0_V,3,767,5
head_1_0_V,3,765,1
head_1_0_V,3,764,5
head_1_0_V,3,763,2
head_1_0_V,3,762,2
head_1_0_V,3,761,2
head_1_0_V,3,760,2
head_1_0_V,3,759,1
head_1_0_V,3,758,4
head_1_0_V,3,757,3
head_1_0_V,3,756,2
head_1_0_V,3,755,6
head_1_0_V,3,754,1
head_1_0_V,3,753,4
head_1_0_V,3,752,6
head_1_0_V,3,751,4
head_1_0_V,3,750,2
head_1_0_V,3,749,4
head_1_0_V,3,748,1
head_1_0_V,3,747,4
head_1_0_V,3,746,4
head_1_0_V,3,744,6
head_1_0_V,3,743,3
head_1_0_V,3,741,1
head_1_0_V,3,740,2
head_1_0_V,3,739,2
head_1_0_V,3,736,2
head_1_0_V,3,735,4
head_1_0_V,3,734,5
head_1_0_V,3,733,5
head_1_0_V,3,732,4
head_1_0_V,3,731,5
head_1_0_V,3,730,6
head_1_0_V,3,729,3
head_1_0_V,3,728,5
head_1_0_V,3,727,7
head_1_0_V,3,726,4
head_1_0_V,3,725,1
head_1_0_V,3,724,1
head_1_0_V,3,723,2
head_1_0_V,3,722,1
head_1_0_V,3,721,1
head_1_0_V,3,720,5
head_1_0_V,3,719,5
head_1_0_V,3,718,6
head_1_0_V,3,717,2
head_1_0_V,3,716,2
head_1_0_V,3,715,2
head_1_0_V,3,714,2
head_1_0_V,3,712,6
head_1_0_V,3,711,3
head_1_0_V,3,710,4
head_1_0_V,3,709,1
head_1_0_V,3,707,6
head_1_0_V,3,706,3
head_1_0_V,3,705,2
head_1_0_V,3,704,5
head_1_0_V,3,703,4
head_1_0_V,3,702,6
head_1_0_V,3,701,3
head_1_0_V,3,700,5
head_1_0_V,3,699,2
head_1_0_V,3,698,2
head_1_0_V,3,697,3
head_1_0_V,3,696,5
head_1_0_V,3,695,3
head_1_0_V,3,694,6
head_1_0_V,3,693,2
head_1_0_V,3,692,7
head_1_0_V,3,691,3
head_1_0_V,3,690,1
head_1_0_V,3,689,3
head_1_0_V,3,688,5
head_1_0_V,3,687,2
head_1_0_V,3,686,6
head_1_0_V,3,685,3
head_1_0_V,3,684,4
head_1_0_V,3,683,2
head_1_0_V,3,682,3
head_1_0_V,3,681,3
head_1_0_V,3,680,1
head_1_0_V,3,679,4
head_1_0_V,3,678,2
head_1_0_V,3,677,4
head_1_0_V,3,676,3
head_1_0_V,3,675,6
head_1_0_V,3,674,3
head_1_0_V,3,673,2
head_1_0_V,3,672,6
head_1_0_V,3,671,2
head_1_0_V,3,670,2
head_1_0_V,3,669,1
head_1_0_V,3,668,6
head_1_0_V,3,666,3
head_1_0_V,3,665,3
head_1_0_V,3,664,7
head_1_0_V,3,663,3
head_1_0_V,3,662,6
head_1_0_V,3,661,6
head_1_0_V,3,660,2
head_1_0_V,3,659,3
head_1_0_V,3,658,2
head_1_0_V,3,657,3
head_1_0_V,3,656,8
head_1_0_V,3,655,4
head_1_0_V,3,654,4
head_1_0_V,3,653,3
head_1_0_V,3,652,4
head_1_0_V,3,651,3
head_1_0_V,3,650,1
head_1_0_V,3,649,5
head_1_0_V,3,648,2
head_1_0_V,3,647,1
head_1_0_V,3,646,5
head_1_0_V,3,645,3
head_1_0_V,3,644,6
head_1_0_V,3,643,6
head_1_0_V,3,642,4
head_1_0_V,3,641,7
head_1_0_V,3,640,1
head_1_0_V,3,639,3
head_1_0_V,3,638,6
head_1_0_V,3,637,6
head_1_0_V,3,636,2
head_1_0_V,3,635,7
head_1_0_V,3,634,5
head_1_0_V,3,633,3
head_1_0_V,3,632,6
head_1_0_V,3,631,8
head_1_0_V,3,630,4
head_1_0_V,3,629,8
head_1_0_V,3,628,8
head_1_0_V,3,627,3
head_1_0_V,3,626,2
head_1_0_V,3,625,2
head_1_0_V,3,624,4
head_1_0_V,3,623,3
head_1_0_V,3,622,3
head_1_0_V,3,621,5
head_1_0_V,3,620,7
head_1_0_V,3,619,3
head_1_0_V,3,618,5
head_1_0_V,3,617,4
head_1_0_V,3,616,4
head_1_0_V,3,615,5
head_1_0_V,3,614,3
head_1_0_V,3,613,2
head_1_0_V,3,612,5
head_1_0_V,3,611,2
head_1_0_V,3,610,5
head_1_0_V,3,609,2
head_1_0_V,3,608,3
head_1_0_V,3,607,2
head_1_0_V,3,606,2
head_1_0_V,3,605,8
head_1_0_V,3,604,4
head_1_0_V,3,603,11
head_1_0_V,3,602,6
head_1_0_V,3,601,7
head_1_0_V,3,600,7
head_1_0_V,3,599,3
head_1_0_V,3,598,5
head_1_0_V,3,597,7
head_1_0_V,3,596,13
head_1_0_V,3,595,5
head_1_0_V,3,594,6
head_1_0_V,3,593,5
head_1_0_V,3,592,4
head_1_0_V,3,591,6
head_1_0_V,3,590,6
head_1_0_V,3,589,4
head_1_0_V,3,588,3
head_1_0_V,3,587,8
head_1_0_V,3,586,7
head_1_0_V,3,585,11
head_1_0_V,3,584,9
head_1_0_V,3,583,10
head_1_0_V,3,582,8
head_1_0_V,3,581,7
head_1_0_V,3,580,7
head_1_0_V,3,579,8
head_1_0_V,3,578,5
head_1_0_V,3,577,5
head_1_0_V,3,576,9
head_1_0_V,3,575,1
head_1_0_V,3,574,10
head_1_0_V,3,573,2
head_1_0_V,3,572,5
head_1_0_V,3,571,3
head_1_0_V,3,570,5
head_1_0_V,3,569,5
head_1_0_V,3,568,7
head_1_0_V,3,567,4
head_1_0_V,3,566,3
head_1_0_V,3,565,4
head_1_0_V,3,564,7
head_1_0_V,3,563,7
head_1_0_V,3,562,1
head_1_0_V,3,561,6
head_1_0_V,3,560,7
head_1_0_V,3,559,4
head_1_0_V,3,558,5
head_1_0_V,3,557,9
head_1_0_V,3,556,4
head_1_0_V,3,555,8
head_1_0_V,3,554,5
head_1_0_V,3,553,6
head_1_0_V,3,552,6
head_1_0_V,3,551,5
head_1_0_V,3,550,7
head_1_0_V,3,549,5
head_1_0_V,3,548,6
head_1_0_V,3,547,2
head_1_0_V,3,546,4
head_1_0_V,3,545,5
head_1_0_V,3,544,2
head_1_0_V,3,543,5
head_1_0_V,3,542,3
head_1_0_V,3,541,1
head_1_0_V,3,540,7
head_1_0_V,3,539,3
head_1_0_V,3,538,9
head_1_0_V,3,537,3
head_1_0_V,3,536,8
head_1_0_V,3,535,4
head_1_0_V,3,534,9
head_1_0_V,3,533,10
head_1_0_V,3,532,11
head_1_0_V,3,531,9
head_1_0_V,3,530,5
head_1_0_V,3,529,2
head_1_0_V,3,528,7
head_1_0_V,3,527,8
head_1_0_V,3,526,4
head_1_0_V,3,525,3
head_1_0_V,3,524,3
head_1_0_V,3,523,8
head_1_0_V,3,522,12
head_1_0_V,3,521,11
head_1_0_V,3,520,1
head_1_0_V,3,519,5
head_1_0_V,3,518,6
head_1_0_V,3,517,7
head_1_0_V,3,516,8
head_1_0_V,3,515,6
head_1_0_V,3,514,6
head_1_0_V,3,513,11
head_1_0_V,3,512,7
head_1_0_V,3,511,6
head_1_0_V,3,510,8
head_1_0_V,3,509,7
head_1_0_V,3,508,9
head_1_0_V,3,507,8
head_1_0_V,3,506,5
head_1_0_V,3,505,8
head_1_0_V,3,504,5
head_1_0_V,3,503,7
head_1_0_V,3,502,7
head_1_0_V,3,501,6
head_1_0_V,3,500,1
head_1_0_V,3,499,4
head_1_0_V,3,498,9
head_1_0_V,3,497,5
head_1_0_V,3,496,10
head_1_0_V,3,495,9
head_1_0_V,3,494,5
head_1_0_V,3,493,15
head_1_0_V,3,492,6
head_1_0_V,3,491,2
head_1_0_V,3,490,7
head_1_0_V,3,489,9
head_1_0_V,3,488,8
head_1_0_V,3,487,5
head_1_0_V,3,486,5
head_1_0_V,3,485,17
head_1_0_V,3,484,15
head_1_0_V,3,483,4
head_1_0_V,3,482,14
head_1_0_V,3,481,11
head_1_0_V,3,480,5
head_1_0_V,3,479,6
head_1_0_V,3,478,6
head_1_0_V,3,477,12
head_1_0_V,3,476,9
head_1_0_V,3,475,4
head_1_0_V,3,474,11
head_1_0_V,3,473,9
head_1_0_V,3,472,11
head_1_0_V,3,471,12
head_1_0_V,3,470,14
head_1_0_V,3,469,7
head_1_0_V,3,468,7
head_1_0_V,3,467,5
head_1_0_V,3,466,15
head_1_0_V,3,465,8
head_1_0_V,3,464,7
head_1_0_V,3,463,6
head_1_0_V,3,462,4
head_1_0_V,3,461,10
head_1_0_V,3,460,8
head_1_0_V,3,459,8
head_1_0_V,3,458,13
head_1_0_V,3,457,8
head_1_0_V,3,456,10
head_1_0_V,3,455,14
head_1_0_V,3,454,7
head_1_0_V,3,453,6
head_1_0_V,3,452,6
head_1_0_V,3,451,14
head_1_0_V,3,450,11
head_1_0_V,3,449,9
head_1_0_V,3,448,13
head_1_0_V,3,447,14
head_1_0_V,3,446,9
head_1_0_V,3,445,12
head_1_0_V,3,444,5
head_1_0_V,3,443,10
head_1_0_V,3,442,11
head_1_0_V,3,441,18
head_1_0_V,3,440,5
head_1_0_V,3,439,14
head_1_0_V,3,438,12
head_1_0_V,3,437,14
head_1_0_V,3,436,3
head_1_0_V,3,435,11
head_1_0_V,3,434,12
head_1_0_V,3,433,9
head_1_0_V,3,432,11
head_1_0_V,3,431,5
head_1_0_V,3,430,13
head_1_0_V,3,429,11
head_1_0_V,3,428,9
head_1_0_V,3,427,15
head_1_0_V,3,426,5
head_1_0_V,3,425,13
head_1_0_V,3,424,17
head_1_0_V,3,423,8
head_1_0_V,3,422,10
head_1_0_V,3,421,8
head_1_0_V,3,420,15
head_1_0_V,3,419,12
head_1_0_V,3,418,13
head_1_0_V,3,417,14
head_1_0_V,3,416,14
head_1_0_V,3,415,11
head_1_0_V,3,414,15
head_1_0_V,3,413,15
head_1_0_V,3,412,13
head_1_0_V,3,411,15
head_1_0_V,3,410,12
head_1_0_V,3,409,11
head_1_0_V,3,408,13
head_1_0_V,3,407,12
head_1_0_V,3,406,19
head_1_0_V,3,405,11
head_1_0_V,3,404,18
head_1_0_V,3,403,16
head_1_0_V,3,402,9
head_1_0_V,3,401,12
head_1_0_V,3,400,12
head_1_0_V,3,399,10
head_1_0_V,3,398,9
head_1_0_V,3,397,11
head_1_0_V,3,396,15
head_1_0_V,3,395,11
head_1_0_V,3,394,12
head_1_0_V,3,393,10
head_1_0_V,3,392,13
head_1_0_V,3,391,11
head_1_0_V,3,390,8
head_1_0_V,3,389,16
head_1_0_V,3,388,10
head_1_0_V,3,387,15
head_1_0_V,3,386,13
head_1_0_V,3,385,22
head_1_0_V,3,384,12
head_1_0_V,3,383,28
head_1_0_V,3,382,16
head_1_0_V,3,381,12
head_1_0_V,3,380,21
head_1_0_V,3,379,17
head_1_0_V,3,378,9
head_1_0_V,3,377,17
head_1_0_V,3,376,13
head_1_0_V,3,375,11
head_1_0_V,3,374,15
head_1_0_V,3,373,9
head_1_0_V,3,372,9
head_1_0_V,3,371,11
head_1_0_V,3,370,7
head_1_0_V,3,369,16
head_1_0_V,3,368,17
head_1_0_V,3,367,11
head_1_0_V,3,366,18
head_1_0_V,3,365,18
head_1_0_V,3,364,15
head_1_0_V,3,363,11
head_1_0_V,3,362,17
head_1_0_V,3,361,9
head_1_0_V,3,360,15
head_1_0_V,3,359,19
head_1_0_V,3,358,16
head_1_0_V,3,357,14
head_1_0_V,3,356,17
head_1_0_V,3,355,15
head_1_0_V,3,354,17
head_1_0_V,3,353,10
head_1_0_V,3,352,16
head_1_0_V,3,351,15
head_1_0_V,3,350,26
head_1_0_V,3,349,15
head_1_0_V,3,348,20
head_1_0_V,3,347,20
head_1_0_V,3,346,15
head_1_0_V,3,345,13
head_1_0_V,3,344,9
head_1_0_V,3,343,18
head_1_0_V,3,342,22
head_1_0_V,3,341,15
head_1_0_V,3,340,16
head_1_0_V,3,339,15
head_1_0_V,3,338,14
head_1_0_V,3,337,14
head_1_0_V,3,336,13
head_1_0_V,3,335,14
head_1_0_V,3,334,24
head_1_0_V,3,333,15
head_1_0_V,3,332,17
head_1_0_V,3,331,16
head_1_0_V,3,330,20
head_1_0_V,3,329,15
head_1_0_V,3,328,20
head_1_0_V,3,327,26
head_1_0_V,3,326,26
head_1_0_V,3,325,15
head_1_0_V,3,324,19
head_1_0_V,3,323,21
head_1_0_V,3,322,21
head_1_0_V,3,321,13
head_1_0_V,3,320,20
head_1_0_V,3,319,19
head_1_0_V,3,318,25
head_1_0_V,3,317,18
head_1_0_V,3,316,18
head_1_0_V,3,315,17
head_1_0_V,3,314,22
head_1_0_V,3,313,19
head_1_0_V,3,312,20
head_1_0_V,3,311,14
head_1_0_V,3,310,15
head_1_0_V,3,309,22
head_1_0_V,3,308,23
head_1_0_V,3,307,25
head_1_0_V,3,306,22
head_1_0_V,3,305,21
head_1_0_V,3,304,18
head_1_0_V,3,303,19
head_1_0_V,3,302,21
head_1_0_V,3,301,22
head_1_0_V,3,300,25
head_1_0_V,3,299,22
head_1_0_V,3,298,34
head_1_0_V,3,297,24
head_1_0_V,3,296,26
head_1_0_V,3,295,18
head_1_0_V,3,294,17
head_1_0_V,3,293,17
head_1_0_V,3,292,35
head_1_0_V,3,291,32
head_1_0_V,3,290,33
head_1_0_V,3,289,15
head_1_0_V,3,288,17
head_1_0_V,3,287,22
head_1_0_V,3,286,29
head_1_0_V,3,285,25
head_1_0_V,3,284,25
head_1_0_V,3,283,27
head_1_0_V,3,282,26
head_1_0_V,3,281,27
head_1_0_V,3,280,17
head_1_0_V,3,279,31
head_1_0_V,3,278,26
head_1_0_V,3,277,29
head_1_0_V,3,276,21
head_1_0_V,3,275,20
head_1_0_V,3,274,34
head_1_0_V,3,273,26
head_1_0_V,3,272,27
head_1_0_V,3,271,28
head_1_0_V,3,270,33
head_1_0_V,3,269,19
head_1_0_V,3,268,29
head_1_0_V,3,267,18
head_1_0_V,3,266,34
head_1_0_V,3,265,34
head_1_0_V,3,264,23
head_1_0_V,3,263,31
head_1_0_V,3,262,31
head_1_0_V,3,261,18
head_1_0_V,3,260,30
head_1_0_V,3,259,33
head_1_0_V,3,258,27
head_1_0_V,3,257,32
head_1_0_V,3,256,34
head_1_0_V,3,255,40
head_1_0_V,3,254,25
head_1_0_V,3,253,31
head_1_0_V,3,252,24
head_1_0_V,3,251,24
head_1_0_V,3,250,27
head_1_0_V,3,249,38
head_1_0_V,3,248,26
head_1_0_V,3,247,35
head_1_0_V,3,246,21
head_1_0_V,3,245,41
head_1_0_V,3,244,24
head_1_0_V,3,243,37
head_1_0_V,3,242,27
head_1_0_V,3,241,37
head_1_0_V,3,240,28
head_1_0_V,3,239,28
head_1_0_V,3,238,35
head_1_0_V,3,237,39
head_1_0_V,3,236,39
head_1_0_V,3,235,36
head_1_0_V,3,234,28
head_1_0_V,3,233,41
head_1_0_V,3,232,33
head_1_0_V,3,231,41
head_1_0_V,3,230,39
head_1_0_V,3,229,43
head_1_0_V,3,228,41
head_1_0_V,3,227,40
head_1_0_V,3,226,36
head_1_0_V,3,225,37
head_1_0_V,3,224,43
head_1_0_V,3,223,32
head_1_0_V,3,222,45
head_1_0_V,3,221,38
head_1_0_V,3,220,31
head_1_0_V,3,219,41
head_1_0_V,3,218,29
head_1_0_V,3,217,35
head_1_0_V,3,216,33
head_1_0_V,3,215,38
head_1_0_V,3,214,45
head_1_0_V,3,213,51
head_1_0_V,3,212,39
head_1_0_V,3,211,49
head_1_0_V,3,210,36
head_1_0_V,3,209,38
head_1_0_V,3,208,39
head_1_0_V,3,207,42
head_1_0_V,3,206,30
head_1_0_V,3,205,45
head_1_0_V,3,204,48
head_1_0_V,3,203,53
head_1_0_V,3,202,60
head_1_0_V,3,201,45
head_1_0_V,3,200,57
head_1_0_V,3,199,39
head_1_0_V,3,198,49
head_1_0_V,3,197,53
head_1_0_V,3,196,48
head_1_0_V,3,195,44
head_1_0_V,3,194,51
head_1_0_V,3,193,32
head_1_0_V,3,192,46
head_1_0_V,3,191,42
head_1_0_V,3,190,53
head_1_0_V,3,189,56
head_1_0_V,3,188,65
head_1_0_V,3,187,43
head_1_0_V,3,186,54
head_1_0_V,3,185,48
head_1_0_V,3,184,59
head_1_0_V,3,183,51
head_1_0_V,3,182,45
head_1_0_V,3,181,50
head_1_0_V,3,180,61
head_1_0_V,3,179,62
head_1_0_V,3,178,58
head_1_0_V,3,177,57
head_1_0_V,3,176,63
head_1_0_V,3,175,47
head_1_0_V,3,174,55
head_1_0_V,3,173,60
head_1_0_V,3,172,50
head_1_0_V,3,171,52
head_1_0_V,3,170,56
head_1_0_V,3,169,55
head_1_0_V,3,168,66
head_1_0_V,3,167,71
head_1_0_V,3,166,53
head_1_0_V,3,165,62
head_1_0_V,3,164,65
head_1_0_V,3,163,65
head_1_0_V,3,162,65
head_1_0_V,3,161,64
head_1_0_V,3,160,66
head_1_0_V,3,159,73
head_1_0_V,3,158,61
head_1_0_V,3,157,60
head_1_0_V,3,156,71
head_1_0_V,3,155,59
head_1_0_V,3,154,80
head_1_0_V,3,153,66
head_1_0_V,3,152,78
head_1_0_V,3,151,78
head_1_0_V,3,150,77
head_1_0_V,3,149,73
head_1_0_V,3,148,64
head_1_0_V,3,147,52
head_1_0_V,3,146,64
head_1_0_V,3,145,80
head_1_0_V,3,144,70
head_1_0_V,3,143,65
head_1_0_V,3,142,85
head_1_0_V,3,141,72
head_1_0_V,3,140,80
head_1_0_V,3,139,68
head_1_0_V,3,138,81
head_1_0_V,3,137,81
head_1_0_V,3,136,78
head_1_0_V,3,135,69
head_1_0_V,3,134,107
head_1_0_V,3,133,72
head_1_0_V,3,132,88
head_1_0_V,3,131,95
head_1_0_V,3,130,80
head_1_0_V,3,129,53
head_1_0_V,3,128,69
head_1_0_V,3,127,73
head_1_0_V,3,126,110
head_1_0_V,3,125,90
head_1_0_V,3,124,91
head_1_0_V,3,123,86
head_1_0_V,3,122,89
head_1_0_V,3,121,96
head_1_0_V,3,120,90
head_1_0_V,3,119,92
head_1_0_V,3,118,102
head_1_0_V,3,117,93
head_1_0_V,3,116,111
head_1_0_V,3,115,114
head_1_0_V,3,114,96
head_1_0_V,3,113,99
head_1_0_V,3,112,102
head_1_0_V,3,111,107
head_1_0_V,3,110,103
head_1_0_V,3,109,114
head_1_0_V,3,108,113
head_1_0_V,3,107,104
head_1_0_V,3,106,95
head_1_0_V,3,105,91
head_1_0_V,3,104,117
head_1_0_V,3,103,108
head_1_0_V,3,102,117
head_1_0_V,3,101,128
head_1_0_V,3,100,98
head_1_0_V,3,99,131
head_1_0_V,3,98,134
head_1_0_V,3,97,124
head_1_0_V,3,96,126
head_1_0_V,3,95,123
head_1_0_V,3,94,119
head_1_0_V,3,93,136
head_1_0_V,3,92,126
head_1_0_V,3,91,119
head_1_0_V,3,90,143
head_1_0_V,3,89,120
head_1_0_V,3,88,127
head_1_0_V,3,87,147
head_1_0_V,3,86,147
head_1_0_V,3,85,144
head_1_0_V,3,84,130
head_1_0_V,3,83,148
head_1_0_V,3,82,150
head_1_0_V,3,81,155
head_1_0_V,3,80,138
head_1_0_V,3,79,147
head_1_0_V,3,78,155
head_1_0_V,3,77,163
head_1_0_V,3,76,142
head_1_0_V,3,75,168
head_1_0_V,3,74,162
head_1_0_V,3,73,162
head_1_0_V,3,72,153
head_1_0_V,3,71,156
head_1_0_V,3,70,188
head_1_0_V,3,69,160
head_1_0_V,3,68,181
head_1_0_V,3,67,207
head_1_0_V,3,66,195
head_1_0_V,3,65,157
head_1_0_V,3,64,172
head_1_0_V,3,63,173
head_1_0_V,3,62,206
head_1_0_V,3,61,204
head_1_0_V,3,60,191
head_1_0_V,3,59,199
head_1_0_V,3,58,205
head_1_0_V,3,57,214
head_1_0_V,3,56,221
head_1_0_V,3,55,189
head_1_0_V,3,54,194
head_1_0_V,3,53,211
head_1_0_V,3,52,217
head_1_0_V,3,51,204
head_1_0_V,3,50,215
head_1_0_V,3,49,215
head_1_0_V,3,48,244
head_1_0_V,3,47,262
head_1_0_V,3,46,235
head_1_0_V,3,45,269
head_1_0_V,3,44,243
head_1_0_V,3,43,258
head_1_0_V,3,42,245
head_1_0_V,3,41,244
head_1_0_V,3,40,242
head_1_0_V,3,39,250
head_1_0_V,3,38,281
head_1_0_V,3,37,293
head_1_0_V,3,36,279
head_1_0_V,3,35,280
head_1_0_V,3,34,299
head_1_0_V,3,33,312
head_1_0_V,3,32,280
head_1_0_V,3,31,349
head_1_0_V,3,30,312
head_1_0_V,3,29,329
head_1_0_V,3,28,392
head_1_0_V,3,27,402
head_1_0_V,3,26,390
head_1_0_V,3,25,398
head_1_0_V,3,24,405
head_1_0_V,3,23,397
head_1_0_V,3,22,433
head_1_0_V,3,21,469
head_1_0_V,3,20,442
head_1_0_V,3,19,487
head_1_0_V,3,18,531
head_1_0_V,3,17,520
head_1_0_V,3,16,559
head_1_0_V,3,15,592
head_1_0_V,3,14,640
head_1_0_V,3,13,703
head_1_0_V,3,12,687
head_1_0_V,3,11,737
head_1_0_V,3,10,802
head_1_0_V,3,9,762
head_1_0_V,3,8,847
head_1_0_V,3,7,886
head_1_0_V,3,6,882
head_1_0_V,3,5,947
head_1_0_V,3,4,983
head_1_0_V,3,3,1032
head_1_0_V,3,2,1148
head_1_0_V,3,1,1219
head_1_0_V,3,0,17399
head_1_1_V,0,14038,1
head_1_1_V,0,12337,1
head_1_1_V,0,10209,1
head_1_1_V,0,9910,1
head_1_1_V,0,9512,1
head_1_1_V,0,8430,1
head_1_1_V,0,8020,1
head_1_1_V,0,7350,1
head_1_1_V,0,7193,1
head_1_1_V,0,6724,1
head_1_1_V,0,6630,1
head_1_1_V,0,6554,1
head_1_1_V,0,6483,1
head_1_1_V,0,6452,1
head_1_1_V,0,6126,1
head_1_1_V,0,6123,1
head_1_1_V,0,6112,1
head_1_1_V,0,5969,1
head_1_1_V,0,5950,1
head_1_1_V,0,5854,1
head_1_1_V,0,5736,1
head_1_1_V,0,5497,1
head_1_1_V,0,5402,1
head_1_1_V,0,5363,1
head_1_1_V,0,5116,1
head_1_1_V,0,5005,1
head_1_1_V,0,4800,1
head_1_1_V,0,4735,1
head_1_1_V,0,4722,1
head_1_1_V,0,4658,1
head_1_1_V,0,4611,1
head_1_1_V,0,4591,1
head_1_1_V,0,4544,1
head_1_1_V,0,4507,2
head_1_1_V,0,4382,1
head_1_1_V,0,4366,1
head_1_1_V,0,4304,1
head_1_1_V,0,4277,1
head_1_1_V,0,4273,1
head_1_1_V,0,4238,1
head_1_1_V,0,4237,1
head_1_1_V,0,4180,1
head_1_1_V,0,4179,1
head_1_1_V,0,4098,1
head_1_1_V,0,4012,1
head_1_1_V,0,3996,1
head_1_1_V,0,3978,1
head_1_1_V,0,3971,1
head_1_1_V,0,3967,1
head_1_1_V,0,3965,1
head_1_1_V,0,3960,1
head_1_1_V,0,3957,1
head_1_1_V,0,3907,1
head_1_1_V,0,3826,1
head_1_1_V,0,3816,1
head_1_1_V,0,3812,1
head_1_1_V,0,3730,1
head_1_1_V,0,3716,1
head_1_1_V,0,3689,1
head_1_1_V,0,3669,1
head_1_1_V,0,3628,1
head_1_1_V,0,3530,1
head_1_1_V,0,3519,1
head_1_1_V,0,3518,1
head_1_1_V,0,3427,1
head_1_1_V,0,3409,2
head_1_1_V,0,3389,1
head_1_1_V,0,3384,1
head_1_1_V,0,3368,1
head_1_1_V,0,3347,1
head_1_1_V,0,3276,1
head_1_1_V,0,3274,1
head_1_1_V,0,3271,1
head_1_1_V,0,3270,1
head_1_1_V,0,3251,1
head_1_1_V,0,3237,1
head_1_1_V,0,3198,1
head_1_1_V,0,3184,1
head_1_1_V,0,3177,1
head_1_1_V,0,3168,1
head_1_1_V,0,3143,1
head_1_1_V,0,3131,1
head_1_1_V,0,3116,1
head_1_1_V,0,3111,1
head_1_1_V,0,3100,1
head_1_1_V,0,3095,1
head_1_1_V,0,3070,1
head_1_1_V,0,3069,1
head_1_1_V,0,3063,1
head_1_1_V,0,3042,1
head_1_1_V,0,3021,1
head_1_1_V,0,3013,1
head_1_1_V,0,2950,1
head_1_1_V,0,2942,1
head_1_1_V,0,2902,1
head_1_1_V,0,2900,1
head_1_1_V,0,2898,1
head_1_1_V,0,2876,1
head_1_1_V,0,2872,1
head_1_1_V,0,2856,1
head_1_1_V,0,2848,1
head_1_1_V,0,2846,1
head_1_1_V,0,2845,1
head_1_1_V,0,2820,2
head_1_1_V,0,2812,1
head_1_1_V,0,2810,1
head_1_1_V,0,2784,1
head_1_1_V,0,2776,1
head_1_1_V,0,2746,1
head_1_1_V,0,2745,1
head_1_1_V,0,2735,1
head_1_1_V,0,2734,1
head_1_1_V,0,2723,1
head_1_1_V,0,2720,1
head_1_1_V,0,2706,1
head_1_1_V,0,2704,2
head_1_1_V,0,2687,1
head_1_1_V,0,2662,1
head_1_1_V,0,2656,1
head_1_1_V,0,2639,1
head_1_1_V,0,2630,1
head_1_1_V,0,2627,1
head_1_1_V,0,2602,1
head_1_1_V,0,2599,1
head_1_1_V,0,2583,1
head_1_1_V,0,2579,1
head_1_1_V,0,2570,1
head_1_1_V,0,2567,1
head_1_1_V,0,2563,1
head_1_1_V,0,2559,1
head_1_1_V,0,2537,1
head_1_1_V,0,2525,1
head_1_1_V,0,2521,1
head_1_1_V,0,2510,1
head_1_1_V,0,2505,1
head_1_1_V,0,2502,1
head_1_1_V,0,2488,1
head_1_1_V,0,2482,1
head_1_1_V,0,2476,1
head_1_1_V,0,2474,1
head_1_1_V,0,2460,1
head_1_1_V,0,2450,1
head_1_1_V,0,2446,1
head_1_1_V,0,2439,1
head_1_1_V,0,2435,1
head_1_1_V,0,2434,2
head_1_1_V,0,2417,1
head_1_1_V,0,2412,1
head_1_1_V,0,2407,1
head_1_1_V,0,2406,1
head_1_1_V,0,2380,1
head_1_1_V,0,2376,1
head_1_1_V,0,2358,2
head_1_1_V,0,2350,2
head_1_1_V,0,2348,2
head_1_1_V,0,2340,1
head_1_1_V,0,2327,1
head_1_1_V,0,2321,1
head_1_1_V,0,2313,1
head_1_1_V,0,2307,2
head_1_1_V,0,2306,1
head_1_1_V,0,2301,2
head_1_1_V,0,2297,1
head_1_1_V,0,2287,1
head_1_1_V,0,2281,1
head_1_1_V,0,2280,1
head_1_1_V,0,2277,1
head_1_1_V,0,2274,1
head_1_1_V,0,2269,1
head_1_1_V,0,2266,1
head_1_1_V,0,2259,1
head_1_1_V,0,2252,1
head_1_1_V,0,2247,1
head_1_1_V,0,2233,1
head_1_1_V,0,2221,1
head_1_1_V,0,2200,1
head_1_1_V,0,2195,1
head_1_1_V,0,2192,1
head_1_1_V,0,2190,1
head_1_1_V,0,2189,1
head_1_1_V,0,2185,1
head_1_1_V,0,2183,1
head_1_1_V,0,2180,2
head_1_1_V,0,2172,1
head_1_1_V,0,2169,1
head_1_1_V,0,2166,1
head_1_1_V,0,2159,1
head_1_1_V,0,2154,1
head_1_1_V,0,2151,1
head_1_1_V,0,2147,1
head_1_1_V,0,2145,1
head_1_1_V,0,2129,1
head_1_1_V,0,2110,1
head_1_1_V,0,2107,1
head_1_1_V,0,2106,1
head_1_1_V,0,2104,1
head_1_1_V,0,2100,1
head_1_1_V,0,2091,1
head_1_1_V,0,2084,1
head_1_1_V,0,2083,1
head_1_1_V,0,2076,1
head_1_1_V,0,2074,1
head_1_1_V,0,2069,1
head_1_1_V,0,2068,1
head_1_1_V,0,2067,1
head_1_1_V,0,2065,1
head_1_1_V,0,2048,1
head_1_1_V,0,2044,1
head_1_1_V,0,2027,1
head_1_1_V,0,2022,1
head_1_1_V,0,2016,1
head_1_1_V,0,2015,1
head_1_1_V,0,2007,1
head_1_1_V,0,2004,2
head_1_1_V,0,2003,1
head_1_1_V,0,1992,1
head_1_1_V,0,1983,3
head_1_1_V,0,1982,1
head_1_1_V,0,1969,1
head_1_1_V,0,1968,2
head_1_1_V,0,1967,1
head_1_1_V,0,1965,1
head_1_1_V,0,1959,2
head_1_1_V,0,1955,1
head_1_1_V,0,1947,1
head_1_1_V,0,1946,1
head_1_1_V,0,1943,1
head_1_1_V,0,1941,1
head_1_1_V,0,1937,1
head_1_1_V,0,1929,1
head_1_1_V,0,1925,1
head_1_1_V,0,1915,3
head_1_1_V,0,1909,1
head_1_1_V,0,1906,1
head_1_1_V,0,1901,1
head_1_1_V,0,1899,2
head_1_1_V,0,1894,1
head_1_1_V,0,1891,1
head_1_1_V,0,1890,2
head_1_1_V,0,1885,1
head_1_1_V,0,1882,1
head_1_1_V,0,1879,1
head_1_1_V,0,1873,1
head_1_1_V,0,1871,1
head_1_1_V,0,1867,1
head_1_1_V,0,1863,1
head_1_1_V,0,1849,1
head_1_1_V,0,1848,1
head_1_1_V,0,1843,1
head_1_1_V,0,1842,1
head_1_1_V,0,1833,1
head_1_1_V,0,1832,1
head_1_1_V,0,1827,1
head_1_1_V,0,1822,1
head_1_1_V,0,1820,2
head_1_1_V,0,1809,1
head_1_1_V,0,1806,1
head_1_1_V,0,1802,1
head_1_1_V,0,1801,2
head_1_1_V,0,1796,1
head_1_1_V,0,1795,2
head_1_1_V,0,1792,1
head_1_1_V,0,1791,1
head_1_1_V,0,1790,3
head_1_1_V,0,1782,1
head_1_1_V,0,1779,1
head_1_1_V,0,1776,1
head_1_1_V,0,1772,1
head_1_1_V,0,1770,1
head_1_1_V,0,1767,1
head_1_1_V,0,1765,1
head_1_1_V,0,1759,1
head_1_1_V,0,1758,1
head_1_1_V,0,1757,1
head_1_1_V,0,1755,1
head_1_1_V,0,1754,1
head_1_1_V,0,1753,1
head_1_1_V,0,1752,1
head_1_1_V,0,1751,1
head_1_1_V,0,1747,1
head_1_1_V,0,1744,1
head_1_1_V,0,1743,1
head_1_1_V,0,1737,2
head_1_1_V,0,1735,1
head_1_1_V,0,1734,1
head_1_1_V,0,1731,1
head_1_1_V,0,1724,1
head_1_1_V,0,1722,1
head_1_1_V,0,1720,1
head_1_1_V,0,1719,1
head_1_1_V,0,1717,2
head_1_1_V,0,1716,1
head_1_1_V,0,1715,1
head_1_1_V,0,1712,1
head_1_1_V,0,1705,1
head_1_1_V,0,1703,1
head_1_1_V,0,1702,1
head_1_1_V,0,1697,1
head_1_1_V,0,1694,2
head_1_1_V,0,1690,1
head_1_1_V,0,1687,1
head_1_1_V,0,1686,1
head_1_1_V,0,1684,1
head_1_1_V,0,1681,2
head_1_1_V,0,1680,1
head_1_1_V,0,1679,1
head_1_1_V,0,1678,2
head_1_1_V,0,1677,1
head_1_1_V,0,1676,1
head_1_1_V,0,1672,1
head_1_1_V,0,1671,1
head_1_1_V,0,1669,1
head_1_1_V,0,1668,1
head_1_1_V,0,1665,1
head_1_1_V,0,1664,1
head_1_1_V,0,1658,2
head_1_1_V,0,1654,1
head_1_1_V,0,1648,1
head_1_1_V,0,1647,2
head_1_1_V,0,1646,1
head_1_1_V,0,1644,1
head_1_1_V,0,1640,1
head_1_1_V,0,1638,1
head_1_1_V,0,1637,1
head_1_1_V,0,1636,1
head_1_1_V,0,1635,3
head_1_1_V,0,1633,1
head_1_1_V,0,1626,1
head_1_1_V,0,1624,1
head_1_1_V,0,1623,1
head_1_1_V,0,1621,1
head_1_1_V,0,1619,4
head_1_1_V,0,1605,1
head_1_1_V,0,1601,3
head_1_1_V,0,1600,1
head_1_1_V,0,1596,1
head_1_1_V,0,1594,1
head_1_1_V,0,1591,1
head_1_1_V,0,1587,1
head_1_1_V,0,1585,1
head_1_1_V,0,1583,2
head_1_1_V,0,1582,1
head_1_1_V,0,1578,1
head_1_1_V,0,1577,1
head_1_1_V,0,1574,1
head_1_1_V,0,1573,1
head_1_1_V,0,1572,1
head_1_1_V,0,1570,1
head_1_1_V,0,1567,1
head_1_1_V,0,1566,1
head_1_1_V,0,1563,1
head_1_1_V,0,1560,1
head_1_1_V,0,1559,1
head_1_1_V,0,1556,1
head_1_1_V,0,1551,1
head_1_1_V,0,1550,1
head_1_1_V,0,1543,1
head_1_1_V,0,1540,1
head_1_1_V,0,1534,1
head_1_1_V,0,1532,1
head_1_1_V,0,1531,1
head_1_1_V,0,1530,1
head_1_1_V,0,1529,1
head_1_1_V,0,1528,1
head_1_1_V,0,1525,1
head_1_1_V,0,1523,1
head_1_1_V,0,1522,1
head_1_1_V,0,1521,1
head_1_1_V,0,1518,1
head_1_1_V,0,1517,1
head_1_1_V,0,1511,1
head_1_1_V,0,1510,2
head_1_1_V,0,1509,1
head_1_1_V,0,1505,1
head_1_1_V,0,1504,1
head_1_1_V,0,1501,1
head_1_1_V,0,1500,1
head_1_1_V,0,1493,1
head_1_1_V,0,1492,1
head_1_1_V,0,1488,3
head_1_1_V,0,1486,1
head_1_1_V,0,1480,1
head_1_1_V,0,1476,1
head_1_1_V,0,1469,1
head_1_1_V,0,1467,1
head_1_1_V,0,1466,1
head_1_1_V,0,1464,1
head_1_1_V,0,1463,1
head_1_1_V,0,1462,1
head_1_1_V,0,1461,3
head_1_1_V,0,1460,1
head_1_1_V,0,1454,1
head_1_1_V,0,1452,1
head_1_1_V,0,1451,1
head_1_1_V,0,1450,1
head_1_1_V,0,1448,2
head_1_1_V,0,1447,1
head_1_1_V,0,1445,2
head_1_1_V,0,1441,1
head_1_1_V,0,1439,1
head_1_1_V,0,1437,1
head_1_1_V,0,1435,1
head_1_1_V,0,1429,1
head_1_1_V,0,1427,2
head_1_1_V,0,1425,1
head_1_1_V,0,1423,2
head_1_1_V,0,1422,1
head_1_1_V,0,1420,1
head_1_1_V,0,1419,1
head_1_1_V,0,1418,1
head_1_1_V,0,1416,1
head_1_1_V,0,1414,1
head_1_1_V,0,1412,1
head_1_1_V,0,1409,2
head_1_1_V,0,1408,1
head_1_1_V,0,1407,2
head_1_1_V,0,1406,2
head_1_1_V,0,1401,1
head_1_1_V,0,1399,1
head_1_1_V,0,1397,1
head_1_1_V,0,1395,2
head_1_1_V,0,1393,1
head_1_1_V,0,1392,2
head_1_1_V,0,1387,2
head_1_1_V,0,1385,1
head_1_1_V,0,1383,1
head_1_1_V,0,1381,1
head_1_1_V,0,1380,1
head_1_1_V,0,1378,3
head_1_1_V,0,1374,1
head_1_1_V,0,1372,2
head_1_1_V,0,1366,1
head_1_1_V,0,1359,1
head_1_1_V,0,1358,2
head_1_1_V,0,1351,3
head_1_1_V,0,1350,1
head_1_1_V,0,1345,1
head_1_1_V,0,1343,1
head_1_1_V,0,1339,1
head_1_1_V,0,1336,2
head_1_1_V,0,1335,1
head_1_1_V,0,1334,1
head_1_1_V,0,1331,1
head_1_1_V,0,1329,1
head_1_1_V,0,1328,1
head_1_1_V,0,1325,1
head_1_1_V,0,1324,1
head_1_1_V,0,1321,1
head_1_1_V,0,1318,1
head_1_1_V,0,1317,3
head_1_1_V,0,1316,3
head_1_1_V,0,1315,1
head_1_1_V,0,1311,1
head_1_1_V,0,1310,1
head_1_1_V,0,1309,3
head_1_1_V,0,1306,1
head_1_1_V,0,1304,1
head_1_1_V,0,1303,1
head_1_1_V,0,1302,2
head_1_1_V,0,1301,2
head_1_1_V,0,1297,2
head_1_1_V,0,1295,1
head_1_1_V,0,1293,1
head_1_1_V,0,1292,1
head_1_1_V,0,1291,3
head_1_1_V,0,1290,1
head_1_1_V,0,1288,2
head_1_1_V,0,1286,1
head_1_1_V,0,1284,4
head_1_1_V,0,1283,1
head_1_1_V,0,1282,3
head_1_1_V,0,1281,1
head_1_1_V,0,1280,1
head_1_1_V,0,1279,1
head_1_1_V,0,1278,1
head_1_1_V,0,1277,1
head_1_1_V,0,1272,2
head_1_1_V,0,1271,6
head_1_1_V,0,1270,3
head_1_1_V,0,1269,1
head_1_1_V,0,1265,1
head_1_1_V,0,1264,2
head_1_1_V,0,1263,2
head_1_1_V,0,1262,1
head_1_1_V,0,1260,3
head_1_1_V,0,1258,3
head_1_1_V,0,1255,3
head_1_1_V,0,1254,5
head_1_1_V,0,1253,1
head_1_1_V,0,1252,1
head_1_1_V,0,1251,2
head_1_1_V,0,1250,1
head_1_1_V,0,1248,3
head_1_1_V,0,1246,1
head_1_1_V,0,1245,1
head_1_1_V,0,1244,2
head_1_1_V,0,1243,2
head_1_1_V,0,1242,2
head_1_1_V,0,1241,1
head_1_1_V,0,1236,1
head_1_1_V,0,1235,1
head_1_1_V,0,1234,3
head_1_1_V,0,1232,1
head_1_1_V,0,1229,2
head_1_1_V,0,1228,3
head_1_1_V,0,1226,2
head_1_1_V,0,1225,1
head_1_1_V,0,1223,1
head_1_1_V,0,1221,2
head_1_1_V,0,1218,1
head_1_1_V,0,1216,1
head_1_1_V,0,1215,1
head_1_1_V,0,1214,2
head_1_1_V,0,1212,1
head_1_1_V,0,1211,1
head_1_1_V,0,1210,2
head_1_1_V,0,1209,4
head_1_1_V,0,1207,1
head_1_1_V,0,1206,1
head_1_1_V,0,1204,1
head_1_1_V,0,1202,1
head_1_1_V,0,1201,2
head_1_1_V,0,1200,1
head_1_1_V,0,1196,2
head_1_1_V,0,1195,3
head_1_1_V,0,1194,1
head_1_1_V,0,1193,1
head_1_1_V,0,1192,3
head_1_1_V,0,1190,1
head_1_1_V,0,1189,2
head_1_1_V,0,1188,1
head_1_1_V,0,1187,2
head_1_1_V,0,1186,2
head_1_1_V,0,1184,1
head_1_1_V,0,1183,2
head_1_1_V,0,1182,1
head_1_1_V,0,1180,1
head_1_1_V,0,1178,1
head_1_1_V,0,1177,1
head_1_1_V,0,1174,1
head_1_1_V,0,1173,3
head_1_1_V,0,1172,1
head_1_1_V,0,1170,1
head_1_1_V,0,1167,1
head_1_1_V,0,1166,2
head_1_1_V,0,1165,2
head_1_1_V,0,1164,1
head_1_1_V,0,1163,3
head_1_1_V,0,1162,1
head_1_1_V,0,1161,2
head_1_1_V,0,1157,1
head_1_1_V,0,1155,1
head_1_1_V,0,1154,1
head_1_1_V,0,1152,1
head_1_1_V,0,1151,1
head_1_1_V,0,1150,2
head_1_1_V,0,1149,1
head_1_1_V,0,1148,2
head_1_1_V,0,1147,1
head_1_1_V,0,1146,1
head_1_1_V,0,1145,2
head_1_1_V,0,1144,2
head_1_1_V,0,1143,2
head_1_1_V,0,1141,4
head_1_1_V,0,1140,1
head_1_1_V,0,1139,2
head_1_1_V,0,1136,3
head_1_1_V,0,1133,1
head_1_1_V,0,1131,1
head_1_1_V,0,1129,1
head_1_1_V,0,1128,1
head_1_1_V,0,1127,1
head_1_1_V,0,1126,1
head_1_1_V,0,1125,1
head_1_1_V,0,1124,2
head_1_1_V,0,1123,4
head_1_1_V,0,1121,2
head_1_1_V,0,1119,1
head_1_1_V,0,1118,1
head_1_1_V,0,1116,1
head_1_1_V,0,1114,3
head_1_1_V,0,1113,2
head_1_1_V,0,1112,1
head_1_1_V,0,1111,1
head_1_1_V,0,1110,2
head_1_1_V,0,1109,2
head_1_1_V,0,1108,1
head_1_1_V,0,1107,1
head_1_1_V,0,1106,1
head_1_1_V,0,1105,2
head_1_1_V,0,1104,1
head_1_1_V,0,1103,1
head_1_1_V,0,1102,1
head_1_1_V,0,1095,2
head_1_1_V,0,1092,2
head_1_1_V,0,1091,1
head_1_1_V,0,1090,3
head_1_1_V,0,1089,3
head_1_1_V,0,1087,2
head_1_1_V,0,1085,1
head_1_1_V,0,1084,2
head_1_1_V,0,1082,2
head_1_1_V,0,1080,2
head_1_1_V,0,1079,2
head_1_1_V,0,1078,3
head_1_1_V,0,1076,1
head_1_1_V,0,1075,5
head_1_1_V,0,1074,1
head_1_1_V,0,1073,2
head_1_1_V,0,1071,2
head_1_1_V,0,1069,2
head_1_1_V,0,1066,1
head_1_1_V,0,1065,1
head_1_1_V,0,1064,1
head_1_1_V,0,1063,1
head_1_1_V,0,1059,1
head_1_1_V,0,1058,1
head_1_1_V,0,1057,2
head_1_1_V,0,1055,1
head_1_1_V,0,1054,2
head_1_1_V,0,1053,2
head_1_1_V,0,1052,1
head_1_1_V,0,1051,3
head_1_1_V,0,1050,1
head_1_1_V,0,1049,1
head_1_1_V,0,1048,2
head_1_1_V,0,1047,3
head_1_1_V,0,1045,1
head_1_1_V,0,1044,2
head_1_1_V,0,1043,2
head_1_1_V,0,1042,2
head_1_1_V,0,1040,3
head_1_1_V,0,1039,3
head_1_1_V,0,1038,1
head_1_1_V,0,1037,2
head_1_1_V,0,1036,3
head_1_1_V,0,1034,1
head_1_1_V,0,1032,2
head_1_1_V,0,1031,2
head_1_1_V,0,1028,1
head_1_1_V,0,1027,2
head_1_1_V,0,1026,2
head_1_1_V,0,1025,4
head_1_1_V,0,1023,1
head_1_1_V,0,1022,1
head_1_1_V,0,1019,3
head_1_1_V,0,1018,3
head_1_1_V,0,1017,2
head_1_1_V,0,1015,3
head_1_1_V,0,1014,1
head_1_1_V,0,1013,1
head_1_1_V,0,1012,3
head_1_1_V,0,1011,3
head_1_1_V,0,1010,1
head_1_1_V,0,1009,2
head_1_1_V,0,1008,5
head_1_1_V,0,1006,2
head_1_1_V,0,1004,2
head_1_1_V,0,1003,2
head_1_1_V,0,1002,1
head_1_1_V,0,1001,2
head_1_1_V,0,1000,1
head_1_1_V,0,999,3
head_1_1_V,0,998,3
head_1_1_V,0,997,1
head_1_1_V,0,996,3
head_1_1_V,0,995,4
head_1_1_V,0,994,4
head_1_1_V,0,992,3
head_1_1_V,0,991,2
head_1_1_V,0,990,3
head_1_1_V,0,987,1
head_1_1_V,0,986,1
head_1_1_V,0,984,1
head_1_1_V,0,983,1
head_1_1_V,0,982,2
head_1_1_V,0,981,3
head_1_1_V,0,980,2
head_1_1_V,0,979,3
head_1_1_V,0,978,1
head_1_1_V,0,977,3
head_1_1_V,0,976,2
head_1_1_V,0,975,2
head_1_1_V,0,974,1
head_1_1_V,0,973,1
head_1_1_V,0,972,1
head_1_1_V,0,971,1
head_1_1_V,0,970,3
head_1_1_V,0,969,2
head_1_1_V,0,968,2
head_1_1_V,0,967,2
head_1_1_V,0,966,4
head_1_1_V,0,965,2
head_1_1_V,0,964,3
head_1_1_V,0,963,3
head_1_1_V,0,962,1
head_1_1_V,0,960,2
head_1_1_V,0,959,2
head_1_1_V,0,958,2
head_1_1_V,0,957,3
head_1_1_V,0,956,2
head_1_1_V,0,955,2
head_1_1_V,0,954,1
head_1_1_V,0,953,1
head_1_1_V,0,952,2
head_1_1_V,0,950,4
head_1_1_V,0,949,1
head_1_1_V,0,948,1
head_1_1_V,0,947,1
head_1_1_V,0,946,1
head_1_1_V,0,945,1
head_1_1_V,0,944,2
head_1_1_V,0,943,1
head_1_1_V,0,942,2
head_1_1_V,0,941,3
head_1_1_V,0,940,3
head_1_1_V,0,939,3
head_1_1_V,0,938,5
head_1_1_V,0,935,2
head_1_1_V,0,934,1
head_1_1_V,0,933,2
head_1_1_V,0,932,1
head_1_1_V,0,931,2
head_1_1_V,0,929,1
head_1_1_V,0,928,3
head_1_1_V,0,926,3
head_1_1_V,0,925,3
head_1_1_V,0,924,5
head_1_1_V,0,923,1
head_1_1_V,0,922,1
head_1_1_V,0,921,1
head_1_1_V,0,920,2
head_1_1_V,0,919,1
head_1_1_V,0,918,2
head_1_1_V,0,913,3
head_1_1_V,0,912,2
head_1_1_V,0,911,2
head_1_1_V,0,910,4
head_1_1_V,0,909,4
head_1_1_V,0,908,1
head_1_1_V,0,907,3
head_1_1_V,0,906,2
head_1_1_V,0,905,2
head_1_1_V,0,904,1
head_1_1_V,0,903,4
head_1_1_V,0,902,2
head_1_1_V,0,901,1
head_1_1_V,0,899,2
head_1_1_V,0,896,1
head_1_1_V,0,895,4
head_1_1_V,0,894,2
head_1_1_V,0,893,2
head_1_1_V,0,892,2
head_1_1_V,0,890,1
head_1_1_V,0,889,2
head_1_1_V,0,888,6
head_1_1_V,0,887,1
head_1_1_V,0,885,3
head_1_1_V,0,884,1
head_1_1_V,0,883,1
head_1_1_V,0,882,3
head_1_1_V,0,881,2
head_1_1_V,0,878,4
head_1_1_V,0,877,5
head_1_1_V,0,876,4
head_1_1_V,0,875,1
head_1_1_V,0,874,2
head_1_1_V,0,873,1
head_1_1_V,0,872,1
head_1_1_V,0,871,1
head_1_1_V,0,870,2
head_1_1_V,0,868,3
head_1_1_V,0,867,1
head_1_1_V,0,866,2
head_1_1_V,0,864,3
head_1_1_V,0,863,1
head_1_1_V,0,861,2
head_1_1_V,0,860,2
head_1_1_V,0,859,1
head_1_1_V,0,858,2
head_1_1_V,0,857,1
head_1_1_V,0,856,1
head_1_1_V,0,855,1
head_1_1_V,0,854,3
head_1_1_V,0,853,1
head_1_1_V,0,852,2
head_1_1_V,0,851,3
head_1_1_V,0,850,1
head_1_1_V,0,849,3
head_1_1_V,0,848,1
head_1_1_V,0,847,3
head_1_1_V,0,846,2
head_1_1_V,0,845,7
head_1_1_V,0,844,2
head_1_1_V,0,843,3
head_1_1_V,0,842,3
head_1_1_V,0,841,2
head_1_1_V,0,840,3
head_1_1_V,0,839,1
head_1_1_V,0,838,1
head_1_1_V,0,837,5
head_1_1_V,0,836,3
head_1_1_V,0,835,2
head_1_1_V,0,832,4
head_1_1_V,0,831,1
head_1_1_V,0,830,1
head_1_1_V,0,829,1
head_1_1_V,0,828,2
head_1_1_V,0,826,1
head_1_1_V,0,825,2
head_1_1_V,0,823,2
head_1_1_V,0,822,4
head_1_1_V,0,821,1
head_1_1_V,0,819,1
head_1_1_V,0,818,5
head_1_1_V,0,816,3
head_1_1_V,0,815,2
head_1_1_V,0,814,3
head_1_1_V,0,813,1
head_1_1_V,0,812,3
head_1_1_V,0,811,2
head_1_1_V,0,810,1
head_1_1_V,0,809,3
head_1_1_V,0,808,2
head_1_1_V,0,807,4
head_1_1_V,0,806,5
head_1_1_V,0,804,4
head_1_1_V,0,803,3
head_1_1_V,0,802,1
head_1_1_V,0,801,1
head_1_1_V,0,799,3
head_1_1_V,0,798,3
head_1_1_V,0,797,1
head_1_1_V,0,795,3
head_1_1_V,0,794,1
head_1_1_V,0,793,1
head_1_1_V,0,791,2
head_1_1_V,0,790,1
head_1_1_V,0,789,3
head_1_1_V,0,788,1
head_1_1_V,0,787,2
head_1_1_V,0,786,1
head_1_1_V,0,785,2
head_1_1_V,0,784,3
head_1_1_V,0,783,3
head_1_1_V,0,782,4
head_1_1_V,0,781,3
head_1_1_V,0,780,3
head_1_1_V,0,779,3
head_1_1_V,0,778,7
head_1_1_V,0,777,4
head_1_1_V,0,776,3
head_1_1_V,0,775,2
head_1_1_V,0,774,2
head_1_1_V,0,773,1
head_1_1_V,0,772,3
head_1_1_V,0,771,4
head_1_1_V,0,770,3
head_1_1_V,0,769,6
head_1_1_V,0,768,2
head_1_1_V,0,767,1
head_1_1_V,0,765,2
head_1_1_V,0,764,1
head_1_1_V,0,763,2
head_1_1_V,0,762,4
head_1_1_V,0,761,3
head_1_1_V,0,760,2
head_1_1_V,0,759,5
head_1_1_V,0,758,1
head_1_1_V,0,757,5
head_1_1_V,0,756,4
head_1_1_V,0,755,1
head_1_1_V,0,754,2
head_1_1_V,0,753,2
head_1_1_V,0,752,4
head_1_1_V,0,751,2
head_1_1_V,0,750,5
head_1_1_V,0,749,3
head_1_1_V,0,748,2
head_1_1_V,0,747,1
head_1_1_V,0,746,1
head_1_1_V,0,745,3
head_1_1_V,0,744,3
head_1_1_V,0,743,5
head_1_1_V,0,742,2
head_1_1_V,0,741,6
head_1_1_V,0,740,3
head_1_1_V,0,739,2
head_1_1_V,0,738,6
head_1_1_V,0,737,5
head_1_1_V,0,736,4
head_1_1_V,0,735,1
head_1_1_V,0,734,4
head_1_1_V,0,733,5
head_1_1_V,0,732,7
head_1_1_V,0,731,2
head_1_1_V,0,730,2
head_1_1_V,0,729,5
head_1_1_V,0,728,1
head_1_1_V,0,727,1
head_1_1_V,0,726,5
head_1_1_V,0,725,3
head_1_1_V,0,724,2
head_1_1_V,0,723,4
head_1_1_V,0,722,2
head_1_1_V,0,721,5
head_1_1_V,0,720,4
head_1_1_V,0,719,3
head_1_1_V,0,718,3
head_1_1_V,0,717,8
head_1_1_V,0,716,2
head_1_1_V,0,715,4
head_1_1_V,0,714,5
head_1_1_V,0,713,3
head_1_1_V,0,712,5
head_1_1_V,0,711,1
head_1_1_V,0,710,2
head_1_1_V,0,708,8
head_1_1_V,0,707,2
head_1_1_V,0,706,2
head_1_1_V,0,705,4
head_1_1_V,0,704,5
head_1_1_V,0,703,4
head_1_1_V,0,702,3
head_1_1_V,0,701,7
head_1_1_V,0,700,3
head_1_1_V,0,699,2
head_1_1_V,0,698,2
head_1_1_V,0,697,7
head_1_1_V,0,696,2
head_1_1_V,0,695,2
head_1_1_V,0,694,5
head_1_1_V,0,693,6
head_1_1_V,0,692,7
head_1_1_V,0,691,3
head_1_1_V,0,690,4
head_1_1_V,0,689,4
head_1_1_V,0,688,2
head_1_1_V,0,687,4
head_1_1_V,0,686,4
head_1_1_V,0,685,4
head_1_1_V,0,684,3
head_1_1_V,0,683,4
head_1_1_V,0,682,2
head_1_1_V,0,681,3
head_1_1_V,0,680,7
head_1_1_V,0,679,6
head_1_1_V,0,678,2
head_1_1_V,0,677,6
head_1_1_V,0,676,4
head_1_1_V,0,675,2
head_1_1_V,0,674,3
head_1_1_V,0,673,3
head_1_1_V,0,672,3
head_1_1_V,0,671,4
head_1_1_V,0,670,3
head_1_1_V,0,669,4
head_1_1_V,0,668,3
head_1_1_V,0,667,3
head_1_1_V,0,666,5
head_1_1_V,0,665,2
head_1_1_V,0,664,3
head_1_1_V,0,663,4
head_1_1_V,0,662,4
head_1_1_V,0,661,7
head_1_1_V,0,660,6
head_1_1_V,0,659,4
head_1_1_V,0,658,6
head_1_1_V,0,657,2
head_1_1_V,0,656,4
head_1_1_V,0,655,2
head_1_1_V,0,654,3
head_1_1_V,0,653,5
head_1_1_V,0,652,5
head_1_1_V,0,651,5
head_1_1_V,0,650,4
head_1_1_V,0,649,1
head_1_1_V,0,648,2
head_1_1_V,0,647,2
head_1_1_V,0,646,2
head_1_1_V,0,645,7
head_1_1_V,0,644,1
head_1_1_V,0,643,2
head_1_1_V,0,642,5
head_1_1_V,0,641,7
head_1_1_V,0,640,3
head_1_1_V,0,639,4
head_1_1_V,0,638,4
head_1_1_V,0,637,8
head_1_1_V,0,636,3
head_1_1_V,0,635,3
head_1_1_V,0,634,1
head_1_1_V,0,633,6
head_1_1_V,0,632,4
head_1_1_V,0,631,5
head_1_1_V,0,630,4
head_1_1_V,0,629,3
head_1_1_V,0,628,3
head_1_1_V,0,627,4
head_1_1_V,0,626,6
head_1_1_V,0,625,5
head_1_1_V,0,624,7
head_1_1_V,0,623,2
head_1_1_V,0,622,6
head_1_1_V,0,621,1
head_1_1_V,0,620,6
head_1_1_V,0,619,4
head_1_1_V,0,618,4
head_1_1_V,0,617,7
head_1_1_V,0,616,4
head_1_1_V,0,615,1
head_1_1_V,0,614,3
head_1_1_V,0,613,6
head_1_1_V,0,612,6
head_1_1_V,0,611,3
head_1_1_V,0,610,3
head_1_1_V,0,609,6
head_1_1_V,0,608,3
head_1_1_V,0,607,9
head_1_1_V,0,606,2
head_1_1_V,0,605,6
head_1_1_V,0,604,4
head_1_1_V,0,603,5
head_1_1_V,0,602,4
head_1_1_V,0,601,1
head_1_1_V,0,600,2
head_1_1_V,0,599,5
head_1_1_V,0,598,3
head_1_1_V,0,597,6
head_1_1_V,0,596,2
head_1_1_V,0,595,2
head_1_1_V,0,594,2
head_1_1_V,0,593,3
head_1_1_V,0,592,4
head_1_1_V,0,591,4
head_1_1_V,0,590,9
head_1_1_V,0,589,3
head_1_1_V,0,588,6
head_1_1_V,0,587,5
head_1_1_V,0,586,3
head_1_1_V,0,585,4
head_1_1_V,0,584,4
head_1_1_V,0,583,6
head_1_1_V,0,582,3
head_1_1_V,0,581,3
head_1_1_V,0,580,6
head_1_1_V,0,579,9
head_1_1_V,0,578,3
head_1_1_V,0,577,10
head_1_1_V,0,576,1
head_1_1_V,0,575,7
head_1_1_V,0,574,5
head_1_1_V,0,573,7
head_1_1_V,0,572,4
head_1_1_V,0,571,7
head_1_1_V,0,570,8
head_1_1_V,0,569,7
head_1_1_V,0,568,4
head_1_1_V,0,567,4
head_1_1_V,0,566,7
head_1_1_V,0,565,5
head_1_1_V,0,564,1
head_1_1_V,0,563,6
head_1_1_V,0,562,7
head_1_1_V,0,561,6
head_1_1_V,0,560,2
head_1_1_V,0,559,6
head_1_1_V,0,558,6
head_1_1_V,0,557,5
head_1_1_V,0,556,4
head_1_1_V,0,555,8
head_1_1_V,0,554,4
head_1_1_V,0,553,9
head_1_1_V,0,552,5
head_1_1_V,0,551,5
head_1_1_V,0,550,4
head_1_1_V,0,549,7
head_1_1_V,0,548,2
head_1_1_V,0,547,4
head_1_1_V,0,546,11
head_1_1_V,0,545,8
head_1_1_V,0,544,6
head_1_1_V,0,543,6
head_1_1_V,0,542,7
head_1_1_V,0,541,9
head_1_1_V,0,540,5
head_1_1_V,0,539,9
head_1_1_V,0,538,8
head_1_1_V,0,537,5
head_1_1_V,0,536,10
head_1_1_V,0,535,9
head_1_1_V,0,534,6
head_1_1_V,0,533,8
head_1_1_V,0,532,4
head_1_1_V,0,531,4
head_1_1_V,0,530,8
head_1_1_V,0,529,6
head_1_1_V,0,528,1
head_1_1_V,0,527,3
head_1_1_V,0,526,4
head_1_1_V,0,525,10
head_1_1_V,0,524,7
head_1_1_V,0,523,5
head_1_1_V,0,522,15
head_1_1_V,0,521,6
head_1_1_V,0,520,5
head_1_1_V,0,519,5
head_1_1_V,0,518,5
head_1_1_V,0,517,8
head_1_1_V,0,516,2
head_1_1_V,0,515,4
head_1_1_V,0,514,3
head_1_1_V,0,513,5
head_1_1_V,0,512,7
head_1_1_V,0,511,7
head_1_1_V,0,510,7
head_1_1_V,0,509,8
head_1_1_V,0,508,8
head_1_1_V,0,507,6
head_1_1_V,0,506,10
head_1_1_V,0,505,5
head_1_1_V,0,504,10
head_1_1_V,0,503,6
head_1_1_V,0,502,4
head_1_1_V,0,501,4
head_1_1_V,0,500,6
head_1_1_V,0,499,11
head_1_1_V,0,498,11
head_1_1_V,0,497,10
head_1_1_V,0,496,6
head_1_1_V,0,495,4
head_1_1_V,0,494,10
head_1_1_V,0,493,5
head_1_1_V,0,492,8
head_1_1_V,0,491,5
head_1_1_V,0,490,7
head_1_1_V,0,489,10
head_1_1_V,0,488,5
head_1_1_V,0,487,6
head_1_1_V,0,486,4
head_1_1_V,0,485,7
head_1_1_V,0,484,1
head_1_1_V,0,483,4
head_1_1_V,0,482,8
head_1_1_V,0,481,8
head_1_1_V,0,480,10
head_1_1_V,0,479,3
head_1_1_V,0,478,8
head_1_1_V,0,477,3
head_1_1_V,0,476,4
head_1_1_V,0,475,13
head_1_1_V,0,474,6
head_1_1_V,0,473,4
head_1_1_V,0,472,8
head_1_1_V,0,471,8
head_1_1_V,0,470,6
head_1_1_V,0,469,6
head_1_1_V,0,468,6
head_1_1_V,0,467,4
head_1_1_V,0,466,11
head_1_1_V,0,465,9
head_1_1_V,0,464,6
head_1_1_V,0,463,6
head_1_1_V,0,462,13
head_1_1_V,0,461,8
head_1_1_V,0,460,7
head_1_1_V,0,459,12
head_1_1_V,0,458,12
head_1_1_V,0,457,10
head_1_1_V,0,456,14
head_1_1_V,0,455,7
head_1_1_V,0,454,8
head_1_1_V,0,453,9
head_1_1_V,0,452,9
head_1_1_V,0,451,9
head_1_1_V,0,450,7
head_1_1_V,0,449,7
head_1_1_V,0,448,8
head_1_1_V,0,447,4
head_1_1_V,0,446,2
head_1_1_V,0,445,6
head_1_1_V,0,444,4
head_1_1_V,0,443,4
head_1_1_V,0,442,11
head_1_1_V,0,441,10
head_1_1_V,0,440,6
head_1_1_V,0,439,12
head_1_1_V,0,438,14
head_1_1_V,0,437,7
head_1_1_V,0,436,10
head_1_1_V,0,435,7
head_1_1_V,0,434,6
head_1_1_V,0,433,5
head_1_1_V,0,432,9
head_1_1_V,0,431,11
head_1_1_V,0,430,6
head_1_1_V,0,429,7
head_1_1_V,0,428,6
head_1_1_V,0,427,7
head_1_1_V,0,426,11
head_1_1_V,0,425,10
head_1_1_V,0,424,10
head_1_1_V,0,423,7
head_1_1_V,0,422,14
head_1_1_V,0,421,6
head_1_1_V,0,420,8
head_1_1_V,0,419,8
head_1_1_V,0,418,12
head_1_1_V,0,417,11
head_1_1_V,0,416,22
head_1_1_V,0,415,12
head_1_1_V,0,414,9
head_1_1_V,0,413,14
head_1_1_V,0,412,15
head_1_1_V,0,411,12
head_1_1_V,0,410,11
head_1_1_V,0,409,17
head_1_1_V,0,408,11
head_1_1_V,0,407,8
head_1_1_V,0,406,9
head_1_1_V,0,405,9
head_1_1_V,0,404,16
head_1_1_V,0,403,15
head_1_1_V,0,402,13
head_1_1_V,0,401,9
head_1_1_V,0,400,7
head_1_1_V,0,399,13
head_1_1_V,0,398,8
head_1_1_V,0,397,5
head_1_1_V,0,396,10
head_1_1_V,0,395,8
head_1_1_V,0,394,16
head_1_1_V,0,393,10
head_1_1_V,0,392,10
head_1_1_V,0,391,16
head_1_1_V,0,390,15
head_1_1_V,0,389,8
head_1_1_V,0,388,11
head_1_1_V,0,387,9
head_1_1_V,0,386,11
head_1_1_V,0,385,8
head_1_1_V,0,384,6
head_1_1_V,0,383,15
head_1_1_V,0,382,17
head_1_1_V,0,381,6
head_1_1_V,0,380,10
head_1_1_V,0,379,13
head_1_1_V,0,378,11
head_1_1_V,0,377,15
head_1_1_V,0,376,11
head_1_1_V,0,375,6
head_1_1_V,0,374,12
head_1_1_V,0,373,5
head_1_1_V,0,372,12
head_1_1_V,0,371,10
head_1_1_V,0,370,9
head_1_1_V,0,369,11
head_1_1_V,0,368,13
head_1_1_V,0,367,9
head_1_1_V,0,366,17
head_1_1_V,0,365,12
head_1_1_V,0,364,9
head_1_1_V,0,363,13
head_1_1_V,0,362,13
head_1_1_V,0,361,15
head_1_1_V,0,360,20
head_1_1_V,0,359,14
head_1_1_V,0,358,8
head_1_1_V,0,357,21
head_1_1_V,0,356,13
head_1_1_V,0,355,9
head_1_1_V,0,354,15
head_1_1_V,0,353,11
head_1_1_V,0,352,12
head_1_1_V,0,351,10
head_1_1_V,0,350,17
head_1_1_V,0,349,11
head_1_1_V,0,348,16
head_1_1_V,0,347,13
head_1_1_V,0,346,10
head_1_1_V,0,345,13
head_1_1_V,0,344,13
head_1_1_V,0,343,10
head_1_1_V,0,342,15
head_1_1_V,0,341,21
head_1_1_V,0,340,21
head_1_1_V,0,339,9
head_1_1_V,0,338,13
head_1_1_V,0,337,17
head_1_1_V,0,336,16
head_1_1_V,0,335,10
head_1_1_V,0,334,15
head_1_1_V,0,333,9
head_1_1_V,0,332,8
head_1_1_V,0,331,21
head_1_1_V,0,330,14
head_1_1_V,0,329,14
head_1_1_V,0,328,17
head_1_1_V,0,327,26
head_1_1_V,0,326,16
head_1_1_V,0,325,15
head_1_1_V,0,324,14
head_1_1_V,0,323,15
head_1_1_V,0,322,20
head_1_1_V,0,321,12
head_1_1_V,0,320,15
head_1_1_V,0,319,14
head_1_1_V,0,318,27
head_1_1_V,0,317,19
head_1_1_V,0,316,18
head_1_1_V,0,315,16
head_1_1_V,0,314,22
head_1_1_V,0,313,11
head_1_1_V,0,312,15
head_1_1_V,0,311,17
head_1_1_V,0,310,14
head_1_1_V,0,309,14
head_1_1_V,0,308,16
head_1_1_V,0,307,15
head_1_1_V,0,306,15
head_1_1_V,0,305,16
head_1_1_V,0,304,17
head_1_1_V,0,303,17
head_1_1_V,0,302,17
head_1_1_V,0,301,19
head_1_1_V,0,300,14
head_1_1_V,0,299,19
head_1_1_V,0,298,18
head_1_1_V,0,297,22
head_1_1_V,0,296,23
head_1_1_V,0,295,19
head_1_1_V,0,294,23
head_1_1_V,0,293,20
head_1_1_V,0,292,21
head_1_1_V,0,291,21
head_1_1_V,0,290,24
head_1_1_V,0,289,16
head_1_1_V,0,288,24
head_1_1_V,0,287,23
head_1_1_V,0,286,12
head_1_1_V,0,285,15
head_1_1_V,0,284,22
head_1_1_V,0,283,23
head_1_1_V,0,282,23
head_1_1_V,0,281,14
head_1_1_V,0,280,15
head_1_1_V,0,279,24
head_1_1_V,0,278,19
head_1_1_V,0,277,26
head_1_1_V,0,276,15
head_1_1_V,0,275,19
head_1_1_V,0,274,22
head_1_1_V,0,273,22
head_1_1_V,0,272,20
head_1_1_V,0,271,21
head_1_1_V,0,270,12
head_1_1_V,0,269,25
head_1_1_V,0,268,18
head_1_1_V,0,267,23
head_1_1_V,0,266,21
head_1_1_V,0,265,23
head_1_1_V,0,264,20
head_1_1_V,0,263,15
head_1_1_V,0,262,22
head_1_1_V,0,261,21
head_1_1_V,0,260,20
head_1_1_V,0,259,25
head_1_1_V,0,258,28
head_1_1_V,0,257,24
head_1_1_V,0,256,26
head_1_1_V,0,255,25
head_1_1_V,0,254,23
head_1_1_V,0,253,18
head_1_1_V,0,252,24
head_1_1_V,0,251,22
head_1_1_V,0,250,27
head_1_1_V,0,249,28
head_1_1_V,0,248,29
head_1_1_V,0,247,31
head_1_1_V,0,246,16
head_1_1_V,0,245,25
head_1_1_V,0,244,28
head_1_1_V,0,243,20
head_1_1_V,0,242,24
head_1_1_V,0,241,25
head_1_1_V,0,240,27
head_1_1_V,0,239,28
head_1_1_V,0,238,16
head_1_1_V,0,237,27
head_1_1_V,0,236,22
head_1_1_V,0,235,31
head_1_1_V,0,234,14
head_1_1_V,0,233,30
head_1_1_V,0,232,22
head_1_1_V,0,231,23
head_1_1_V,0,230,24
head_1_1_V,0,229,33
head_1_1_V,0,228,33
head_1_1_V,0,227,25
head_1_1_V,0,226,29
head_1_1_V,0,225,25
head_1_1_V,0,224,26
head_1_1_V,0,223,36
head_1_1_V,0,222,28
head_1_1_V,0,221,30
head_1_1_V,0,220,26
head_1_1_V,0,219,20
head_1_1_V,0,218,31
head_1_1_V,0,217,42
head_1_1_V,0,216,29
head_1_1_V,0,215,33
head_1_1_V,0,214,37
head_1_1_V,0,213,31
head_1_1_V,0,212,45
head_1_1_V,0,211,28
head_1_1_V,0,210,43
head_1_1_V,0,209,37
head_1_1_V,0,208,25
head_1_1_V,0,207,37
head_1_1_V,0,206,32
head_1_1_V,0,205,21
head_1_1_V,0,204,36
head_1_1_V,0,203,38
head_1_1_V,0,202,32
head_1_1_V,0,201,34
head_1_1_V,0,200,23
head_1_1_V,0,199,36
head_1_1_V,0,198,35
head_1_1_V,0,197,33
head_1_1_V,0,196,34
head_1_1_V,0,195,31
head_1_1_V,0,194,36
head_1_1_V,0,193,38
head_1_1_V,0,192,28
head_1_1_V,0,191,43
head_1_1_V,0,190,45
head_1_1_V,0,189,27
head_1_1_V,0,188,41
head_1_1_V,0,187,30
head_1_1_V,0,186,40
head_1_1_V,0,185,40
head_1_1_V,0,184,47
head_1_1_V,0,183,32
head_1_1_V,0,182,42
head_1_1_V,0,181,44
head_1_1_V,0,180,46
head_1_1_V,0,179,37
head_1_1_V,0,178,40
head_1_1_V,0,177,44
head_1_1_V,0,176,47
head_1_1_V,0,175,42
head_1_1_V,0,174,44
head_1_1_V,0,173,55
head_1_1_V,0,172,39
head_1_1_V,0,171,50
head_1_1_V,0,170,48
head_1_1_V,0,169,36
head_1_1_V,0,168,50
head_1_1_V,0,167,45
head_1_1_V,0,166,59
head_1_1_V,0,165,49
head_1_1_V,0,164,54
head_1_1_V,0,163,66
head_1_1_V,0,162,42
head_1_1_V,0,161,46
head_1_1_V,0,160,57
head_1_1_V,0,159,55
head_1_1_V,0,158,52
head_1_1_V,0,157,61
head_1_1_V,0,156,66
head_1_1_V,0,155,48
head_1_1_V,0,154,56
head_1_1_V,0,153,47
head_1_1_V,0,152,61
head_1_1_V,0,151,54
head_1_1_V,0,150,45
head_1_1_V,0,149,44
head_1_1_V,0,148,58
head_1_1_V,0,147,56
head_1_1_V,0,146,59
head_1_1_V,0,145,72
head_1_1_V,0,144,64
head_1_1_V,0,143,57
head_1_1_V,0,142,68
head_1_1_V,0,141,59
head_1_1_V,0,140,62
head_1_1_V,0,139,58
head_1_1_V,0,138,58
head_1_1_V,0,137,59
head_1_1_V,0,136,45
head_1_1_V,0,135,78
head_1_1_V,0,134,80
head_1_1_V,0,133,63
head_1_1_V,0,132,64
head_1_1_V,0,131,62
head_1_1_V,0,130,70
head_1_1_V,0,129,80
head_1_1_V,0,128,59
head_1_1_V,0,127,75
head_1_1_V,0,126,75
head_1_1_V,0,125,67
head_1_1_V,0,124,71
head_1_1_V,0,123,76
head_1_1_V,0,122,87
head_1_1_V,0,121,68
head_1_1_V,0,120,74
head_1_1_V,0,119,83
head_1_1_V,0,118,55
head_1_1_V,0,117,68
head_1_1_V,0,116,75
head_1_1_V,0,115,80
head_1_1_V,0,114,65
head_1_1_V,0,113,86
head_1_1_V,0,112,75
head_1_1_V,0,111,98
head_1_1_V,0,110,78
head_1_1_V,0,109,93
head_1_1_V,0,108,84
head_1_1_V,0,107,88
head_1_1_V,0,106,100
head_1_1_V,0,105,85
head_1_1_V,0,104,87
head_1_1_V,0,103,90
head_1_1_V,0,102,87
head_1_1_V,0,101,97
head_1_1_V,0,100,90
head_1_1_V,0,99,107
head_1_1_V,0,98,87
head_1_1_V,0,97,113
head_1_1_V,0,96,93
head_1_1_V,0,95,110
head_1_1_V,0,94,97
head_1_1_V,0,93,103
head_1_1_V,0,92,97
head_1_1_V,0,91,89
head_1_1_V,0,90,104
head_1_1_V,0,89,113
head_1_1_V,0,88,113
head_1_1_V,0,87,121
head_1_1_V,0,86,110
head_1_1_V,0,85,125
head_1_1_V,0,84,109
head_1_1_V,0,83,139
head_1_1_V,0,82,112
head_1_1_V,0,81,132
head_1_1_V,0,80,103
head_1_1_V,0,79,137
head_1_1_V,0,78,128
head_1_1_V,0,77,143
head_1_1_V,0,76,129
head_1_1_V,0,75,131
head_1_1_V,0,74,137
head_1_1_V,0,73,139
head_1_1_V,0,72,129
head_1_1_V,0,71,166
head_1_1_V,0,70,133
head_1_1_V,0,69,151
head_1_1_V,0,68,142
head_1_1_V,0,67,167
head_1_1_V,0,66,144
head_1_1_V,0,65,183
head_1_1_V,0,64,157
head_1_1_V,0,63,188
head_1_1_V,0,62,174
head_1_1_V,0,61,147
head_1_1_V,0,60,176
head_1_1_V,0,59,168
head_1_1_V,0,58,192
head_1_1_V,0,57,200
head_1_1_V,0,56,205
head_1_1_V,0,55,191
head_1_1_V,0,54,187
head_1_1_V,0,53,202
head_1_1_V,0,52,213
head_1_1_V,0,51,226
head_1_1_V,0,50,225
head_1_1_V,0,49,223
head_1_1_V,0,48,233
head_1_1_V,0,47,224
head_1_1_V,0,46,248
head_1_1_V,0,45,257
head_1_1_V,0,44,221
head_1_1_V,0,43,244
head_1_1_V,0,42,286
head_1_1_V,0,41,267
head_1_1_V,0,40,252
head_1_1_V,0,39,277
head_1_1_V,0,38,280
head_1_1_V,0,37,305
head_1_1_V,0,36,326
head_1_1_V,0,35,297
head_1_1_V,0,34,300
head_1_1_V,0,33,321
head_1_1_V,0,32,339
head_1_1_V,0,31,331
head_1_1_V,0,30,338
head_1_1_V,0,29,362
head_1_1_V,0,28,409
head_1_1_V,0,27,371
head_1_1_V,0,26,416
head_1_1_V,0,25,397
head_1_1_V,0,24,417
head_1_1_V,0,23,408
head_1_1_V,0,22,456
head_1_1_V,0,21,465
head_1_1_V,0,20,453
head_1_1_V,0,19,485
head_1_1_V,0,18,520
head_1_1_V,0,17,568
head_1_1_V,0,16,537
head_1_1_V,0,15,574
head_1_1_V,0,14,606
head_1_1_V,0,13,663
head_1_1_V,0,12,660
head_1_1_V,0,11,761
head_1_1_V,0,10,734
head_1_1_V,0,9,774
head_1_1_V,0,8,816
head_1_1_V,0,7,899
head_1_1_V,0,6,882
head_1_1_V,0,5,926
head_1_1_V,0,4,985
head_1_1_V,0,3,1033
head_1_1_V,0,2,1049
head_1_1_V,0,1,937
head_1_1_V,0,0,21147
head_1_1_V,1,9050,1
head_1_1_V,1,7210,1
head_1_1_V,1,5307,1
head_1_1_V,1,5262,1
head_1_1_V,1,5013,1
head_1_1_V,1,4733,1
head_1_1_V,1,4721,1
head_1_1_V,1,4433,1
head_1_1_V,1,4415,1
head_1_1_V,1,4391,1
head_1_1_V,1,4199,1
head_1_1_V,1,4108,1
head_1_1_V,1,4070,1
head_1_1_V,1,3980,1
head_1_1_V,1,3965,1
head_1_1_V,1,3949,1
head_1_1_V,1,3810,1
head_1_1_V,1,3734,1
head_1_1_V,1,3728,1
head_1_1_V,1,3569,1
head_1_1_V,1,3557,1
head_1_1_V,1,3543,1
head_1_1_V,1,3520,1
head_1_1_V,1,3453,1
head_1_1_V,1,3436,1
head_1_1_V,1,3434,1
head_1_1_V,1,3415,1
head_1_1_V,1,3364,1
head_1_1_V,1,3334,1
head_1_1_V,1,3324,1
head_1_1_V,1,3281,1
head_1_1_V,1,3280,1
head_1_1_V,1,3235,1
head_1_1_V,1,3206,1
head_1_1_V,1,3110,1
head_1_1_V,1,3078,1
head_1_1_V,1,3064,1
head_1_1_V,1,3055,1
head_1_1_V,1,2982,1
head_1_1_V,1,2970,1
head_1_1_V,1,2950,1
head_1_1_V,1,2939,1
head_1_1_V,1,2912,1
head_1_1_V,1,2873,1
head_1_1_V,1,2867,1
head_1_1_V,1,2848,1
head_1_1_V,1,2839,1
head_1_1_V,1,2790,1
head_1_1_V,1,2775,1
head_1_1_V,1,2774,1
head_1_1_V,1,2714,1
head_1_1_V,1,2697,1
head_1_1_V,1,2671,2
head_1_1_V,1,2606,1
head_1_1_V,1,2562,1
head_1_1_V,1,2559,1
head_1_1_V,1,2556,2
head_1_1_V,1,2522,1
head_1_1_V,1,2501,1
head_1_1_V,1,2471,1
head_1_1_V,1,2423,1
head_1_1_V,1,2417,1
head_1_1_V,1,2381,1
head_1_1_V,1,2380,1
head_1_1_V,1,2379,1
head_1_1_V,1,2365,1
head_1_1_V,1,2349,1
head_1_1_V,1,2346,1
head_1_1_V,1,2343,1
head_1_1_V,1,2334,1
head_1_1_V,1,2328,1
head_1_1_V,1,2327,1
head_1_1_V,1,2321,1
head_1_1_V,1,2318,1
head_1_1_V,1,2304,1
head_1_1_V,1,2303,1
head_1_1_V,1,2298,2
head_1_1_V,1,2295,1
head_1_1_V,1,2266,1
head_1_1_V,1,2261,1
head_1_1_V,1,2260,1
head_1_1_V,1,2252,1
head_1_1_V,1,2247,1
head_1_1_V,1,2235,1
head_1_1_V,1,2224,1
head_1_1_V,1,2212,1
head_1_1_V,1,2205,1
head_1_1_V,1,2199,1
head_1_1_V,1,2198,1
head_1_1_V,1,2196,1
head_1_1_V,1,2187,1
head_1_1_V,1,2182,1
head_1_1_V,1,2167,1
head_1_1_V,1,2154,1
head_1_1_V,1,2151,1
head_1_1_V,1,2145,1
head_1_1_V,1,2136,1
head_1_1_V,1,2132,1
head_1_1_V,1,2131,1
head_1_1_V,1,2128,1
head_1_1_V,1,2123,1
head_1_1_V,1,2118,1
head_1_1_V,1,2101,1
head_1_1_V,1,2100,2
head_1_1_V,1,2099,1
head_1_1_V,1,2091,1
head_1_1_V,1,2081,1
head_1_1_V,1,2080,1
head_1_1_V,1,2067,2
head_1_1_V,1,2053,1
head_1_1_V,1,2051,1
head_1_1_V,1,2032,1
head_1_1_V,1,2025,1
head_1_1_V,1,2012,1
head_1_1_V,1,2010,1
head_1_1_V,1,1998,1
head_1_1_V,1,1994,1
head_1_1_V,1,1991,1
head_1_1_V,1,1980,1
head_1_1_V,1,1976,1
head_1_1_V,1,1975,1
head_1_1_V,1,1973,1
head_1_1_V,1,1969,1
head_1_1_V,1,1966,1
head_1_1_V,1,1955,1
head_1_1_V,1,1951,1
head_1_1_V,1,1945,1
head_1_1_V,1,1934,1
head_1_1_V,1,1933,1
head_1_1_V,1,1927,1
head_1_1_V,1,1924,1
head_1_1_V,1,1914,1
head_1_1_V,1,1913,1
head_1_1_V,1,1910,1
head_1_1_V,1,1909,1
head_1_1_V,1,1907,1
head_1_1_V,1,1902,1
head_1_1_V,1,1899,1
head_1_1_V,1,1897,1
head_1_1_V,1,1885,1
head_1_1_V,1,1879,1
head_1_1_V,1,1877,1
head_1_1_V,1,1872,1
head_1_1_V,1,1860,1
head_1_1_V,1,1857,1
head_1_1_V,1,1855,2
head_1_1_V,1,1847,1
head_1_1_V,1,1845,1
head_1_1_V,1,1841,1
head_1_1_V,1,1835,1
head_1_1_V,1,1823,2
head_1_1_V,1,1820,1
head_1_1_V,1,1812,1
head_1_1_V,1,1811,1
head_1_1_V,1,1807,1
head_1_1_V,1,1798,1
head_1_1_V,1,1797,1
head_1_1_V,1,1795,1
head_1_1_V,1,1794,1
head_1_1_V,1,1791,2
head_1_1_V,1,1783,1
head_1_1_V,1,1779,1
head_1_1_V,1,1773,1
head_1_1_V,1,1770,1
head_1_1_V,1,1768,1
head_1_1_V,1,1763,1
head_1_1_V,1,1762,1
head_1_1_V,1,1761,2
head_1_1_V,1,1758,1
head_1_1_V,1,1751,1
head_1_1_V,1,1747,1
head_1_1_V,1,1740,1
head_1_1_V,1,1739,1
head_1_1_V,1,1735,1
head_1_1_V,1,1734,1
head_1_1_V,1,1732,1
head_1_1_V,1,1723,1
head_1_1_V,1,1722,1
head_1_1_V,1,1713,1
head_1_1_V,1,1708,1
head_1_1_V,1,1702,1
head_1_1_V,1,1699,1
head_1_1_V,1,1698,1
head_1_1_V,1,1695,1
head_1_1_V,1,1687,1
head_1_1_V,1,1686,1
head_1_1_V,1,1680,1
head_1_1_V,1,1677,1
head_1_1_V,1,1672,1
head_1_1_V,1,1671,2
head_1_1_V,1,1666,1
head_1_1_V,1,1662,1
head_1_1_V,1,1661,1
head_1_1_V,1,1657,1
head_1_1_V,1,1656,1
head_1_1_V,1,1655,1
head_1_1_V,1,1653,1
head_1_1_V,1,1651,1
head_1_1_V,1,1650,1
head_1_1_V,1,1646,1
head_1_1_V,1,1645,1
head_1_1_V,1,1643,1
head_1_1_V,1,1640,1
head_1_1_V,1,1634,1
head_1_1_V,1,1631,1
head_1_1_V,1,1630,2
head_1_1_V,1,1624,1
head_1_1_V,1,1623,1
head_1_1_V,1,1622,2
head_1_1_V,1,1621,1
head_1_1_V,1,1619,1
head_1_1_V,1,1617,1
head_1_1_V,1,1615,1
head_1_1_V,1,1614,1
head_1_1_V,1,1610,1
head_1_1_V,1,1607,1
head_1_1_V,1,1601,1
head_1_1_V,1,1598,2
head_1_1_V,1,1590,2
head_1_1_V,1,1589,1
head_1_1_V,1,1583,1
head_1_1_V,1,1581,2
head_1_1_V,1,1576,1
head_1_1_V,1,1572,1
head_1_1_V,1,1565,1
head_1_1_V,1,1562,1
head_1_1_V,1,1559,1
head_1_1_V,1,1557,1
head_1_1_V,1,1552,1
head_1_1_V,1,1550,2
head_1_1_V,1,1549,1
head_1_1_V,1,1546,2
head_1_1_V,1,1545,1
head_1_1_V,1,1544,1
head_1_1_V,1,1537,1
head_1_1_V,1,1535,1
head_1_1_V,1,1534,1
head_1_1_V,1,1529,2
head_1_1_V,1,1528,1
head_1_1_V,1,1525,1
head_1_1_V,1,1523,1
head_1_1_V,1,1522,2
head_1_1_V,1,1518,2
head_1_1_V,1,1517,1
head_1_1_V,1,1515,1
head_1_1_V,1,1509,1
head_1_1_V,1,1507,1
head_1_1_V,1,1505,3
head_1_1_V,1,1500,2
head_1_1_V,1,1495,1
head_1_1_V,1,1494,1
head_1_1_V,1,1491,2
head_1_1_V,1,1490,2
head_1_1_V,1,1487,2
head_1_1_V,1,1483,1
head_1_1_V,1,1479,1
head_1_1_V,1,1475,1
head_1_1_V,1,1471,3
head_1_1_V,1,1470,1
head_1_1_V,1,1469,3
head_1_1_V,1,1468,1
head_1_1_V,1,1467,1
head_1_1_V,1,1466,1
head_1_1_V,1,1461,3
head_1_1_V,1,1459,1
head_1_1_V,1,1457,1
head_1_1_V,1,1454,1
head_1_1_V,1,1453,1
head_1_1_V,1,1450,1
head_1_1_V,1,1449,1
head_1_1_V,1,1447,1
head_1_1_V,1,1445,1
head_1_1_V,1,1442,2
head_1_1_V,1,1438,1
head_1_1_V,1,1433,1
head_1_1_V,1,1430,2
head_1_1_V,1,1426,1
head_1_1_V,1,1423,2
head_1_1_V,1,1418,1
head_1_1_V,1,1417,1
head_1_1_V,1,1413,1
head_1_1_V,1,1412,1
head_1_1_V,1,1411,1
head_1_1_V,1,1408,1
head_1_1_V,1,1406,1
head_1_1_V,1,1405,1
head_1_1_V,1,1401,1
head_1_1_V,1,1399,2
head_1_1_V,1,1397,1
head_1_1_V,1,1396,1
head_1_1_V,1,1393,1
head_1_1_V,1,1392,1
head_1_1_V,1,1391,1
head_1_1_V,1,1388,2
head_1_1_V,1,1384,1
head_1_1_V,1,1383,2
head_1_1_V,1,1382,1
head_1_1_V,1,1381,1
head_1_1_V,1,1380,1
head_1_1_V,1,1378,1
head_1_1_V,1,1377,1
head_1_1_V,1,1376,1
head_1_1_V,1,1372,2
head_1_1_V,1,1370,1
head_1_1_V,1,1369,1
head_1_1_V,1,1368,3
head_1_1_V,1,1366,1
head_1_1_V,1,1364,1
head_1_1_V,1,1360,2
head_1_1_V,1,1359,1
head_1_1_V,1,1358,1
head_1_1_V,1,1357,1
head_1_1_V,1,1356,1
head_1_1_V,1,1353,2
head_1_1_V,1,1351,2
head_1_1_V,1,1350,2
head_1_1_V,1,1348,1
head_1_1_V,1,1347,2
head_1_1_V,1,1345,1
head_1_1_V,1,1343,1
head_1_1_V,1,1341,2
head_1_1_V,1,1340,2
head_1_1_V,1,1339,1
head_1_1_V,1,1338,1
head_1_1_V,1,1337,1
head_1_1_V,1,1336,2
head_1_1_V,1,1335,1
head_1_1_V,1,1332,1
head_1_1_V,1,1330,1
head_1_1_V,1,1328,3
head_1_1_V,1,1325,2
head_1_1_V,1,1322,1
head_1_1_V,1,1321,2
head_1_1_V,1,1320,1
head_1_1_V,1,1318,3
head_1_1_V,1,1316,1
head_1_1_V,1,1313,1
head_1_1_V,1,1312,1
head_1_1_V,1,1311,3
head_1_1_V,1,1310,1
head_1_1_V,1,1309,2
head_1_1_V,1,1307,1
head_1_1_V,1,1305,1
head_1_1_V,1,1304,2
head_1_1_V,1,1302,1
head_1_1_V,1,1301,1
head_1_1_V,1,1300,1
head_1_1_V,1,1299,1
head_1_1_V,1,1297,1
head_1_1_V,1,1296,1
head_1_1_V,1,1295,2
head_1_1_V,1,1294,2
head_1_1_V,1,1292,3
head_1_1_V,1,1290,1
head_1_1_V,1,1289,1
head_1_1_V,1,1288,1
head_1_1_V,1,1287,1
head_1_1_V,1,1284,1
head_1_1_V,1,1283,2
head_1_1_V,1,1282,2
head_1_1_V,1,1279,2
head_1_1_V,1,1276,3
head_1_1_V,1,1275,1
head_1_1_V,1,1272,1
head_1_1_V,1,1271,2
head_1_1_V,1,1269,1
head_1_1_V,1,1268,1
head_1_1_V,1,1267,2
head_1_1_V,1,1265,3
head_1_1_V,1,1264,1
head_1_1_V,1,1262,1
head_1_1_V,1,1257,2
head_1_1_V,1,1256,1
head_1_1_V,1,1254,1
head_1_1_V,1,1253,1
head_1_1_V,1,1252,1
head_1_1_V,1,1251,1
head_1_1_V,1,1250,2
head_1_1_V,1,1248,1
head_1_1_V,1,1247,1
head_1_1_V,1,1246,1
head_1_1_V,1,1245,1
head_1_1_V,1,1244,1
head_1_1_V,1,1243,1
head_1_1_V,1,1242,1
head_1_1_V,1,1241,1
head_1_1_V,1,1240,2
head_1_1_V,1,1239,4
head_1_1_V,1,1237,2
head_1_1_V,1,1236,1
head_1_1_V,1,1235,2
head_1_1_V,1,1234,1
head_1_1_V,1,1233,3
head_1_1_V,1,1232,2
head_1_1_V,1,1231,3
head_1_1_V,1,1230,1
head_1_1_V,1,1228,1
head_1_1_V,1,1227,1
head_1_1_V,1,1225,1
head_1_1_V,1,1224,3
head_1_1_V,1,1223,1
head_1_1_V,1,1222,1
head_1_1_V,1,1221,1
head_1_1_V,1,1220,1
head_1_1_V,1,1218,1
head_1_1_V,1,1216,1
head_1_1_V,1,1209,1
head_1_1_V,1,1208,1
head_1_1_V,1,1207,1
head_1_1_V,1,1206,1
head_1_1_V,1,1204,1
head_1_1_V,1,1203,1
head_1_1_V,1,1201,1
head_1_1_V,1,1200,1
head_1_1_V,1,1198,1
head_1_1_V,1,1197,1
head_1_1_V,1,1195,1
head_1_1_V,1,1193,1
head_1_1_V,1,1192,2
head_1_1_V,1,1191,4
head_1_1_V,1,1190,2
head_1_1_V,1,1188,3
head_1_1_V,1,1186,2
head_1_1_V,1,1184,1
head_1_1_V,1,1182,1
head_1_1_V,1,1181,2
head_1_1_V,1,1179,2
head_1_1_V,1,1178,2
head_1_1_V,1,1177,2
head_1_1_V,1,1176,1
head_1_1_V,1,1173,3
head_1_1_V,1,1171,1
head_1_1_V,1,1170,1
head_1_1_V,1,1169,1
head_1_1_V,1,1168,2
head_1_1_V,1,1166,1
head_1_1_V,1,1164,1
head_1_1_V,1,1163,2
head_1_1_V,1,1162,2
head_1_1_V,1,1157,2
head_1_1_V,1,1155,3
head_1_1_V,1,1154,1
head_1_1_V,1,1153,1
head_1_1_V,1,1152,1
head_1_1_V,1,1150,2
head_1_1_V,1,1149,2
head_1_1_V,1,1148,2
head_1_1_V,1,1147,1
head_1_1_V,1,1145,1
head_1_1_V,1,1143,3
head_1_1_V,1,1142,1
head_1_1_V,1,1141,1
head_1_1_V,1,1138,3
head_1_1_V,1,1137,1
head_1_1_V,1,1136,1
head_1_1_V,1,1134,1
head_1_1_V,1,1131,1
head_1_1_V,1,1130,2
head_1_1_V,1,1128,2
head_1_1_V,1,1127,3
head_1_1_V,1,1126,2
head_1_1_V,1,1125,1
head_1_1_V,1,1123,1
head_1_1_V,1,1121,2
head_1_1_V,1,1120,1
head_1_1_V,1,1119,1
head_1_1_V,1,1118,2
head_1_1_V,1,1116,1
head_1_1_V,1,1114,1
head_1_1_V,1,1113,1
head_1_1_V,1,1110,2
head_1_1_V,1,1109,1
head_1_1_V,1,1107,1
head_1_1_V,1,1106,3
head_1_1_V,1,1105,2
head_1_1_V,1,1104,2
head_1_1_V,1,1102,1
head_1_1_V,1,1099,1
head_1_1_V,1,1097,1
head_1_1_V,1,1095,2
head_1_1_V,1,1094,2
head_1_1_V,1,1092,1
head_1_1_V,1,1091,2
head_1_1_V,1,1090,2
head_1_1_V,1,1088,1
head_1_1_V,1,1086,1
head_1_1_V,1,1085,1
head_1_1_V,1,1084,2
head_1_1_V,1,1081,2
head_1_1_V,1,1080,1
head_1_1_V,1,1079,2
head_1_1_V,1,1078,1
head_1_1_V,1,1077,1
head_1_1_V,1,1076,1
head_1_1_V,1,1075,2
head_1_1_V,1,1074,1
head_1_1_V,1,1072,1
head_1_1_V,1,1071,2
head_1_1_V,1,1070,1
head_1_1_V,1,1069,1
head_1_1_V,1,1068,3
head_1_1_V,1,1066,2
head_1_1_V,1,1065,1
head_1_1_V,1,1063,1
head_1_1_V,1,1061,3
head_1_1_V,1,1060,2
head_1_1_V,1,1057,1
head_1_1_V,1,1056,3
head_1_1_V,1,1055,1
head_1_1_V,1,1054,1
head_1_1_V,1,1053,2
head_1_1_V,1,1052,2
head_1_1_V,1,1051,2
head_1_1_V,1,1050,2
head_1_1_V,1,1048,3
head_1_1_V,1,1047,1
head_1_1_V,1,1044,1
head_1_1_V,1,1043,4
head_1_1_V,1,1041,1
head_1_1_V,1,1040,2
head_1_1_V,1,1039,2
head_1_1_V,1,1038,1
head_1_1_V,1,1037,2
head_1_1_V,1,1035,2
head_1_1_V,1,1034,1
head_1_1_V,1,1033,1
head_1_1_V,1,1032,1
head_1_1_V,1,1031,3
head_1_1_V,1,1029,1
head_1_1_V,1,1028,3
head_1_1_V,1,1027,2
head_1_1_V,1,1026,1
head_1_1_V,1,1024,1
head_1_1_V,1,1022,2
head_1_1_V,1,1021,1
head_1_1_V,1,1020,1
head_1_1_V,1,1017,2
head_1_1_V,1,1016,3
head_1_1_V,1,1015,2
head_1_1_V,1,1014,2
head_1_1_V,1,1013,1
head_1_1_V,1,1012,3
head_1_1_V,1,1011,2
head_1_1_V,1,1010,1
head_1_1_V,1,1008,5
head_1_1_V,1,1007,3
head_1_1_V,1,1006,5
head_1_1_V,1,1004,2
head_1_1_V,1,1002,1
head_1_1_V,1,1001,1
head_1_1_V,1,1000,1
head_1_1_V,1,998,2
head_1_1_V,1,997,2
head_1_1_V,1,995,2
head_1_1_V,1,994,2
head_1_1_V,1,993,4
head_1_1_V,1,992,1
head_1_1_V,1,991,2
head_1_1_V,1,989,3
head_1_1_V,1,988,3
head_1_1_V,1,987,2
head_1_1_V,1,985,2
head_1_1_V,1,984,1
head_1_1_V,1,983,3
head_1_1_V,1,982,1
head_1_1_V,1,981,1
head_1_1_V,1,980,2
head_1_1_V,1,979,1
head_1_1_V,1,978,4
head_1_1_V,1,976,2
head_1_1_V,1,975,2
head_1_1_V,1,973,2
head_1_1_V,1,970,3
head_1_1_V,1,969,4
head_1_1_V,1,968,2
head_1_1_V,1,967,4
head_1_1_V,1,966,6
head_1_1_V,1,965,2
head_1_1_V,1,964,3
head_1_1_V,1,962,1
head_1_1_V,1,961,1
head_1_1_V,1,960,1
head_1_1_V,1,959,1
head_1_1_V,1,958,3
head_1_1_V,1,957,5
head_1_1_V,1,956,1
head_1_1_V,1,955,1
head_1_1_V,1,954,2
head_1_1_V,1,953,2
head_1_1_V,1,952,1
head_1_1_V,1,949,5
head_1_1_V,1,948,3
head_1_1_V,1,947,3
head_1_1_V,1,946,3
head_1_1_V,1,945,1
head_1_1_V,1,944,1
head_1_1_V,1,943,3
head_1_1_V,1,942,2
head_1_1_V,1,941,4
head_1_1_V,1,940,1
head_1_1_V,1,939,2
head_1_1_V,1,938,2
head_1_1_V,1,937,3
head_1_1_V,1,936,2
head_1_1_V,1,935,3
head_1_1_V,1,934,1
head_1_1_V,1,933,1
head_1_1_V,1,931,2
head_1_1_V,1,930,6
head_1_1_V,1,929,1
head_1_1_V,1,928,3
head_1_1_V,1,927,2
head_1_1_V,1,926,4
head_1_1_V,1,925,3
head_1_1_V,1,924,2
head_1_1_V,1,922,1
head_1_1_V,1,921,1
head_1_1_V,1,920,3
head_1_1_V,1,919,2
head_1_1_V,1,918,1
head_1_1_V,1,917,1
head_1_1_V,1,916,1
head_1_1_V,1,915,1
head_1_1_V,1,914,2
head_1_1_V,1,913,1
head_1_1_V,1,912,4
head_1_1_V,1,911,4
head_1_1_V,1,910,2
head_1_1_V,1,909,1
head_1_1_V,1,907,1
head_1_1_V,1,906,3
head_1_1_V,1,905,2
head_1_1_V,1,904,1
head_1_1_V,1,903,3
head_1_1_V,1,902,4
head_1_1_V,1,901,4
head_1_1_V,1,900,2
head_1_1_V,1,899,2
head_1_1_V,1,898,2
head_1_1_V,1,897,1
head_1_1_V,1,896,2
head_1_1_V,1,895,3
head_1_1_V,1,894,1
head_1_1_V,1,893,2
head_1_1_V,1,892,3
head_1_1_V,1,890,3
head_1_1_V,1,889,1
head_1_1_V,1,888,1
head_1_1_V,1,887,2
head_1_1_V,1,886,2
head_1_1_V,1,885,2
head_1_1_V,1,884,2
head_1_1_V,1,883,2
head_1_1_V,1,882,1
head_1_1_V,1,881,3
head_1_1_V,1,880,6
head_1_1_V,1,878,1
head_1_1_V,1,877,1
head_1_1_V,1,876,1
head_1_1_V,1,875,3
head_1_1_V,1,874,1
head_1_1_V,1,873,7
head_1_1_V,1,871,1
head_1_1_V,1,870,4
head_1_1_V,1,869,1
head_1_1_V,1,868,2
head_1_1_V,1,867,8
head_1_1_V,1,866,3
head_1_1_V,1,865,4
head_1_1_V,1,864,4
head_1_1_V,1,863,1
head_1_1_V,1,862,4
head_1_1_V,1,861,4
head_1_1_V,1,860,3
head_1_1_V,1,859,1
head_1_1_V,1,858,2
head_1_1_V,1,857,2
head_1_1_V,1,856,1
head_1_1_V,1,855,1
head_1_1_V,1,854,4
head_1_1_V,1,853,2
head_1_1_V,1,852,3
head_1_1_V,1,851,4
head_1_1_V,1,850,1
head_1_1_V,1,849,1
head_1_1_V,1,847,1
head_1_1_V,1,846,1
head_1_1_V,1,845,2
head_1_1_V,1,844,6
head_1_1_V,1,843,1
head_1_1_V,1,841,3
head_1_1_V,1,840,1
head_1_1_V,1,839,1
head_1_1_V,1,838,1
head_1_1_V,1,837,2
head_1_1_V,1,836,2
head_1_1_V,1,835,3
head_1_1_V,1,834,2
head_1_1_V,1,833,3
head_1_1_V,1,832,2
head_1_1_V,1,831,1
head_1_1_V,1,830,3
head_1_1_V,1,829,2
head_1_1_V,1,828,5
head_1_1_V,1,827,1
head_1_1_V,1,826,4
head_1_1_V,1,825,4
head_1_1_V,1,824,3
head_1_1_V,1,823,2
head_1_1_V,1,822,3
head_1_1_V,1,821,2
head_1_1_V,1,820,2
head_1_1_V,1,819,4
head_1_1_V,1,818,1
head_1_1_V,1,817,5
head_1_1_V,1,816,1
head_1_1_V,1,815,8
head_1_1_V,1,814,5
head_1_1_V,1,813,2
head_1_1_V,1,812,2
head_1_1_V,1,811,2
head_1_1_V,1,810,2
head_1_1_V,1,809,2
head_1_1_V,1,808,1
head_1_1_V,1,807,2
head_1_1_V,1,806,4
head_1_1_V,1,805,1
head_1_1_V,1,804,2
head_1_1_V,1,803,6
head_1_1_V,1,802,7
head_1_1_V,1,801,3
head_1_1_V,1,800,2
head_1_1_V,1,799,6
head_1_1_V,1,798,3
head_1_1_V,1,797,4
head_1_1_V,1,796,2
head_1_1_V,1,795,2
head_1_1_V,1,794,1
head_1_1_V,1,793,2
head_1_1_V,1,792,5
head_1_1_V,1,791,5
head_1_1_V,1,790,1
head_1_1_V,1,789,2
head_1_1_V,1,788,6
head_1_1_V,1,787,3
head_1_1_V,1,786,4
head_1_1_V,1,785,2
head_1_1_V,1,784,1
head_1_1_V,1,783,2
head_1_1_V,1,782,3
head_1_1_V,1,781,3
head_1_1_V,1,780,5
head_1_1_V,1,779,3
head_1_1_V,1,778,1
head_1_1_V,1,777,4
head_1_1_V,1,775,3
head_1_1_V,1,774,3
head_1_1_V,1,773,6
head_1_1_V,1,772,7
head_1_1_V,1,771,5
head_1_1_V,1,770,6
head_1_1_V,1,769,3
head_1_1_V,1,768,6
head_1_1_V,1,767,3
head_1_1_V,1,766,4
head_1_1_V,1,765,4
head_1_1_V,1,763,4
head_1_1_V,1,762,6
head_1_1_V,1,761,1
head_1_1_V,1,760,3
head_1_1_V,1,759,4
head_1_1_V,1,758,4
head_1_1_V,1,757,3
head_1_1_V,1,756,3
head_1_1_V,1,755,7
head_1_1_V,1,754,4
head_1_1_V,1,753,2
head_1_1_V,1,752,3
head_1_1_V,1,751,1
head_1_1_V,1,750,4
head_1_1_V,1,749,9
head_1_1_V,1,748,6
head_1_1_V,1,747,2
head_1_1_V,1,746,4
head_1_1_V,1,745,5
head_1_1_V,1,744,7
head_1_1_V,1,743,5
head_1_1_V,1,742,3
head_1_1_V,1,741,3
head_1_1_V,1,740,6
head_1_1_V,1,739,4
head_1_1_V,1,738,4
head_1_1_V,1,737,4
head_1_1_V,1,736,2
head_1_1_V,1,734,5
head_1_1_V,1,733,6
head_1_1_V,1,732,1
head_1_1_V,1,731,3
head_1_1_V,1,730,4
head_1_1_V,1,729,5
head_1_1_V,1,728,3
head_1_1_V,1,727,6
head_1_1_V,1,726,4
head_1_1_V,1,725,4
head_1_1_V,1,724,5
head_1_1_V,1,722,1
head_1_1_V,1,721,9
head_1_1_V,1,720,2
head_1_1_V,1,719,3
head_1_1_V,1,718,1
head_1_1_V,1,717,4
head_1_1_V,1,716,2
head_1_1_V,1,715,5
head_1_1_V,1,714,3
head_1_1_V,1,713,4
head_1_1_V,1,712,1
head_1_1_V,1,711,5
head_1_1_V,1,710,4
head_1_1_V,1,709,6
head_1_1_V,1,708,4
head_1_1_V,1,707,2
head_1_1_V,1,706,2
head_1_1_V,1,705,2
head_1_1_V,1,704,3
head_1_1_V,1,703,2
head_1_1_V,1,702,4
head_1_1_V,1,701,6
head_1_1_V,1,700,5
head_1_1_V,1,699,2
head_1_1_V,1,698,4
head_1_1_V,1,697,4
head_1_1_V,1,696,9
head_1_1_V,1,695,4
head_1_1_V,1,694,7
head_1_1_V,1,693,3
head_1_1_V,1,692,4
head_1_1_V,1,691,7
head_1_1_V,1,689,3
head_1_1_V,1,688,4
head_1_1_V,1,686,2
head_1_1_V,1,685,3
head_1_1_V,1,684,9
head_1_1_V,1,683,5
head_1_1_V,1,682,5
head_1_1_V,1,681,3
head_1_1_V,1,680,4
head_1_1_V,1,679,12
head_1_1_V,1,678,6
head_1_1_V,1,677,7
head_1_1_V,1,676,2
head_1_1_V,1,675,5
head_1_1_V,1,674,3
head_1_1_V,1,673,3
head_1_1_V,1,672,1
head_1_1_V,1,671,6
head_1_1_V,1,670,1
head_1_1_V,1,669,5
head_1_1_V,1,668,4
head_1_1_V,1,667,3
head_1_1_V,1,666,6
head_1_1_V,1,665,2
head_1_1_V,1,664,8
head_1_1_V,1,663,1
head_1_1_V,1,662,4
head_1_1_V,1,661,2
head_1_1_V,1,660,3
head_1_1_V,1,659,8
head_1_1_V,1,658,4
head_1_1_V,1,657,3
head_1_1_V,1,656,4
head_1_1_V,1,655,4
head_1_1_V,1,654,7
head_1_1_V,1,653,7
head_1_1_V,1,652,5
head_1_1_V,1,651,5
head_1_1_V,1,650,5
head_1_1_V,1,649,4
head_1_1_V,1,648,2
head_1_1_V,1,647,8
head_1_1_V,1,646,7
head_1_1_V,1,645,2
head_1_1_V,1,644,4
head_1_1_V,1,643,3
head_1_1_V,1,642,5
head_1_1_V,1,641,4
head_1_1_V,1,640,4
head_1_1_V,1,639,3
head_1_1_V,1,638,5
head_1_1_V,1,637,3
head_1_1_V,1,636,7
head_1_1_V,1,635,2
head_1_1_V,1,634,6
head_1_1_V,1,633,7
head_1_1_V,1,632,6
head_1_1_V,1,631,5
head_1_1_V,1,630,5
head_1_1_V,1,629,5
head_1_1_V,1,628,3
head_1_1_V,1,627,2
head_1_1_V,1,626,7
head_1_1_V,1,625,11
head_1_1_V,1,624,5
head_1_1_V,1,623,10
head_1_1_V,1,622,4
head_1_1_V,1,621,10
head_1_1_V,1,620,8
head_1_1_V,1,619,6
head_1_1_V,1,618,4
head_1_1_V,1,617,5
head_1_1_V,1,616,5
head_1_1_V,1,615,6
head_1_1_V,1,614,1
head_1_1_V,1,613,5
head_1_1_V,1,612,7
head_1_1_V,1,611,3
head_1_1_V,1,610,3
head_1_1_V,1,609,4
head_1_1_V,1,608,3
head_1_1_V,1,607,7
head_1_1_V,1,606,2
head_1_1_V,1,605,6
head_1_1_V,1,604,6
head_1_1_V,1,603,7
head_1_1_V,1,602,6
head_1_1_V,1,601,2
head_1_1_V,1,600,6
head_1_1_V,1,599,8
head_1_1_V,1,598,6
head_1_1_V,1,597,6
head_1_1_V,1,596,8
head_1_1_V,1,595,7
head_1_1_V,1,594,6
head_1_1_V,1,593,7
head_1_1_V,1,592,6
head_1_1_V,1,591,5
head_1_1_V,1,590,6
head_1_1_V,1,589,5
head_1_1_V,1,588,13
head_1_1_V,1,587,11
head_1_1_V,1,586,8
head_1_1_V,1,585,9
head_1_1_V,1,584,3
head_1_1_V,1,583,2
head_1_1_V,1,582,9
head_1_1_V,1,581,2
head_1_1_V,1,580,6
head_1_1_V,1,579,4
head_1_1_V,1,578,9
head_1_1_V,1,577,10
head_1_1_V,1,576,8
head_1_1_V,1,575,7
head_1_1_V,1,574,8
head_1_1_V,1,573,6
head_1_1_V,1,572,7
head_1_1_V,1,571,1
head_1_1_V,1,570,8
head_1_1_V,1,569,7
head_1_1_V,1,568,3
head_1_1_V,1,567,10
head_1_1_V,1,566,11
head_1_1_V,1,565,9
head_1_1_V,1,564,7
head_1_1_V,1,563,9
head_1_1_V,1,562,3
head_1_1_V,1,561,8
head_1_1_V,1,560,7
head_1_1_V,1,559,3
head_1_1_V,1,558,7
head_1_1_V,1,557,4
head_1_1_V,1,556,9
head_1_1_V,1,555,9
head_1_1_V,1,554,7
head_1_1_V,1,553,10
head_1_1_V,1,552,10
head_1_1_V,1,551,7
head_1_1_V,1,550,4
head_1_1_V,1,549,13
head_1_1_V,1,548,5
head_1_1_V,1,547,7
head_1_1_V,1,546,6
head_1_1_V,1,545,7
head_1_1_V,1,544,3
head_1_1_V,1,543,10
head_1_1_V,1,542,11
head_1_1_V,1,541,6
head_1_1_V,1,540,13
head_1_1_V,1,539,9
head_1_1_V,1,538,9
head_1_1_V,1,537,8
head_1_1_V,1,536,6
head_1_1_V,1,535,3
head_1_1_V,1,534,8
head_1_1_V,1,533,8
head_1_1_V,1,532,4
head_1_1_V,1,531,9
head_1_1_V,1,530,9
head_1_1_V,1,529,5
head_1_1_V,1,528,9
head_1_1_V,1,527,4
head_1_1_V,1,526,6
head_1_1_V,1,525,6
head_1_1_V,1,524,3
head_1_1_V,1,523,11
head_1_1_V,1,522,11
head_1_1_V,1,521,7
head_1_1_V,1,520,6
head_1_1_V,1,519,8
head_1_1_V,1,518,6
head_1_1_V,1,517,14
head_1_1_V,1,516,14
head_1_1_V,1,515,10
head_1_1_V,1,514,9
head_1_1_V,1,513,8
head_1_1_V,1,512,7
head_1_1_V,1,511,8
head_1_1_V,1,510,12
head_1_1_V,1,509,9
head_1_1_V,1,508,5
head_1_1_V,1,507,6
head_1_1_V,1,506,8
head_1_1_V,1,505,11
head_1_1_V,1,504,7
head_1_1_V,1,503,14
head_1_1_V,1,502,7
head_1_1_V,1,501,8
head_1_1_V,1,500,6
head_1_1_V,1,499,7
head_1_1_V,1,498,9
head_1_1_V,1,497,6
head_1_1_V,1,496,9
head_1_1_V,1,495,8
head_1_1_V,1,494,9
head_1_1_V,1,493,7
head_1_1_V,1,492,7
head_1_1_V,1,491,9
head_1_1_V,1,490,2
head_1_1_V,1,489,8
head_1_1_V,1,488,9
head_1_1_V,1,487,8
head_1_1_V,1,486,6
head_1_1_V,1,485,9
head_1_1_V,1,484,12
head_1_1_V,1,483,7
head_1_1_V,1,482,11
head_1_1_V,1,481,9
head_1_1_V,1,480,12
head_1_1_V,1,479,13
head_1_1_V,1,478,7
head_1_1_V,1,477,5
head_1_1_V,1,476,12
head_1_1_V,1,475,11
head_1_1_V,1,474,9
head_1_1_V,1,473,7
head_1_1_V,1,472,12
head_1_1_V,1,471,7
head_1_1_V,1,470,10
head_1_1_V,1,469,7
head_1_1_V,1,468,10
head_1_1_V,1,467,19
head_1_1_V,1,466,12
head_1_1_V,1,465,7
head_1_1_V,1,464,11
head_1_1_V,1,463,7
head_1_1_V,1,462,8
head_1_1_V,1,461,11
head_1_1_V,1,460,13
head_1_1_V,1,459,22
head_1_1_V,1,458,8
head_1_1_V,1,457,13
head_1_1_V,1,456,11
head_1_1_V,1,455,5
head_1_1_V,1,454,16
head_1_1_V,1,453,12
head_1_1_V,1,452,13
head_1_1_V,1,451,13
head_1_1_V,1,450,9
head_1_1_V,1,449,17
head_1_1_V,1,448,12
head_1_1_V,1,447,11
head_1_1_V,1,446,14
head_1_1_V,1,445,9
head_1_1_V,1,444,11
head_1_1_V,1,443,8
head_1_1_V,1,442,13
head_1_1_V,1,441,13
head_1_1_V,1,440,13
head_1_1_V,1,439,9
head_1_1_V,1,438,19
head_1_1_V,1,437,5
head_1_1_V,1,436,12
head_1_1_V,1,435,7
head_1_1_V,1,434,11
head_1_1_V,1,433,13
head_1_1_V,1,432,12
head_1_1_V,1,431,13
head_1_1_V,1,430,11
head_1_1_V,1,429,13
head_1_1_V,1,428,12
head_1_1_V,1,427,13
head_1_1_V,1,426,12
head_1_1_V,1,425,13
head_1_1_V,1,424,12
head_1_1_V,1,423,4
head_1_1_V,1,422,6
head_1_1_V,1,421,11
head_1_1_V,1,420,13
head_1_1_V,1,419,20
head_1_1_V,1,418,12
head_1_1_V,1,417,15
head_1_1_V,1,416,14
head_1_1_V,1,415,9
head_1_1_V,1,414,18
head_1_1_V,1,413,12
head_1_1_V,1,412,10
head_1_1_V,1,411,21
head_1_1_V,1,410,15
head_1_1_V,1,409,15
head_1_1_V,1,408,13
head_1_1_V,1,407,10
head_1_1_V,1,406,11
head_1_1_V,1,405,11
head_1_1_V,1,404,11
head_1_1_V,1,403,13
head_1_1_V,1,402,10
head_1_1_V,1,401,10
head_1_1_V,1,400,15
head_1_1_V,1,399,23
head_1_1_V,1,398,15
head_1_1_V,1,397,12
head_1_1_V,1,396,16
head_1_1_V,1,395,15
head_1_1_V,1,394,7
head_1_1_V,1,393,10
head_1_1_V,1,392,13
head_1_1_V,1,391,13
head_1_1_V,1,390,14
head_1_1_V,1,389,17
head_1_1_V,1,388,11
head_1_1_V,1,387,9
head_1_1_V,1,386,11
head_1_1_V,1,385,8
head_1_1_V,1,384,11
head_1_1_V,1,383,19
head_1_1_V,1,382,11
head_1_1_V,1,381,9
head_1_1_V,1,380,20
head_1_1_V,1,379,10
head_1_1_V,1,378,17
head_1_1_V,1,377,16
head_1_1_V,1,376,12
head_1_1_V,1,375,11
head_1_1_V,1,374,13
head_1_1_V,1,373,17
head_1_1_V,1,372,13
head_1_1_V,1,371,17
head_1_1_V,1,370,24
head_1_1_V,1,369,13
head_1_1_V,1,368,12
head_1_1_V,1,367,14
head_1_1_V,1,366,14
head_1_1_V,1,365,22
head_1_1_V,1,364,9
head_1_1_V,1,363,17
head_1_1_V,1,362,11
head_1_1_V,1,361,13
head_1_1_V,1,360,20
head_1_1_V,1,359,19
head_1_1_V,1,358,11
head_1_1_V,1,357,18
head_1_1_V,1,356,16
head_1_1_V,1,355,23
head_1_1_V,1,354,14
head_1_1_V,1,353,17
head_1_1_V,1,352,10
head_1_1_V,1,351,16
head_1_1_V,1,350,18
head_1_1_V,1,349,9
head_1_1_V,1,348,21
head_1_1_V,1,347,23
head_1_1_V,1,346,10
head_1_1_V,1,345,15
head_1_1_V,1,344,12
head_1_1_V,1,343,19
head_1_1_V,1,342,20
head_1_1_V,1,341,11
head_1_1_V,1,340,18
head_1_1_V,1,339,13
head_1_1_V,1,338,18
head_1_1_V,1,337,16
head_1_1_V,1,336,13
head_1_1_V,1,335,15
head_1_1_V,1,334,16
head_1_1_V,1,333,12
head_1_1_V,1,332,18
head_1_1_V,1,331,29
head_1_1_V,1,330,16
head_1_1_V,1,329,15
head_1_1_V,1,328,24
head_1_1_V,1,327,15
head_1_1_V,1,326,22
head_1_1_V,1,325,20
head_1_1_V,1,324,13
head_1_1_V,1,323,16
head_1_1_V,1,322,16
head_1_1_V,1,321,20
head_1_1_V,1,320,27
head_1_1_V,1,319,26
head_1_1_V,1,318,22
head_1_1_V,1,317,19
head_1_1_V,1,316,23
head_1_1_V,1,315,25
head_1_1_V,1,314,18
head_1_1_V,1,313,15
head_1_1_V,1,312,30
head_1_1_V,1,311,19
head_1_1_V,1,310,22
head_1_1_V,1,309,23
head_1_1_V,1,308,15
head_1_1_V,1,307,18
head_1_1_V,1,306,15
head_1_1_V,1,305,23
head_1_1_V,1,304,17
head_1_1_V,1,303,28
head_1_1_V,1,302,19
head_1_1_V,1,301,11
head_1_1_V,1,300,23
head_1_1_V,1,299,22
head_1_1_V,1,298,19
head_1_1_V,1,297,32
head_1_1_V,1,296,16
head_1_1_V,1,295,14
head_1_1_V,1,294,21
head_1_1_V,1,293,23
head_1_1_V,1,292,23
head_1_1_V,1,291,16
head_1_1_V,1,290,23
head_1_1_V,1,289,20
head_1_1_V,1,288,27
head_1_1_V,1,287,20
head_1_1_V,1,286,27
head_1_1_V,1,285,23
head_1_1_V,1,284,23
head_1_1_V,1,283,22
head_1_1_V,1,282,34
head_1_1_V,1,281,21
head_1_1_V,1,280,21
head_1_1_V,1,279,24
head_1_1_V,1,278,25
head_1_1_V,1,277,21
head_1_1_V,1,276,17
head_1_1_V,1,275,21
head_1_1_V,1,274,21
head_1_1_V,1,273,19
head_1_1_V,1,272,27
head_1_1_V,1,271,21
head_1_1_V,1,270,16
head_1_1_V,1,269,26
head_1_1_V,1,268,32
head_1_1_V,1,267,27
head_1_1_V,1,266,25
head_1_1_V,1,265,34
head_1_1_V,1,264,23
head_1_1_V,1,263,29
head_1_1_V,1,262,10
head_1_1_V,1,261,23
head_1_1_V,1,260,22
head_1_1_V,1,259,28
head_1_1_V,1,258,23
head_1_1_V,1,257,34
head_1_1_V,1,256,23
head_1_1_V,1,255,27
head_1_1_V,1,254,38
head_1_1_V,1,253,31
head_1_1_V,1,252,29
head_1_1_V,1,251,18
head_1_1_V,1,250,25
head_1_1_V,1,249,20
head_1_1_V,1,248,24
head_1_1_V,1,247,36
head_1_1_V,1,246,25
head_1_1_V,1,245,30
head_1_1_V,1,244,32
head_1_1_V,1,243,27
head_1_1_V,1,242,38
head_1_1_V,1,241,39
head_1_1_V,1,240,25
head_1_1_V,1,239,31
head_1_1_V,1,238,29
head_1_1_V,1,237,25
head_1_1_V,1,236,25
head_1_1_V,1,235,36
head_1_1_V,1,234,29
head_1_1_V,1,233,34
head_1_1_V,1,232,30
head_1_1_V,1,231,38
head_1_1_V,1,230,34
head_1_1_V,1,229,23
head_1_1_V,1,228,33
head_1_1_V,1,227,22
head_1_1_V,1,226,37
head_1_1_V,1,225,37
head_1_1_V,1,224,38
head_1_1_V,1,223,30
head_1_1_V,1,222,29
head_1_1_V,1,221,33
head_1_1_V,1,220,28
head_1_1_V,1,219,37
head_1_1_V,1,218,26
head_1_1_V,1,217,48
head_1_1_V,1,216,35
head_1_1_V,1,215,30
head_1_1_V,1,214,39
head_1_1_V,1,213,34
head_1_1_V,1,212,41
head_1_1_V,1,211,28
head_1_1_V,1,210,49
head_1_1_V,1,209,34
head_1_1_V,1,208,38
head_1_1_V,1,207,42
head_1_1_V,1,206,35
head_1_1_V,1,205,47
head_1_1_V,1,204,33
head_1_1_V,1,203,40
head_1_1_V,1,202,33
head_1_1_V,1,201,48
head_1_1_V,1,200,44
head_1_1_V,1,199,37
head_1_1_V,1,198,49
head_1_1_V,1,197,41
head_1_1_V,1,196,37
head_1_1_V,1,195,44
head_1_1_V,1,194,46
head_1_1_V,1,193,44
head_1_1_V,1,192,38
head_1_1_V,1,191,54
head_1_1_V,1,190,45
head_1_1_V,1,189,37
head_1_1_V,1,188,45
head_1_1_V,1,187,44
head_1_1_V,1,186,43
head_1_1_V,1,185,41
head_1_1_V,1,184,52
head_1_1_V,1,183,49
head_1_1_V,1,182,46
head_1_1_V,1,181,55
head_1_1_V,1,180,38
head_1_1_V,1,179,57
head_1_1_V,1,178,55
head_1_1_V,1,177,44
head_1_1_V,1,176,49
head_1_1_V,1,175,46
head_1_1_V,1,174,42
head_1_1_V,1,173,60
head_1_1_V,1,172,55
head_1_1_V,1,171,47
head_1_1_V,1,170,71
head_1_1_V,1,169,52
head_1_1_V,1,168,58
head_1_1_V,1,167,53
head_1_1_V,1,166,48
head_1_1_V,1,165,53
head_1_1_V,1,164,49
head_1_1_V,1,163,58
head_1_1_V,1,162,44
head_1_1_V,1,161,48
head_1_1_V,1,160,54
head_1_1_V,1,159,52
head_1_1_V,1,158,67
head_1_1_V,1,157,59
head_1_1_V,1,156,70
head_1_1_V,1,155,54
head_1_1_V,1,154,50
head_1_1_V,1,153,57
head_1_1_V,1,152,57
head_1_1_V,1,151,61
head_1_1_V,1,150,58
head_1_1_V,1,149,59
head_1_1_V,1,148,51
head_1_1_V,1,147,65
head_1_1_V,1,146,70
head_1_1_V,1,145,56
head_1_1_V,1,144,56
head_1_1_V,1,143,57
head_1_1_V,1,142,67
head_1_1_V,1,141,55
head_1_1_V,1,140,81
head_1_1_V,1,139,67
head_1_1_V,1,138,72
head_1_1_V,1,137,75
head_1_1_V,1,136,76
head_1_1_V,1,135,78
head_1_1_V,1,134,66
head_1_1_V,1,133,77
head_1_1_V,1,132,77
head_1_1_V,1,131,65
head_1_1_V,1,130,64
head_1_1_V,1,129,83
head_1_1_V,1,128,61
head_1_1_V,1,127,67
head_1_1_V,1,126,85
head_1_1_V,1,125,97
head_1_1_V,1,124,77
head_1_1_V,1,123,72
head_1_1_V,1,122,78
head_1_1_V,1,121,86
head_1_1_V,1,120,75
head_1_1_V,1,119,63
head_1_1_V,1,118,81
head_1_1_V,1,117,79
head_1_1_V,1,116,74
head_1_1_V,1,115,95
head_1_1_V,1,114,88
head_1_1_V,1,113,89
head_1_1_V,1,112,92
head_1_1_V,1,111,91
head_1_1_V,1,110,93
head_1_1_V,1,109,99
head_1_1_V,1,108,105
head_1_1_V,1,107,102
head_1_1_V,1,106,84
head_1_1_V,1,105,93
head_1_1_V,1,104,92
head_1_1_V,1,103,84
head_1_1_V,1,102,112
head_1_1_V,1,101,74
head_1_1_V,1,100,88
head_1_1_V,1,99,84
head_1_1_V,1,98,106
head_1_1_V,1,97,98
head_1_1_V,1,96,107
head_1_1_V,1,95,119
head_1_1_V,1,94,109
head_1_1_V,1,93,102
head_1_1_V,1,92,101
head_1_1_V,1,91,111
head_1_1_V,1,90,91
head_1_1_V,1,89,93
head_1_1_V,1,88,133
head_1_1_V,1,87,118
head_1_1_V,1,86,112
head_1_1_V,1,85,95
head_1_1_V,1,84,122
head_1_1_V,1,83,107
head_1_1_V,1,82,113
head_1_1_V,1,81,95
head_1_1_V,1,80,110
head_1_1_V,1,79,112
head_1_1_V,1,78,122
head_1_1_V,1,77,119
head_1_1_V,1,76,125
head_1_1_V,1,75,127
head_1_1_V,1,74,125
head_1_1_V,1,73,138
head_1_1_V,1,72,137
head_1_1_V,1,71,145
head_1_1_V,1,70,130
head_1_1_V,1,69,140
head_1_1_V,1,68,136
head_1_1_V,1,67,126
head_1_1_V,1,66,153
head_1_1_V,1,65,169
head_1_1_V,1,64,146
head_1_1_V,1,63,159
head_1_1_V,1,62,161
head_1_1_V,1,61,145
head_1_1_V,1,60,175
head_1_1_V,1,59,172
head_1_1_V,1,58,176
head_1_1_V,1,57,160
head_1_1_V,1,56,163
head_1_1_V,1,55,181
head_1_1_V,1,54,173
head_1_1_V,1,53,192
head_1_1_V,1,52,176
head_1_1_V,1,51,178
head_1_1_V,1,50,203
head_1_1_V,1,49,209
head_1_1_V,1,48,174
head_1_1_V,1,47,200
head_1_1_V,1,46,211
head_1_1_V,1,45,211
head_1_1_V,1,44,195
head_1_1_V,1,43,207
head_1_1_V,1,42,257
head_1_1_V,1,41,222
head_1_1_V,1,40,232
head_1_1_V,1,39,223
head_1_1_V,1,38,222
head_1_1_V,1,37,243
head_1_1_V,1,36,226
head_1_1_V,1,35,236
head_1_1_V,1,34,264
head_1_1_V,1,33,258
head_1_1_V,1,32,273
head_1_1_V,1,31,257
head_1_1_V,1,30,306
head_1_1_V,1,29,272
head_1_1_V,1,28,274
head_1_1_V,1,27,312
head_1_1_V,1,26,272
head_1_1_V,1,25,275
head_1_1_V,1,24,319
head_1_1_V,1,23,313
head_1_1_V,1,22,313
head_1_1_V,1,21,335
head_1_1_V,1,20,319
head_1_1_V,1,19,322
head_1_1_V,1,18,338
head_1_1_V,1,17,354
head_1_1_V,1,16,345
head_1_1_V,1,15,377
head_1_1_V,1,14,366
head_1_1_V,1,13,406
head_1_1_V,1,12,430
head_1_1_V,1,11,416
head_1_1_V,1,10,431
head_1_1_V,1,9,468
head_1_1_V,1,8,443
head_1_1_V,1,7,421
head_1_1_V,1,6,473
head_1_1_V,1,5,437
head_1_1_V,1,4,484
head_1_1_V,1,3,429
head_1_1_V,1,2,383
head_1_1_V,1,1,305
head_1_1_V,1,0,28843
head_1_1_V,2,9326,1
head_1_1_V,2,8024,1
head_1_1_V,2,6395,1
head_1_1_V,2,6196,1
head_1_1_V,2,5776,1
head_1_1_V,2,5640,1
head_1_1_V,2,5472,1
head_1_1_V,2,5414,1
head_1_1_V,2,5396,1
head_1_1_V,2,5360,1
head_1_1_V,2,5144,1
head_1_1_V,2,5040,1
head_1_1_V,2,4773,1
head_1_1_V,2,4611,1
head_1_1_V,2,4598,1
head_1_1_V,2,4570,1
head_1_1_V,2,4506,1
head_1_1_V,2,4483,1
head_1_1_V,2,4371,1
head_1_1_V,2,4102,1
head_1_1_V,2,4071,1
head_1_1_V,2,4027,1
head_1_1_V,2,3971,1
head_1_1_V,2,3923,1
head_1_1_V,2,3920,1
head_1_1_V,2,3909,1
head_1_1_V,2,3697,1
head_1_1_V,2,3576,1
head_1_1_V,2,3535,1
head_1_1_V,2,3527,1
head_1_1_V,2,3495,1
head_1_1_V,2,3463,1
head_1_1_V,2,3433,1
head_1_1_V,2,3402,1
head_1_1_V,2,3399,1
head_1_1_V,2,3358,1
head_1_1_V,2,3346,1
head_1_1_V,2,3343,1
head_1_1_V,2,3317,1
head_1_1_V,2,3296,1
head_1_1_V,2,3287,1
head_1_1_V,2,3231,1
head_1_1_V,2,3230,1
head_1_1_V,2,3228,1
head_1_1_V,2,3192,1
head_1_1_V,2,3186,1
head_1_1_V,2,3179,1
head_1_1_V,2,3164,1
head_1_1_V,2,3090,1
head_1_1_V,2,3083,1
head_1_1_V,2,3059,1
head_1_1_V,2,3058,1
head_1_1_V,2,3039,1
head_1_1_V,2,3022,1
head_1_1_V,2,2993,1
head_1_1_V,2,2990,1
head_1_1_V,2,2945,1
head_1_1_V,2,2944,1
head_1_1_V,2,2941,1
head_1_1_V,2,2899,1
head_1_1_V,2,2881,1
head_1_1_V,2,2845,1
head_1_1_V,2,2828,1
head_1_1_V,2,2817,1
head_1_1_V,2,2801,1
head_1_1_V,2,2799,1
head_1_1_V,2,2770,1
head_1_1_V,2,2763,1
head_1_1_V,2,2746,1
head_1_1_V,2,2703,1
head_1_1_V,2,2700,1
head_1_1_V,2,2698,1
head_1_1_V,2,2690,1
head_1_1_V,2,2641,1
head_1_1_V,2,2626,1
head_1_1_V,2,2582,1
head_1_1_V,2,2575,1
head_1_1_V,2,2554,1
head_1_1_V,2,2549,1
head_1_1_V,2,2545,1
head_1_1_V,2,2526,1
head_1_1_V,2,2523,1
head_1_1_V,2,2491,1
head_1_1_V,2,2467,1
head_1_1_V,2,2461,1
head_1_1_V,2,2460,1
head_1_1_V,2,2446,1
head_1_1_V,2,2407,1
head_1_1_V,2,2382,1
head_1_1_V,2,2354,1
head_1_1_V,2,2322,1
head_1_1_V,2,2311,1
head_1_1_V,2,2287,1
head_1_1_V,2,2280,1
head_1_1_V,2,2278,1
head_1_1_V,2,2274,1
head_1_1_V,2,2270,1
head_1_1_V,2,2256,1
head_1_1_V,2,2248,1
head_1_1_V,2,2233,1
head_1_1_V,2,2205,1
head_1_1_V,2,2188,1
head_1_1_V,2,2186,2
head_1_1_V,2,2178,1
head_1_1_V,2,2176,1
head_1_1_V,2,2173,1
head_1_1_V,2,2163,1
head_1_1_V,2,2162,1
head_1_1_V,2,2157,1
head_1_1_V,2,2151,1
head_1_1_V,2,2148,1
head_1_1_V,2,2145,1
head_1_1_V,2,2141,1
head_1_1_V,2,2140,1
head_1_1_V,2,2137,1
head_1_1_V,2,2134,1
head_1_1_V,2,2123,2
head_1_1_V,2,2121,1
head_1_1_V,2,2117,1
head_1_1_V,2,2107,1
head_1_1_V,2,2105,1
head_1_1_V,2,2103,1
head_1_1_V,2,2102,1
head_1_1_V,2,2097,1
head_1_1_V,2,2095,1
head_1_1_V,2,2094,1
head_1_1_V,2,2083,1
head_1_1_V,2,2080,1
head_1_1_V,2,2071,1
head_1_1_V,2,2070,1
head_1_1_V,2,2053,1
head_1_1_V,2,2049,1
head_1_1_V,2,2047,1
head_1_1_V,2,2046,1
head_1_1_V,2,2035,1
head_1_1_V,2,2029,1
head_1_1_V,2,2027,1
head_1_1_V,2,2023,1
head_1_1_V,2,2006,1
head_1_1_V,2,1996,1
head_1_1_V,2,1995,1
head_1_1_V,2,1987,1
head_1_1_V,2,1985,1
head_1_1_V,2,1973,1
head_1_1_V,2,1962,1
head_1_1_V,2,1959,1
head_1_1_V,2,1958,1
head_1_1_V,2,1955,1
head_1_1_V,2,1954,2
head_1_1_V,2,1949,1
head_1_1_V,2,1940,1
head_1_1_V,2,1930,1
head_1_1_V,2,1929,1
head_1_1_V,2,1927,1
head_1_1_V,2,1922,1
head_1_1_V,2,1916,1
head_1_1_V,2,1914,1
head_1_1_V,2,1913,1
head_1_1_V,2,1894,1
head_1_1_V,2,1889,1
head_1_1_V,2,1873,1
head_1_1_V,2,1868,1
head_1_1_V,2,1853,1
head_1_1_V,2,1849,1
head_1_1_V,2,1842,1
head_1_1_V,2,1819,2
head_1_1_V,2,1817,1
head_1_1_V,2,1815,1
head_1_1_V,2,1807,1
head_1_1_V,2,1804,1
head_1_1_V,2,1791,1
head_1_1_V,2,1788,1
head_1_1_V,2,1786,1
head_1_1_V,2,1776,1
head_1_1_V,2,1765,1
head_1_1_V,2,1753,1
head_1_1_V,2,1737,1
head_1_1_V,2,1735,1
head_1_1_V,2,1734,1
head_1_1_V,2,1733,1
head_1_1_V,2,1722,1
head_1_1_V,2,1717,1
head_1_1_V,2,1715,1
head_1_1_V,2,1708,1
head_1_1_V,2,1696,1
head_1_1_V,2,1691,2
head_1_1_V,2,1687,1
head_1_1_V,2,1681,1
head_1_1_V,2,1676,1
head_1_1_V,2,1668,2
head_1_1_V,2,1652,1
head_1_1_V,2,1648,1
head_1_1_V,2,1645,1
head_1_1_V,2,1641,1
head_1_1_V,2,1638,1
head_1_1_V,2,1637,1
head_1_1_V,2,1636,3
head_1_1_V,2,1635,1
head_1_1_V,2,1630,1
head_1_1_V,2,1629,1
head_1_1_V,2,1623,1
head_1_1_V,2,1620,2
head_1_1_V,2,1619,1
head_1_1_V,2,1613,1
head_1_1_V,2,1611,2
head_1_1_V,2,1605,1
head_1_1_V,2,1596,1
head_1_1_V,2,1594,2
head_1_1_V,2,1592,2
head_1_1_V,2,1589,2
head_1_1_V,2,1581,1
head_1_1_V,2,1577,2
head_1_1_V,2,1571,1
head_1_1_V,2,1567,1
head_1_1_V,2,1564,1
head_1_1_V,2,1562,1
head_1_1_V,2,1555,1
head_1_1_V,2,1551,2
head_1_1_V,2,1547,1
head_1_1_V,2,1546,3
head_1_1_V,2,1544,1
head_1_1_V,2,1539,1
head_1_1_V,2,1534,1
head_1_1_V,2,1533,1
head_1_1_V,2,1531,1
head_1_1_V,2,1529,1
head_1_1_V,2,1528,1
head_1_1_V,2,1527,2
head_1_1_V,2,1521,1
head_1_1_V,2,1520,1
head_1_1_V,2,1517,1
head_1_1_V,2,1516,1
head_1_1_V,2,1515,1
head_1_1_V,2,1514,1
head_1_1_V,2,1512,1
head_1_1_V,2,1507,1
head_1_1_V,2,1506,1
head_1_1_V,2,1502,1
head_1_1_V,2,1501,1
head_1_1_V,2,1500,2
head_1_1_V,2,1498,1
head_1_1_V,2,1492,2
head_1_1_V,2,1489,1
head_1_1_V,2,1488,1
head_1_1_V,2,1487,2
head_1_1_V,2,1484,1
head_1_1_V,2,1483,1
head_1_1_V,2,1477,1
head_1_1_V,2,1468,1
head_1_1_V,2,1466,1
head_1_1_V,2,1465,1
head_1_1_V,2,1463,1
head_1_1_V,2,1462,1
head_1_1_V,2,1459,1
head_1_1_V,2,1458,1
head_1_1_V,2,1455,1
head_1_1_V,2,1453,1
head_1_1_V,2,1444,1
head_1_1_V,2,1440,1
head_1_1_V,2,1439,1
head_1_1_V,2,1435,1
head_1_1_V,2,1432,1
head_1_1_V,2,1430,1
head_1_1_V,2,1429,1
head_1_1_V,2,1425,1
head_1_1_V,2,1421,1
head_1_1_V,2,1420,1
head_1_1_V,2,1410,1
head_1_1_V,2,1409,1
head_1_1_V,2,1407,1
head_1_1_V,2,1400,1
head_1_1_V,2,1395,1
head_1_1_V,2,1393,1
head_1_1_V,2,1392,1
head_1_1_V,2,1391,1
head_1_1_V,2,1390,1
head_1_1_V,2,1386,1
head_1_1_V,2,1380,1
head_1_1_V,2,1373,1
head_1_1_V,2,1372,3
head_1_1_V,2,1370,1
head_1_1_V,2,1367,3
head_1_1_V,2,1366,2
head_1_1_V,2,1364,1
head_1_1_V,2,1363,2
head_1_1_V,2,1362,2
head_1_1_V,2,1361,1
head_1_1_V,2,1358,2
head_1_1_V,2,1354,2
head_1_1_V,2,1352,1
head_1_1_V,2,1350,1
head_1_1_V,2,1348,1
head_1_1_V,2,1345,1
head_1_1_V,2,1344,1
head_1_1_V,2,1343,1
head_1_1_V,2,1340,2
head_1_1_V,2,1339,1
head_1_1_V,2,1336,1
head_1_1_V,2,1335,1
head_1_1_V,2,1332,1
head_1_1_V,2,1331,2
head_1_1_V,2,1329,1
head_1_1_V,2,1323,1
head_1_1_V,2,1322,1
head_1_1_V,2,1321,1
head_1_1_V,2,1320,1
head_1_1_V,2,1319,1
head_1_1_V,2,1318,1
head_1_1_V,2,1313,1
head_1_1_V,2,1311,2
head_1_1_V,2,1310,1
head_1_1_V,2,1301,1
head_1_1_V,2,1298,1
head_1_1_V,2,1296,1
head_1_1_V,2,1295,1
head_1_1_V,2,1292,3
head_1_1_V,2,1291,1
head_1_1_V,2,1285,1
head_1_1_V,2,1284,2
head_1_1_V,2,1278,3
head_1_1_V,2,1276,3
head_1_1_V,2,1271,2
head_1_1_V,2,1270,1
head_1_1_V,2,1267,1
head_1_1_V,2,1264,1
head_1_1_V,2,1262,1
head_1_1_V,2,1261,1
head_1_1_V,2,1259,2
head_1_1_V,2,1254,2
head_1_1_V,2,1253,1
head_1_1_V,2,1251,1
head_1_1_V,2,1247,1
head_1_1_V,2,1244,1
head_1_1_V,2,1243,1
head_1_1_V,2,1241,2
head_1_1_V,2,1238,1
head_1_1_V,2,1235,1
head_1_1_V,2,1233,1
head_1_1_V,2,1230,1
head_1_1_V,2,1229,1
head_1_1_V,2,1227,3
head_1_1_V,2,1224,1
head_1_1_V,2,1223,1
head_1_1_V,2,1222,2
head_1_1_V,2,1216,1
head_1_1_V,2,1215,1
head_1_1_V,2,1213,1
head_1_1_V,2,1211,1
head_1_1_V,2,1208,1
head_1_1_V,2,1207,1
head_1_1_V,2,1205,1
head_1_1_V,2,1201,1
head_1_1_V,2,1200,1
head_1_1_V,2,1199,1
head_1_1_V,2,1197,2
head_1_1_V,2,1195,1
head_1_1_V,2,1193,1
head_1_1_V,2,1192,1
head_1_1_V,2,1191,1
head_1_1_V,2,1190,2
head_1_1_V,2,1187,2
head_1_1_V,2,1183,3
head_1_1_V,2,1181,1
head_1_1_V,2,1179,1
head_1_1_V,2,1178,1
head_1_1_V,2,1177,1
head_1_1_V,2,1171,2
head_1_1_V,2,1169,2
head_1_1_V,2,1168,2
head_1_1_V,2,1166,1
head_1_1_V,2,1164,2
head_1_1_V,2,1163,2
head_1_1_V,2,1162,1
head_1_1_V,2,1161,3
head_1_1_V,2,1159,2
head_1_1_V,2,1158,1
head_1_1_V,2,1154,2
head_1_1_V,2,1153,1
head_1_1_V,2,1151,1
head_1_1_V,2,1149,2
head_1_1_V,2,1147,2
head_1_1_V,2,1146,1
head_1_1_V,2,1145,1
head_1_1_V,2,1144,1
head_1_1_V,2,1143,1
head_1_1_V,2,1142,1
head_1_1_V,2,1140,1
head_1_1_V,2,1139,1
head_1_1_V,2,1137,2
head_1_1_V,2,1136,1
head_1_1_V,2,1135,1
head_1_1_V,2,1133,1
head_1_1_V,2,1131,1
head_1_1_V,2,1128,1
head_1_1_V,2,1127,1
head_1_1_V,2,1126,1
head_1_1_V,2,1122,1
head_1_1_V,2,1121,1
head_1_1_V,2,1120,1
head_1_1_V,2,1119,1
head_1_1_V,2,1117,3
head_1_1_V,2,1115,2
head_1_1_V,2,1113,2
head_1_1_V,2,1112,1
head_1_1_V,2,1109,1
head_1_1_V,2,1108,2
head_1_1_V,2,1107,2
head_1_1_V,2,1106,1
head_1_1_V,2,1103,3
head_1_1_V,2,1101,4
head_1_1_V,2,1098,2
head_1_1_V,2,1097,2
head_1_1_V,2,1096,1
head_1_1_V,2,1095,1
head_1_1_V,2,1094,1
head_1_1_V,2,1093,3
head_1_1_V,2,1092,1
head_1_1_V,2,1091,1
head_1_1_V,2,1090,3
head_1_1_V,2,1086,1
head_1_1_V,2,1085,1
head_1_1_V,2,1084,1
head_1_1_V,2,1083,2
head_1_1_V,2,1082,1
head_1_1_V,2,1081,1
head_1_1_V,2,1080,4
head_1_1_V,2,1079,2
head_1_1_V,2,1078,2
head_1_1_V,2,1077,1
head_1_1_V,2,1076,2
head_1_1_V,2,1075,1
head_1_1_V,2,1074,2
head_1_1_V,2,1072,1
head_1_1_V,2,1070,2
head_1_1_V,2,1069,1
head_1_1_V,2,1068,2
head_1_1_V,2,1066,4
head_1_1_V,2,1065,2
head_1_1_V,2,1063,1
head_1_1_V,2,1062,1
head_1_1_V,2,1061,1
head_1_1_V,2,1060,3
head_1_1_V,2,1059,1
head_1_1_V,2,1058,1
head_1_1_V,2,1056,1
head_1_1_V,2,1055,1
head_1_1_V,2,1054,1
head_1_1_V,2,1053,1
head_1_1_V,2,1049,2
head_1_1_V,2,1048,2
head_1_1_V,2,1046,1
head_1_1_V,2,1044,4
head_1_1_V,2,1043,2
head_1_1_V,2,1042,1
head_1_1_V,2,1041,2
head_1_1_V,2,1040,2
head_1_1_V,2,1039,3
head_1_1_V,2,1038,1
head_1_1_V,2,1037,2
head_1_1_V,2,1036,2
head_1_1_V,2,1035,1
head_1_1_V,2,1034,1
head_1_1_V,2,1033,1
head_1_1_V,2,1030,3
head_1_1_V,2,1029,1
head_1_1_V,2,1027,2
head_1_1_V,2,1026,1
head_1_1_V,2,1025,1
head_1_1_V,2,1022,1
head_1_1_V,2,1021,1
head_1_1_V,2,1020,1
head_1_1_V,2,1018,2
head_1_1_V,2,1016,1
head_1_1_V,2,1015,2
head_1_1_V,2,1014,1
head_1_1_V,2,1013,1
head_1_1_V,2,1012,3
head_1_1_V,2,1011,1
head_1_1_V,2,1009,3
head_1_1_V,2,1008,1
head_1_1_V,2,1006,2
head_1_1_V,2,1005,2
head_1_1_V,2,1004,2
head_1_1_V,2,1003,1
head_1_1_V,2,1000,2
head_1_1_V,2,999,1
head_1_1_V,2,997,3
head_1_1_V,2,996,2
head_1_1_V,2,995,1
head_1_1_V,2,994,1
head_1_1_V,2,993,4
head_1_1_V,2,992,1
head_1_1_V,2,991,2
head_1_1_V,2,990,2
head_1_1_V,2,989,1
head_1_1_V,2,988,2
head_1_1_V,2,987,2
head_1_1_V,2,986,2
head_1_1_V,2,985,1
head_1_1_V,2,984,1
head_1_1_V,2,983,2
head_1_1_V,2,981,1
head_1_1_V,2,980,3
head_1_1_V,2,979,1
head_1_1_V,2,976,1
head_1_1_V,2,975,3
head_1_1_V,2,974,2
head_1_1_V,2,972,2
head_1_1_V,2,971,1
head_1_1_V,2,970,1
head_1_1_V,2,969,1
head_1_1_V,2,968,2
head_1_1_V,2,967,2
head_1_1_V,2,966,1
head_1_1_V,2,964,2
head_1_1_V,2,963,1
head_1_1_V,2,962,2
head_1_1_V,2,961,1
head_1_1_V,2,960,2
head_1_1_V,2,959,1
head_1_1_V,2,958,1
head_1_1_V,2,957,2
head_1_1_V,2,956,1
head_1_1_V,2,955,2
head_1_1_V,2,954,1
head_1_1_V,2,952,2
head_1_1_V,2,951,1
head_1_1_V,2,950,6
head_1_1_V,2,949,1
head_1_1_V,2,948,3
head_1_1_V,2,947,1
head_1_1_V,2,946,1
head_1_1_V,2,945,1
head_1_1_V,2,944,2
head_1_1_V,2,942,2
head_1_1_V,2,941,3
head_1_1_V,2,938,3
head_1_1_V,2,936,2
head_1_1_V,2,935,2
head_1_1_V,2,933,1
head_1_1_V,2,932,1
head_1_1_V,2,931,2
head_1_1_V,2,930,1
head_1_1_V,2,929,2
head_1_1_V,2,926,3
head_1_1_V,2,925,2
head_1_1_V,2,924,1
head_1_1_V,2,923,1
head_1_1_V,2,921,2
head_1_1_V,2,920,1
head_1_1_V,2,918,2
head_1_1_V,2,916,2
head_1_1_V,2,915,3
head_1_1_V,2,912,4
head_1_1_V,2,911,3
head_1_1_V,2,910,1
head_1_1_V,2,908,1
head_1_1_V,2,907,5
head_1_1_V,2,906,1
head_1_1_V,2,904,3
head_1_1_V,2,902,1
head_1_1_V,2,900,1
head_1_1_V,2,899,2
head_1_1_V,2,898,2
head_1_1_V,2,897,3
head_1_1_V,2,895,3
head_1_1_V,2,894,4
head_1_1_V,2,893,1
head_1_1_V,2,892,3
head_1_1_V,2,891,1
head_1_1_V,2,890,1
head_1_1_V,2,889,1
head_1_1_V,2,887,1
head_1_1_V,2,885,3
head_1_1_V,2,884,1
head_1_1_V,2,882,2
head_1_1_V,2,880,2
head_1_1_V,2,879,2
head_1_1_V,2,878,1
head_1_1_V,2,877,3
head_1_1_V,2,875,2
head_1_1_V,2,874,1
head_1_1_V,2,873,3
head_1_1_V,2,872,2
head_1_1_V,2,871,1
head_1_1_V,2,869,2
head_1_1_V,2,868,1
head_1_1_V,2,867,3
head_1_1_V,2,866,5
head_1_1_V,2,865,3
head_1_1_V,2,864,4
head_1_1_V,2,862,1
head_1_1_V,2,861,1
head_1_1_V,2,860,1
head_1_1_V,2,859,2
head_1_1_V,2,858,2
head_1_1_V,2,857,2
head_1_1_V,2,856,5
head_1_1_V,2,855,3
head_1_1_V,2,854,3
head_1_1_V,2,853,5
head_1_1_V,2,852,4
head_1_1_V,2,851,1
head_1_1_V,2,850,2
head_1_1_V,2,849,1
head_1_1_V,2,848,2
head_1_1_V,2,847,1
head_1_1_V,2,845,1
head_1_1_V,2,844,1
head_1_1_V,2,843,4
head_1_1_V,2,842,3
head_1_1_V,2,841,3
head_1_1_V,2,840,2
head_1_1_V,2,839,4
head_1_1_V,2,838,1
head_1_1_V,2,837,2
head_1_1_V,2,836,2
head_1_1_V,2,835,2
head_1_1_V,2,833,2
head_1_1_V,2,832,1
head_1_1_V,2,831,1
head_1_1_V,2,830,3
head_1_1_V,2,829,1
head_1_1_V,2,828,1
head_1_1_V,2,826,4
head_1_1_V,2,825,1
head_1_1_V,2,824,2
head_1_1_V,2,823,3
head_1_1_V,2,822,3
head_1_1_V,2,821,3
head_1_1_V,2,819,2
head_1_1_V,2,818,4
head_1_1_V,2,817,1
head_1_1_V,2,816,3
head_1_1_V,2,815,5
head_1_1_V,2,814,4
head_1_1_V,2,813,1
head_1_1_V,2,812,2
head_1_1_V,2,810,1
head_1_1_V,2,809,4
head_1_1_V,2,808,2
head_1_1_V,2,807,1
head_1_1_V,2,805,1
head_1_1_V,2,804,4
head_1_1_V,2,803,2
head_1_1_V,2,802,3
head_1_1_V,2,801,2
head_1_1_V,2,800,1
head_1_1_V,2,799,2
head_1_1_V,2,798,1
head_1_1_V,2,797,3
head_1_1_V,2,796,1
head_1_1_V,2,795,2
head_1_1_V,2,794,1
head_1_1_V,2,793,2
head_1_1_V,2,792,1
head_1_1_V,2,791,4
head_1_1_V,2,790,4
head_1_1_V,2,789,1
head_1_1_V,2,788,4
head_1_1_V,2,787,6
head_1_1_V,2,786,7
head_1_1_V,2,784,5
head_1_1_V,2,783,3
head_1_1_V,2,782,3
head_1_1_V,2,781,3
head_1_1_V,2,780,1
head_1_1_V,2,779,4
head_1_1_V,2,778,1
head_1_1_V,2,777,3
head_1_1_V,2,775,2
head_1_1_V,2,774,3
head_1_1_V,2,773,1
head_1_1_V,2,772,5
head_1_1_V,2,770,6
head_1_1_V,2,769,2
head_1_1_V,2,768,7
head_1_1_V,2,767,3
head_1_1_V,2,766,4
head_1_1_V,2,765,3
head_1_1_V,2,764,3
head_1_1_V,2,763,2
head_1_1_V,2,762,4
head_1_1_V,2,761,3
head_1_1_V,2,760,2
head_1_1_V,2,759,2
head_1_1_V,2,758,2
head_1_1_V,2,757,3
head_1_1_V,2,756,6
head_1_1_V,2,755,3
head_1_1_V,2,754,4
head_1_1_V,2,753,6
head_1_1_V,2,751,2
head_1_1_V,2,750,5
head_1_1_V,2,749,3
head_1_1_V,2,748,4
head_1_1_V,2,747,6
head_1_1_V,2,746,1
head_1_1_V,2,745,7
head_1_1_V,2,744,4
head_1_1_V,2,743,3
head_1_1_V,2,742,1
head_1_1_V,2,741,5
head_1_1_V,2,740,2
head_1_1_V,2,739,2
head_1_1_V,2,738,4
head_1_1_V,2,737,2
head_1_1_V,2,736,1
head_1_1_V,2,735,2
head_1_1_V,2,734,7
head_1_1_V,2,733,4
head_1_1_V,2,732,3
head_1_1_V,2,731,4
head_1_1_V,2,730,1
head_1_1_V,2,729,1
head_1_1_V,2,728,4
head_1_1_V,2,727,1
head_1_1_V,2,726,4
head_1_1_V,2,725,6
head_1_1_V,2,724,2
head_1_1_V,2,723,4
head_1_1_V,2,722,4
head_1_1_V,2,721,2
head_1_1_V,2,720,4
head_1_1_V,2,719,2
head_1_1_V,2,718,2
head_1_1_V,2,717,3
head_1_1_V,2,716,4
head_1_1_V,2,715,4
head_1_1_V,2,714,1
head_1_1_V,2,713,2
head_1_1_V,2,712,3
head_1_1_V,2,711,5
head_1_1_V,2,710,1
head_1_1_V,2,709,5
head_1_1_V,2,708,3
head_1_1_V,2,707,1
head_1_1_V,2,706,3
head_1_1_V,2,705,1
head_1_1_V,2,703,3
head_1_1_V,2,702,1
head_1_1_V,2,701,3
head_1_1_V,2,700,3
head_1_1_V,2,699,3
head_1_1_V,2,698,14
head_1_1_V,2,697,5
head_1_1_V,2,696,4
head_1_1_V,2,695,4
head_1_1_V,2,694,4
head_1_1_V,2,693,4
head_1_1_V,2,692,4
head_1_1_V,2,691,6
head_1_1_V,2,690,7
head_1_1_V,2,689,2
head_1_1_V,2,688,6
head_1_1_V,2,687,5
head_1_1_V,2,686,3
head_1_1_V,2,685,4
head_1_1_V,2,684,5
head_1_1_V,2,683,4
head_1_1_V,2,682,4
head_1_1_V,2,681,5
head_1_1_V,2,680,2
head_1_1_V,2,679,4
head_1_1_V,2,678,4
head_1_1_V,2,677,3
head_1_1_V,2,676,6
head_1_1_V,2,675,3
head_1_1_V,2,674,4
head_1_1_V,2,673,3
head_1_1_V,2,672,4
head_1_1_V,2,671,8
head_1_1_V,2,670,5
head_1_1_V,2,669,2
head_1_1_V,2,668,5
head_1_1_V,2,667,2
head_1_1_V,2,666,1
head_1_1_V,2,665,9
head_1_1_V,2,664,4
head_1_1_V,2,663,10
head_1_1_V,2,662,3
head_1_1_V,2,661,4
head_1_1_V,2,660,8
head_1_1_V,2,659,2
head_1_1_V,2,658,3
head_1_1_V,2,657,3
head_1_1_V,2,656,1
head_1_1_V,2,655,4
head_1_1_V,2,653,5
head_1_1_V,2,652,4
head_1_1_V,2,651,5
head_1_1_V,2,650,8
head_1_1_V,2,649,5
head_1_1_V,2,648,3
head_1_1_V,2,647,3
head_1_1_V,2,646,4
head_1_1_V,2,645,4
head_1_1_V,2,644,5
head_1_1_V,2,643,3
head_1_1_V,2,642,4
head_1_1_V,2,641,2
head_1_1_V,2,640,6
head_1_1_V,2,639,1
head_1_1_V,2,638,8
head_1_1_V,2,637,2
head_1_1_V,2,636,3
head_1_1_V,2,635,4
head_1_1_V,2,634,3
head_1_1_V,2,633,5
head_1_1_V,2,632,9
head_1_1_V,2,631,5
head_1_1_V,2,630,4
head_1_1_V,2,629,6
head_1_1_V,2,628,2
head_1_1_V,2,627,5
head_1_1_V,2,626,4
head_1_1_V,2,625,7
head_1_1_V,2,624,2
head_1_1_V,2,623,4
head_1_1_V,2,622,7
head_1_1_V,2,621,3
head_1_1_V,2,620,5
head_1_1_V,2,619,4
head_1_1_V,2,618,8
head_1_1_V,2,617,1
head_1_1_V,2,616,9
head_1_1_V,2,615,3
head_1_1_V,2,614,5
head_1_1_V,2,613,5
head_1_1_V,2,612,6
head_1_1_V,2,611,4
head_1_1_V,2,610,2
head_1_1_V,2,609,3
head_1_1_V,2,608,5
head_1_1_V,2,607,7
head_1_1_V,2,606,6
head_1_1_V,2,605,4
head_1_1_V,2,604,5
head_1_1_V,2,603,3
head_1_1_V,2,602,5
head_1_1_V,2,601,3
head_1_1_V,2,600,5
head_1_1_V,2,599,5
head_1_1_V,2,598,5
head_1_1_V,2,597,8
head_1_1_V,2,596,6
head_1_1_V,2,595,3
head_1_1_V,2,594,4
head_1_1_V,2,593,1
head_1_1_V,2,592,7
head_1_1_V,2,591,6
head_1_1_V,2,590,7
head_1_1_V,2,589,10
head_1_1_V,2,588,3
head_1_1_V,2,587,3
head_1_1_V,2,586,4
head_1_1_V,2,585,7
head_1_1_V,2,584,4
head_1_1_V,2,583,2
head_1_1_V,2,582,4
head_1_1_V,2,581,4
head_1_1_V,2,580,3
head_1_1_V,2,579,9
head_1_1_V,2,578,4
head_1_1_V,2,577,4
head_1_1_V,2,576,9
head_1_1_V,2,575,4
head_1_1_V,2,574,6
head_1_1_V,2,573,4
head_1_1_V,2,572,7
head_1_1_V,2,571,9
head_1_1_V,2,570,2
head_1_1_V,2,569,5
head_1_1_V,2,568,4
head_1_1_V,2,567,2
head_1_1_V,2,566,3
head_1_1_V,2,565,1
head_1_1_V,2,564,5
head_1_1_V,2,563,5
head_1_1_V,2,562,8
head_1_1_V,2,561,9
head_1_1_V,2,560,5
head_1_1_V,2,559,2
head_1_1_V,2,558,6
head_1_1_V,2,557,5
head_1_1_V,2,556,5
head_1_1_V,2,555,4
head_1_1_V,2,554,4
head_1_1_V,2,553,5
head_1_1_V,2,552,4
head_1_1_V,2,551,6
head_1_1_V,2,550,11
head_1_1_V,2,549,13
head_1_1_V,2,548,3
head_1_1_V,2,547,6
head_1_1_V,2,546,3
head_1_1_V,2,545,4
head_1_1_V,2,544,5
head_1_1_V,2,543,4
head_1_1_V,2,542,5
head_1_1_V,2,541,8
head_1_1_V,2,540,5
head_1_1_V,2,539,10
head_1_1_V,2,538,8
head_1_1_V,2,537,4
head_1_1_V,2,536,6
head_1_1_V,2,535,9
head_1_1_V,2,534,7
head_1_1_V,2,533,10
head_1_1_V,2,532,10
head_1_1_V,2,531,5
head_1_1_V,2,530,5
head_1_1_V,2,529,10
head_1_1_V,2,528,7
head_1_1_V,2,527,9
head_1_1_V,2,526,5
head_1_1_V,2,525,5
head_1_1_V,2,524,6
head_1_1_V,2,523,6
head_1_1_V,2,522,13
head_1_1_V,2,521,6
head_1_1_V,2,520,11
head_1_1_V,2,519,5
head_1_1_V,2,518,4
head_1_1_V,2,517,9
head_1_1_V,2,516,6
head_1_1_V,2,515,12
head_1_1_V,2,514,10
head_1_1_V,2,513,6
head_1_1_V,2,512,5
head_1_1_V,2,511,7
head_1_1_V,2,510,7
head_1_1_V,2,509,8
head_1_1_V,2,508,6
head_1_1_V,2,507,7
head_1_1_V,2,506,11
head_1_1_V,2,505,5
head_1_1_V,2,504,14
head_1_1_V,2,503,8
head_1_1_V,2,502,8
head_1_1_V,2,501,8
head_1_1_V,2,500,5
head_1_1_V,2,499,9
head_1_1_V,2,498,7
head_1_1_V,2,497,9
head_1_1_V,2,496,8
head_1_1_V,2,495,7
head_1_1_V,2,494,7
head_1_1_V,2,493,10
head_1_1_V,2,492,9
head_1_1_V,2,491,9
head_1_1_V,2,490,11
head_1_1_V,2,489,12
head_1_1_V,2,488,8
head_1_1_V,2,487,6
head_1_1_V,2,486,8
head_1_1_V,2,485,3
head_1_1_V,2,484,5
head_1_1_V,2,483,5
head_1_1_V,2,482,12
head_1_1_V,2,481,9
head_1_1_V,2,480,8
head_1_1_V,2,479,9
head_1_1_V,2,478,12
head_1_1_V,2,477,4
head_1_1_V,2,476,7
head_1_1_V,2,475,11
head_1_1_V,2,474,9
head_1_1_V,2,473,10
head_1_1_V,2,472,10
head_1_1_V,2,471,15
head_1_1_V,2,470,7
head_1_1_V,2,469,5
head_1_1_V,2,468,6
head_1_1_V,2,467,5
head_1_1_V,2,466,6
head_1_1_V,2,465,5
head_1_1_V,2,464,8
head_1_1_V,2,463,5
head_1_1_V,2,462,12
head_1_1_V,2,461,9
head_1_1_V,2,460,12
head_1_1_V,2,459,9
head_1_1_V,2,458,6
head_1_1_V,2,457,6
head_1_1_V,2,456,10
head_1_1_V,2,455,14
head_1_1_V,2,454,9
head_1_1_V,2,453,15
head_1_1_V,2,452,16
head_1_1_V,2,451,13
head_1_1_V,2,450,8
head_1_1_V,2,449,8
head_1_1_V,2,448,11
head_1_1_V,2,447,7
head_1_1_V,2,446,11
head_1_1_V,2,445,14
head_1_1_V,2,444,9
head_1_1_V,2,443,8
head_1_1_V,2,442,12
head_1_1_V,2,441,7
head_1_1_V,2,440,11
head_1_1_V,2,439,11
head_1_1_V,2,438,9
head_1_1_V,2,437,8
head_1_1_V,2,436,10
head_1_1_V,2,435,7
head_1_1_V,2,434,9
head_1_1_V,2,433,13
head_1_1_V,2,432,15
head_1_1_V,2,431,7
head_1_1_V,2,430,10
head_1_1_V,2,429,11
head_1_1_V,2,428,7
head_1_1_V,2,427,17
head_1_1_V,2,426,18
head_1_1_V,2,425,14
head_1_1_V,2,424,6
head_1_1_V,2,423,8
head_1_1_V,2,422,11
head_1_1_V,2,421,12
head_1_1_V,2,420,10
head_1_1_V,2,419,13
head_1_1_V,2,418,8
head_1_1_V,2,417,10
head_1_1_V,2,416,8
head_1_1_V,2,415,9
head_1_1_V,2,414,13
head_1_1_V,2,413,12
head_1_1_V,2,412,12
head_1_1_V,2,411,10
head_1_1_V,2,410,15
head_1_1_V,2,409,13
head_1_1_V,2,408,11
head_1_1_V,2,407,8
head_1_1_V,2,406,12
head_1_1_V,2,405,11
head_1_1_V,2,404,17
head_1_1_V,2,403,17
head_1_1_V,2,402,11
head_1_1_V,2,401,16
head_1_1_V,2,400,10
head_1_1_V,2,399,6
head_1_1_V,2,398,14
head_1_1_V,2,397,9
head_1_1_V,2,396,11
head_1_1_V,2,395,8
head_1_1_V,2,394,14
head_1_1_V,2,393,12
head_1_1_V,2,392,11
head_1_1_V,2,391,15
head_1_1_V,2,390,16
head_1_1_V,2,389,20
head_1_1_V,2,388,9
head_1_1_V,2,387,7
head_1_1_V,2,386,10
head_1_1_V,2,385,16
head_1_1_V,2,384,19
head_1_1_V,2,383,10
head_1_1_V,2,382,14
head_1_1_V,2,381,7
head_1_1_V,2,380,10
head_1_1_V,2,379,11
head_1_1_V,2,378,17
head_1_1_V,2,377,14
head_1_1_V,2,376,16
head_1_1_V,2,375,11
head_1_1_V,2,374,8
head_1_1_V,2,373,12
head_1_1_V,2,372,13
head_1_1_V,2,371,16
head_1_1_V,2,370,10
head_1_1_V,2,369,22
head_1_1_V,2,368,19
head_1_1_V,2,367,13
head_1_1_V,2,366,17
head_1_1_V,2,365,14
head_1_1_V,2,364,17
head_1_1_V,2,363,7
head_1_1_V,2,362,12
head_1_1_V,2,361,13
head_1_1_V,2,360,17
head_1_1_V,2,359,11
head_1_1_V,2,358,9
head_1_1_V,2,357,14
head_1_1_V,2,356,16
head_1_1_V,2,355,16
head_1_1_V,2,354,8
head_1_1_V,2,353,19
head_1_1_V,2,352,13
head_1_1_V,2,351,15
head_1_1_V,2,350,13
head_1_1_V,2,349,19
head_1_1_V,2,348,22
head_1_1_V,2,347,15
head_1_1_V,2,346,21
head_1_1_V,2,345,12
head_1_1_V,2,344,13
head_1_1_V,2,343,19
head_1_1_V,2,342,16
head_1_1_V,2,341,15
head_1_1_V,2,340,9
head_1_1_V,2,339,20
head_1_1_V,2,338,19
head_1_1_V,2,337,15
head_1_1_V,2,336,18
head_1_1_V,2,335,20
head_1_1_V,2,334,13
head_1_1_V,2,333,15
head_1_1_V,2,332,19
head_1_1_V,2,331,23
head_1_1_V,2,330,17
head_1_1_V,2,329,30
head_1_1_V,2,328,18
head_1_1_V,2,327,18
head_1_1_V,2,326,8
head_1_1_V,2,325,15
head_1_1_V,2,324,17
head_1_1_V,2,323,15
head_1_1_V,2,322,17
head_1_1_V,2,321,16
head_1_1_V,2,320,22
head_1_1_V,2,319,18
head_1_1_V,2,318,17
head_1_1_V,2,317,22
head_1_1_V,2,316,13
head_1_1_V,2,315,15
head_1_1_V,2,314,27
head_1_1_V,2,313,17
head_1_1_V,2,312,16
head_1_1_V,2,311,18
head_1_1_V,2,310,27
head_1_1_V,2,309,21
head_1_1_V,2,308,17
head_1_1_V,2,307,22
head_1_1_V,2,306,29
head_1_1_V,2,305,23
head_1_1_V,2,304,17
head_1_1_V,2,303,17
head_1_1_V,2,302,21
head_1_1_V,2,301,19
head_1_1_V,2,300,30
head_1_1_V,2,299,18
head_1_1_V,2,298,15
head_1_1_V,2,297,16
head_1_1_V,2,296,12
head_1_1_V,2,295,15
head_1_1_V,2,294,19
head_1_1_V,2,293,23
head_1_1_V,2,292,17
head_1_1_V,2,291,22
head_1_1_V,2,290,31
head_1_1_V,2,289,23
head_1_1_V,2,288,18
head_1_1_V,2,287,28
head_1_1_V,2,286,24
head_1_1_V,2,285,29
head_1_1_V,2,284,18
head_1_1_V,2,283,30
head_1_1_V,2,282,27
head_1_1_V,2,281,20
head_1_1_V,2,280,27
head_1_1_V,2,279,29
head_1_1_V,2,278,27
head_1_1_V,2,277,28
head_1_1_V,2,276,23
head_1_1_V,2,275,18
head_1_1_V,2,274,30
head_1_1_V,2,273,29
head_1_1_V,2,272,26
head_1_1_V,2,271,27
head_1_1_V,2,270,22
head_1_1_V,2,269,20
head_1_1_V,2,268,21
head_1_1_V,2,267,26
head_1_1_V,2,266,23
head_1_1_V,2,265,27
head_1_1_V,2,264,34
head_1_1_V,2,263,29
head_1_1_V,2,262,30
head_1_1_V,2,261,25
head_1_1_V,2,260,22
head_1_1_V,2,259,34
head_1_1_V,2,258,22
head_1_1_V,2,257,39
head_1_1_V,2,256,30
head_1_1_V,2,255,26
head_1_1_V,2,254,23
head_1_1_V,2,253,23
head_1_1_V,2,252,21
head_1_1_V,2,251,24
head_1_1_V,2,250,33
head_1_1_V,2,249,29
head_1_1_V,2,248,29
head_1_1_V,2,247,33
head_1_1_V,2,246,34
head_1_1_V,2,245,25
head_1_1_V,2,244,31
head_1_1_V,2,243,47
head_1_1_V,2,242,33
head_1_1_V,2,241,23
head_1_1_V,2,240,34
head_1_1_V,2,239,32
head_1_1_V,2,238,41
head_1_1_V,2,237,34
head_1_1_V,2,236,34
head_1_1_V,2,235,40
head_1_1_V,2,234,28
head_1_1_V,2,233,37
head_1_1_V,2,232,40
head_1_1_V,2,231,29
head_1_1_V,2,230,27
head_1_1_V,2,229,40
head_1_1_V,2,228,34
head_1_1_V,2,227,19
head_1_1_V,2,226,35
head_1_1_V,2,225,28
head_1_1_V,2,224,39
head_1_1_V,2,223,49
head_1_1_V,2,222,36
head_1_1_V,2,221,44
head_1_1_V,2,220,41
head_1_1_V,2,219,40
head_1_1_V,2,218,34
head_1_1_V,2,217,25
head_1_1_V,2,216,29
head_1_1_V,2,215,39
head_1_1_V,2,214,39
head_1_1_V,2,213,47
head_1_1_V,2,212,40
head_1_1_V,2,211,41
head_1_1_V,2,210,36
head_1_1_V,2,209,41
head_1_1_V,2,208,38
head_1_1_V,2,207,41
head_1_1_V,2,206,43
head_1_1_V,2,205,36
head_1_1_V,2,204,36
head_1_1_V,2,203,41
head_1_1_V,2,202,49
head_1_1_V,2,201,41
head_1_1_V,2,200,35
head_1_1_V,2,199,54
head_1_1_V,2,198,50
head_1_1_V,2,197,61
head_1_1_V,2,196,44
head_1_1_V,2,195,55
head_1_1_V,2,194,46
head_1_1_V,2,193,52
head_1_1_V,2,192,48
head_1_1_V,2,191,54
head_1_1_V,2,190,45
head_1_1_V,2,189,39
head_1_1_V,2,188,55
head_1_1_V,2,187,51
head_1_1_V,2,186,57
head_1_1_V,2,185,55
head_1_1_V,2,184,62
head_1_1_V,2,183,50
head_1_1_V,2,182,49
head_1_1_V,2,181,48
head_1_1_V,2,180,54
head_1_1_V,2,179,52
head_1_1_V,2,178,65
head_1_1_V,2,177,66
head_1_1_V,2,176,78
head_1_1_V,2,175,57
head_1_1_V,2,174,55
head_1_1_V,2,173,65
head_1_1_V,2,172,59
head_1_1_V,2,171,67
head_1_1_V,2,170,80
head_1_1_V,2,169,72
head_1_1_V,2,168,69
head_1_1_V,2,167,74
head_1_1_V,2,166,64
head_1_1_V,2,165,77
head_1_1_V,2,164,62
head_1_1_V,2,163,73
head_1_1_V,2,162,67
head_1_1_V,2,161,67
head_1_1_V,2,160,61
head_1_1_V,2,159,71
head_1_1_V,2,158,65
head_1_1_V,2,157,84
head_1_1_V,2,156,80
head_1_1_V,2,155,82
head_1_1_V,2,154,78
head_1_1_V,2,153,76
head_1_1_V,2,152,64
head_1_1_V,2,151,82
head_1_1_V,2,150,68
head_1_1_V,2,149,73
head_1_1_V,2,148,85
head_1_1_V,2,147,81
head_1_1_V,2,146,75
head_1_1_V,2,145,92
head_1_1_V,2,144,78
head_1_1_V,2,143,94
head_1_1_V,2,142,77
head_1_1_V,2,141,69
head_1_1_V,2,140,81
head_1_1_V,2,139,93
head_1_1_V,2,138,73
head_1_1_V,2,137,80
head_1_1_V,2,136,89
head_1_1_V,2,135,73
head_1_1_V,2,134,118
head_1_1_V,2,133,81
head_1_1_V,2,132,103
head_1_1_V,2,131,100
head_1_1_V,2,130,91
head_1_1_V,2,129,97
head_1_1_V,2,128,123
head_1_1_V,2,127,103
head_1_1_V,2,126,110
head_1_1_V,2,125,102
head_1_1_V,2,124,101
head_1_1_V,2,123,100
head_1_1_V,2,122,112
head_1_1_V,2,121,103
head_1_1_V,2,120,102
head_1_1_V,2,119,134
head_1_1_V,2,118,121
head_1_1_V,2,117,115
head_1_1_V,2,116,129
head_1_1_V,2,115,137
head_1_1_V,2,114,124
head_1_1_V,2,113,125
head_1_1_V,2,112,116
head_1_1_V,2,111,136
head_1_1_V,2,110,120
head_1_1_V,2,109,109
head_1_1_V,2,108,137
head_1_1_V,2,107,115
head_1_1_V,2,106,114
head_1_1_V,2,105,129
head_1_1_V,2,104,122
head_1_1_V,2,103,146
head_1_1_V,2,102,149
head_1_1_V,2,101,126
head_1_1_V,2,100,138
head_1_1_V,2,99,149
head_1_1_V,2,98,138
head_1_1_V,2,97,138
head_1_1_V,2,96,174
head_1_1_V,2,95,158
head_1_1_V,2,94,147
head_1_1_V,2,93,166
head_1_1_V,2,92,165
head_1_1_V,2,91,142
head_1_1_V,2,90,143
head_1_1_V,2,89,168
head_1_1_V,2,88,162
head_1_1_V,2,87,198
head_1_1_V,2,86,174
head_1_1_V,2,85,158
head_1_1_V,2,84,178
head_1_1_V,2,83,149
head_1_1_V,2,82,171
head_1_1_V,2,81,158
head_1_1_V,2,80,205
head_1_1_V,2,79,171
head_1_1_V,2,78,185
head_1_1_V,2,77,181
head_1_1_V,2,76,190
head_1_1_V,2,75,201
head_1_1_V,2,74,178
head_1_1_V,2,73,184
head_1_1_V,2,72,194
head_1_1_V,2,71,217
head_1_1_V,2,70,235
head_1_1_V,2,69,203
head_1_1_V,2,68,208
head_1_1_V,2,67,203
head_1_1_V,2,66,197
head_1_1_V,2,65,217
head_1_1_V,2,64,202
head_1_1_V,2,63,203
head_1_1_V,2,62,226
head_1_1_V,2,61,187
head_1_1_V,2,60,218
head_1_1_V,2,59,211
head_1_1_V,2,58,222
head_1_1_V,2,57,251
head_1_1_V,2,56,235
head_1_1_V,2,55,230
head_1_1_V,2,54,229
head_1_1_V,2,53,219
head_1_1_V,2,52,263
head_1_1_V,2,51,241
head_1_1_V,2,50,261
head_1_1_V,2,49,226
head_1_1_V,2,48,214
head_1_1_V,2,47,240
head_1_1_V,2,46,204
head_1_1_V,2,45,231
head_1_1_V,2,44,231
head_1_1_V,2,43,244
head_1_1_V,2,42,257
head_1_1_V,2,41,236
head_1_1_V,2,40,223
head_1_1_V,2,39,210
head_1_1_V,2,38,234
head_1_1_V,2,37,216
head_1_1_V,2,36,201
head_1_1_V,2,35,213
head_1_1_V,2,34,220
head_1_1_V,2,33,218
head_1_1_V,2,32,217
head_1_1_V,2,31,209
head_1_1_V,2,30,203
head_1_1_V,2,29,175
head_1_1_V,2,28,195
head_1_1_V,2,27,176
head_1_1_V,2,26,194
head_1_1_V,2,25,170
head_1_1_V,2,24,162
head_1_1_V,2,23,179
head_1_1_V,2,22,121
head_1_1_V,2,21,165
head_1_1_V,2,20,111
head_1_1_V,2,19,125
head_1_1_V,2,18,109
head_1_1_V,2,17,108
head_1_1_V,2,16,70
head_1_1_V,2,15,81
head_1_1_V,2,14,55
head_1_1_V,2,13,65
head_1_1_V,2,12,50
head_1_1_V,2,11,43
head_1_1_V,2,10,26
head_1_1_V,2,9,30
head_1_1_V,2,8,19
head_1_1_V,2,7,7
head_1_1_V,2,6,7
head_1_1_V,2,5,4
head_1_1_V,2,4,1
head_1_1_V,2,0,32768
head_1_1_V,3,7272,1
head_1_1_V,3,7049,1
head_1_1_V,3,6602,1
head_1_1_V,3,5621,1
head_1_1_V,3,5208,1
head_1_1_V,3,5191,1
head_1_1_V,3,5083,1
head_1_1_V,3,4838,1
head_1_1_V,3,4735,1
head_1_1_V,3,4733,1
head_1_1_V,3,4475,1
head_1_1_V,3,4440,1
head_1_1_V,3,4342,1
head_1_1_V,3,4314,1
head_1_1_V,3,4272,1
head_1_1_V,3,4072,1
head_1_1_V,3,4044,1
head_1_1_V,3,3968,1
head_1_1_V,3,3861,1
head_1_1_V,3,3711,1
head_1_1_V,3,3707,1
head_1_1_V,3,3637,1
head_1_1_V,3,3636,1
head_1_1_V,3,3598,1
head_1_1_V,3,3536,1
head_1_1_V,3,3462,1
head_1_1_V,3,3459,1
head_1_1_V,3,3415,1
head_1_1_V,3,3285,1
head_1_1_V,3,3284,1
head_1_1_V,3,3234,1
head_1_1_V,3,3225,1
head_1_1_V,3,3219,1
head_1_1_V,3,3182,1
head_1_1_V,3,3162,1
head_1_1_V,3,3160,1
head_1_1_V,3,3156,1
head_1_1_V,3,3133,1
head_1_1_V,3,3126,1
head_1_1_V,3,3087,1
head_1_1_V,3,3020,1
head_1_1_V,3,2916,1
head_1_1_V,3,2893,1
head_1_1_V,3,2892,1
head_1_1_V,3,2846,1
head_1_1_V,3,2830,1
head_1_1_V,3,2813,1
head_1_1_V,3,2804,1
head_1_1_V,3,2794,1
head_1_1_V,3,2789,1
head_1_1_V,3,2780,1
head_1_1_V,3,2755,1
head_1_1_V,3,2745,1
head_1_1_V,3,2722,1
head_1_1_V,3,2718,1
head_1_1_V,3,2716,1
head_1_1_V,3,2712,1
head_1_1_V,3,2707,1
head_1_1_V,3,2685,1
head_1_1_V,3,2673,1
head_1_1_V,3,2649,1
head_1_1_V,3,2627,1
head_1_1_V,3,2615,1
head_1_1_V,3,2592,1
head_1_1_V,3,2573,1
head_1_1_V,3,2537,1
head_1_1_V,3,2531,1
head_1_1_V,3,2502,1
head_1_1_V,3,2498,1
head_1_1_V,3,2494,1
head_1_1_V,3,2480,1
head_1_1_V,3,2448,1
head_1_1_V,3,2447,1
head_1_1_V,3,2444,1
head_1_1_V,3,2440,1
head_1_1_V,3,2425,1
head_1_1_V,3,2410,1
head_1_1_V,3,2405,1
head_1_1_V,3,2394,1
head_1_1_V,3,2374,1
head_1_1_V,3,2317,1
head_1_1_V,3,2300,1
head_1_1_V,3,2292,1
head_1_1_V,3,2283,2
head_1_1_V,3,2260,1
head_1_1_V,3,2227,2
head_1_1_V,3,2207,1
head_1_1_V,3,2205,1
head_1_1_V,3,2200,1
head_1_1_V,3,2199,1
head_1_1_V,3,2186,1
head_1_1_V,3,2185,1
head_1_1_V,3,2181,1
head_1_1_V,3,2158,1
head_1_1_V,3,2157,1
head_1_1_V,3,2155,1
head_1_1_V,3,2152,1
head_1_1_V,3,2138,1
head_1_1_V,3,2124,1
head_1_1_V,3,2121,1
head_1_1_V,3,2113,1
head_1_1_V,3,2107,1
head_1_1_V,3,2099,1
head_1_1_V,3,2097,1
head_1_1_V,3,2093,1
head_1_1_V,3,2084,1
head_1_1_V,3,2081,1
head_1_1_V,3,2077,1
head_1_1_V,3,2069,1
head_1_1_V,3,2064,1
head_1_1_V,3,2063,1
head_1_1_V,3,2050,1
head_1_1_V,3,2042,1
head_1_1_V,3,2035,1
head_1_1_V,3,2018,1
head_1_1_V,3,2004,1
head_1_1_V,3,1990,1
head_1_1_V,3,1983,1
head_1_1_V,3,1970,1
head_1_1_V,3,1967,1
head_1_1_V,3,1962,1
head_1_1_V,3,1961,1
head_1_1_V,3,1959,1
head_1_1_V,3,1953,1
head_1_1_V,3,1951,1
head_1_1_V,3,1948,1
head_1_1_V,3,1947,1
head_1_1_V,3,1927,1
head_1_1_V,3,1920,1
head_1_1_V,3,1910,1
head_1_1_V,3,1908,1
head_1_1_V,3,1904,1
head_1_1_V,3,1903,1
head_1_1_V,3,1894,1
head_1_1_V,3,1880,2
head_1_1_V,3,1879,1
head_1_1_V,3,1878,1
head_1_1_V,3,1875,1
head_1_1_V,3,1872,1
head_1_1_V,3,1869,1
head_1_1_V,3,1867,1
head_1_1_V,3,1866,1
head_1_1_V,3,1862,1
head_1_1_V,3,1856,1
head_1_1_V,3,1847,1
head_1_1_V,3,1835,1
head_1_1_V,3,1826,2
head_1_1_V,3,1821,1
head_1_1_V,3,1815,1
head_1_1_V,3,1814,1
head_1_1_V,3,1812,1
head_1_1_V,3,1809,1
head_1_1_V,3,1805,1
head_1_1_V,3,1801,1
head_1_1_V,3,1794,1
head_1_1_V,3,1792,1
head_1_1_V,3,1785,1
head_1_1_V,3,1779,1
head_1_1_V,3,1774,1
head_1_1_V,3,1768,1
head_1_1_V,3,1767,1
head_1_1_V,3,1756,1
head_1_1_V,3,1754,1
head_1_1_V,3,1750,2
head_1_1_V,3,1749,1
head_1_1_V,3,1747,1
head_1_1_V,3,1744,1
head_1_1_V,3,1743,1
head_1_1_V,3,1737,1
head_1_1_V,3,1735,2
head_1_1_V,3,1734,2
head_1_1_V,3,1726,1
head_1_1_V,3,1719,1
head_1_1_V,3,1711,1
head_1_1_V,3,1710,1
head_1_1_V,3,1705,1
head_1_1_V,3,1703,1
head_1_1_V,3,1702,1
head_1_1_V,3,1699,1
head_1_1_V,3,1694,2
head_1_1_V,3,1688,1
head_1_1_V,3,1687,1
head_1_1_V,3,1684,2
head_1_1_V,3,1683,1
head_1_1_V,3,1681,2
head_1_1_V,3,1679,1
head_1_1_V,3,1678,1
head_1_1_V,3,1676,1
head_1_1_V,3,1666,1
head_1_1_V,3,1665,1
head_1_1_V,3,1662,1
head_1_1_V,3,1660,1
head_1_1_V,3,1653,1
head_1_1_V,3,1652,1
head_1_1_V,3,1651,1
head_1_1_V,3,1647,1
head_1_1_V,3,1642,1
head_1_1_V,3,1641,1
head_1_1_V,3,1635,2
head_1_1_V,3,1628,1
head_1_1_V,3,1627,1
head_1_1_V,3,1617,1
head_1_1_V,3,1614,2
head_1_1_V,3,1612,1
head_1_1_V,3,1610,2
head_1_1_V,3,1607,2
head_1_1_V,3,1603,1
head_1_1_V,3,1598,1
head_1_1_V,3,1594,3
head_1_1_V,3,1591,1
head_1_1_V,3,1590,1
head_1_1_V,3,1588,1
head_1_1_V,3,1587,1
head_1_1_V,3,1586,1
head_1_1_V,3,1580,1
head_1_1_V,3,1577,1
head_1_1_V,3,1576,2
head_1_1_V,3,1573,1
head_1_1_V,3,1569,2
head_1_1_V,3,1568,1
head_1_1_V,3,1567,1
head_1_1_V,3,1563,1
head_1_1_V,3,1559,1
head_1_1_V,3,1558,1
head_1_1_V,3,1557,2
head_1_1_V,3,1554,1
head_1_1_V,3,1553,1
head_1_1_V,3,1549,1
head_1_1_V,3,1545,1
head_1_1_V,3,1543,1
head_1_1_V,3,1541,3
head_1_1_V,3,1538,1
head_1_1_V,3,1537,2
head_1_1_V,3,1530,1
head_1_1_V,3,1528,1
head_1_1_V,3,1526,2
head_1_1_V,3,1522,1
head_1_1_V,3,1521,1
head_1_1_V,3,1517,1
head_1_1_V,3,1516,2
head_1_1_V,3,1513,1
head_1_1_V,3,1510,1
head_1_1_V,3,1506,1
head_1_1_V,3,1505,1
head_1_1_V,3,1504,1
head_1_1_V,3,1503,1
head_1_1_V,3,1499,1
head_1_1_V,3,1498,1
head_1_1_V,3,1497,1
head_1_1_V,3,1493,1
head_1_1_V,3,1491,1
head_1_1_V,3,1490,1
head_1_1_V,3,1489,1
head_1_1_V,3,1488,1
head_1_1_V,3,1486,1
head_1_1_V,3,1484,1
head_1_1_V,3,1477,1
head_1_1_V,3,1475,1
head_1_1_V,3,1473,1
head_1_1_V,3,1472,1
head_1_1_V,3,1467,1
head_1_1_V,3,1466,1
head_1_1_V,3,1463,1
head_1_1_V,3,1462,1
head_1_1_V,3,1460,1
head_1_1_V,3,1459,2
head_1_1_V,3,1456,2
head_1_1_V,3,1454,1
head_1_1_V,3,1450,1
head_1_1_V,3,1449,3
head_1_1_V,3,1447,1
head_1_1_V,3,1444,2
head_1_1_V,3,1438,1
head_1_1_V,3,1436,1
head_1_1_V,3,1435,1
head_1_1_V,3,1434,1
head_1_1_V,3,1433,1
head_1_1_V,3,1432,2
head_1_1_V,3,1431,1
head_1_1_V,3,1430,1
head_1_1_V,3,1427,1
head_1_1_V,3,1426,1
head_1_1_V,3,1418,1
head_1_1_V,3,1412,1
head_1_1_V,3,1411,1
head_1_1_V,3,1410,1
head_1_1_V,3,1405,1
head_1_1_V,3,1404,3
head_1_1_V,3,1401,2
head_1_1_V,3,1399,1
head_1_1_V,3,1398,1
head_1_1_V,3,1397,1
head_1_1_V,3,1395,1
head_1_1_V,3,1394,1
head_1_1_V,3,1393,1
head_1_1_V,3,1386,1
head_1_1_V,3,1384,2
head_1_1_V,3,1380,2
head_1_1_V,3,1379,1
head_1_1_V,3,1376,1
head_1_1_V,3,1375,1
head_1_1_V,3,1374,1
head_1_1_V,3,1372,1
head_1_1_V,3,1371,1
head_1_1_V,3,1370,1
head_1_1_V,3,1368,1
head_1_1_V,3,1366,1
head_1_1_V,3,1365,2
head_1_1_V,3,1363,2
head_1_1_V,3,1361,1
head_1_1_V,3,1360,1
head_1_1_V,3,1358,1
head_1_1_V,3,1357,1
head_1_1_V,3,1354,1
head_1_1_V,3,1350,1
head_1_1_V,3,1349,1
head_1_1_V,3,1348,1
head_1_1_V,3,1345,1
head_1_1_V,3,1342,1
head_1_1_V,3,1340,2
head_1_1_V,3,1339,1
head_1_1_V,3,1338,1
head_1_1_V,3,1336,1
head_1_1_V,3,1331,1
head_1_1_V,3,1330,1
head_1_1_V,3,1328,3
head_1_1_V,3,1326,1
head_1_1_V,3,1323,1
head_1_1_V,3,1322,1
head_1_1_V,3,1321,2
head_1_1_V,3,1320,1
head_1_1_V,3,1319,1
head_1_1_V,3,1318,2
head_1_1_V,3,1317,1
head_1_1_V,3,1316,2
head_1_1_V,3,1311,1
head_1_1_V,3,1309,1
head_1_1_V,3,1304,2
head_1_1_V,3,1303,1
head_1_1_V,3,1301,3
head_1_1_V,3,1299,1
head_1_1_V,3,1297,1
head_1_1_V,3,1296,1
head_1_1_V,3,1295,1
head_1_1_V,3,1294,1
head_1_1_V,3,1293,1
head_1_1_V,3,1291,1
head_1_1_V,3,1289,1
head_1_1_V,3,1288,1
head_1_1_V,3,1287,1
head_1_1_V,3,1286,1
head_1_1_V,3,1285,1
head_1_1_V,3,1284,1
head_1_1_V,3,1282,2
head_1_1_V,3,1280,2
head_1_1_V,3,1277,1
head_1_1_V,3,1275,2
head_1_1_V,3,1272,1
head_1_1_V,3,1271,1
head_1_1_V,3,1270,2
head_1_1_V,3,1269,1
head_1_1_V,3,1268,1
head_1_1_V,3,1267,3
head_1_1_V,3,1265,1
head_1_1_V,3,1262,1
head_1_1_V,3,1261,1
head_1_1_V,3,1259,1
head_1_1_V,3,1256,2
head_1_1_V,3,1252,3
head_1_1_V,3,1251,4
head_1_1_V,3,1248,1
head_1_1_V,3,1247,3
head_1_1_V,3,1246,2
head_1_1_V,3,1244,3
head_1_1_V,3,1242,1
head_1_1_V,3,1241,1
head_1_1_V,3,1239,4
head_1_1_V,3,1238,3
head_1_1_V,3,1237,1
head_1_1_V,3,1236,1
head_1_1_V,3,1233,1
head_1_1_V,3,1230,2
head_1_1_V,3,1229,1
head_1_1_V,3,1228,2
head_1_1_V,3,1225,1
head_1_1_V,3,1224,1
head_1_1_V,3,1222,1
head_1_1_V,3,1220,2
head_1_1_V,3,1219,1
head_1_1_V,3,1218,1
head_1_1_V,3,1215,1
head_1_1_V,3,1214,1
head_1_1_V,3,1212,1
head_1_1_V,3,1210,2
head_1_1_V,3,1209,3
head_1_1_V,3,1207,1
head_1_1_V,3,1206,1
head_1_1_V,3,1204,3
head_1_1_V,3,1203,2
head_1_1_V,3,1201,1
head_1_1_V,3,1200,1
head_1_1_V,3,1197,1
head_1_1_V,3,1196,1
head_1_1_V,3,1194,1
head_1_1_V,3,1193,4
head_1_1_V,3,1192,1
head_1_1_V,3,1191,2
head_1_1_V,3,1190,1
head_1_1_V,3,1189,1
head_1_1_V,3,1188,1
head_1_1_V,3,1187,1
head_1_1_V,3,1182,1
head_1_1_V,3,1181,1
head_1_1_V,3,1179,2
head_1_1_V,3,1178,2
head_1_1_V,3,1177,2
head_1_1_V,3,1174,1
head_1_1_V,3,1173,2
head_1_1_V,3,1172,2
head_1_1_V,3,1168,1
head_1_1_V,3,1164,2
head_1_1_V,3,1163,2
head_1_1_V,3,1160,1
head_1_1_V,3,1159,1
head_1_1_V,3,1157,1
head_1_1_V,3,1154,1
head_1_1_V,3,1150,2
head_1_1_V,3,1149,2
head_1_1_V,3,1148,1
head_1_1_V,3,1144,2
head_1_1_V,3,1143,1
head_1_1_V,3,1141,2
head_1_1_V,3,1140,1
head_1_1_V,3,1138,1
head_1_1_V,3,1137,2
head_1_1_V,3,1135,1
head_1_1_V,3,1133,2
head_1_1_V,3,1132,1
head_1_1_V,3,1131,1
head_1_1_V,3,1130,1
head_1_1_V,3,1128,1
head_1_1_V,3,1127,1
head_1_1_V,3,1125,2
head_1_1_V,3,1124,2
head_1_1_V,3,1123,2
head_1_1_V,3,1121,3
head_1_1_V,3,1120,2
head_1_1_V,3,1118,3
head_1_1_V,3,1117,2
head_1_1_V,3,1116,1
head_1_1_V,3,1114,1
head_1_1_V,3,1113,1
head_1_1_V,3,1112,2
head_1_1_V,3,1111,1
head_1_1_V,3,1110,4
head_1_1_V,3,1105,1
head_1_1_V,3,1103,2
head_1_1_V,3,1101,2
head_1_1_V,3,1099,1
head_1_1_V,3,1098,1
head_1_1_V,3,1097,1
head_1_1_V,3,1096,1
head_1_1_V,3,1095,1
head_1_1_V,3,1094,1
head_1_1_V,3,1093,2
head_1_1_V,3,1092,1
head_1_1_V,3,1091,2
head_1_1_V,3,1089,1
head_1_1_V,3,1088,1
head_1_1_V,3,1087,2
head_1_1_V,3,1086,2
head_1_1_V,3,1085,3
head_1_1_V,3,1084,2
head_1_1_V,3,1083,1
head_1_1_V,3,1082,3
head_1_1_V,3,1081,3
head_1_1_V,3,1080,3
head_1_1_V,3,1076,1
head_1_1_V,3,1075,1
head_1_1_V,3,1073,1
head_1_1_V,3,1072,1
head_1_1_V,3,1071,1
head_1_1_V,3,1070,2
head_1_1_V,3,1069,3
head_1_1_V,3,1065,1
head_1_1_V,3,1064,3
head_1_1_V,3,1063,1
head_1_1_V,3,1062,2
head_1_1_V,3,1061,2
head_1_1_V,3,1060,3
head_1_1_V,3,1059,1
head_1_1_V,3,1056,4
head_1_1_V,3,1054,5
head_1_1_V,3,1053,2
head_1_1_V,3,1051,3
head_1_1_V,3,1050,3
head_1_1_V,3,1049,1
head_1_1_V,3,1048,2
head_1_1_V,3,1045,1
head_1_1_V,3,1044,2
head_1_1_V,3,1042,1
head_1_1_V,3,1041,2
head_1_1_V,3,1039,2
head_1_1_V,3,1038,1
head_1_1_V,3,1037,1
head_1_1_V,3,1036,1
head_1_1_V,3,1035,1
head_1_1_V,3,1034,3
head_1_1_V,3,1033,1
head_1_1_V,3,1032,4
head_1_1_V,3,1031,2
head_1_1_V,3,1030,4
head_1_1_V,3,1028,3
head_1_1_V,3,1027,2
head_1_1_V,3,1025,1
head_1_1_V,3,1024,1
head_1_1_V,3,1023,1
head_1_1_V,3,1022,3
head_1_1_V,3,1021,5
head_1_1_V,3,1020,2
head_1_1_V,3,1019,1
head_1_1_V,3,1018,4
head_1_1_V,3,1017,1
head_1_1_V,3,1014,4
head_1_1_V,3,1013,2
head_1_1_V,3,1012,3
head_1_1_V,3,1011,1
head_1_1_V,3,1010,1
head_1_1_V,3,1009,3
head_1_1_V,3,1007,2
head_1_1_V,3,1005,1
head_1_1_V,3,1004,1
head_1_1_V,3,1003,4
head_1_1_V,3,1002,2
head_1_1_V,3,1001,4
head_1_1_V,3,1000,1
head_1_1_V,3,998,1
head_1_1_V,3,995,1
head_1_1_V,3,992,2
head_1_1_V,3,991,3
head_1_1_V,3,990,2
head_1_1_V,3,989,2
head_1_1_V,3,986,2
head_1_1_V,3,985,1
head_1_1_V,3,984,2
head_1_1_V,3,983,2
head_1_1_V,3,982,2
head_1_1_V,3,981,1
head_1_1_V,3,980,2
head_1_1_V,3,979,3
head_1_1_V,3,978,3
head_1_1_V,3,976,4
head_1_1_V,3,975,3
head_1_1_V,3,974,2
head_1_1_V,3,973,2
head_1_1_V,3,972,3
head_1_1_V,3,971,3
head_1_1_V,3,970,1
head_1_1_V,3,969,6
head_1_1_V,3,968,4
head_1_1_V,3,964,1
head_1_1_V,3,963,1
head_1_1_V,3,962,4
head_1_1_V,3,961,3
head_1_1_V,3,960,3
head_1_1_V,3,959,1
head_1_1_V,3,958,2
head_1_1_V,3,957,3
head_1_1_V,3,955,1
head_1_1_V,3,954,1
head_1_1_V,3,953,2
head_1_1_V,3,952,4
head_1_1_V,3,950,2
head_1_1_V,3,949,1
head_1_1_V,3,948,1
head_1_1_V,3,947,1
head_1_1_V,3,946,2
head_1_1_V,3,945,2
head_1_1_V,3,944,1
head_1_1_V,3,943,3
head_1_1_V,3,942,1
head_1_1_V,3,941,2
head_1_1_V,3,940,4
head_1_1_V,3,939,1
head_1_1_V,3,938,2
head_1_1_V,3,937,1
head_1_1_V,3,936,1
head_1_1_V,3,934,1
head_1_1_V,3,933,2
head_1_1_V,3,932,1
head_1_1_V,3,931,4
head_1_1_V,3,930,4
head_1_1_V,3,929,2
head_1_1_V,3,927,3
head_1_1_V,3,925,4
head_1_1_V,3,924,5
head_1_1_V,3,922,4
head_1_1_V,3,921,1
head_1_1_V,3,920,1
head_1_1_V,3,919,2
head_1_1_V,3,918,1
head_1_1_V,3,917,4
head_1_1_V,3,916,1
head_1_1_V,3,914,4
head_1_1_V,3,913,1
head_1_1_V,3,912,3
head_1_1_V,3,911,1
head_1_1_V,3,909,2
head_1_1_V,3,908,2
head_1_1_V,3,905,1
head_1_1_V,3,904,2
head_1_1_V,3,903,1
head_1_1_V,3,902,3
head_1_1_V,3,901,3
head_1_1_V,3,900,2
head_1_1_V,3,899,3
head_1_1_V,3,898,5
head_1_1_V,3,897,2
head_1_1_V,3,896,1
head_1_1_V,3,895,2
head_1_1_V,3,894,1
head_1_1_V,3,893,1
head_1_1_V,3,892,1
head_1_1_V,3,890,4
head_1_1_V,3,889,3
head_1_1_V,3,888,3
head_1_1_V,3,887,3
head_1_1_V,3,886,6
head_1_1_V,3,885,2
head_1_1_V,3,884,2
head_1_1_V,3,883,2
head_1_1_V,3,882,2
head_1_1_V,3,881,6
head_1_1_V,3,880,3
head_1_1_V,3,879,4
head_1_1_V,3,878,4
head_1_1_V,3,877,1
head_1_1_V,3,876,3
head_1_1_V,3,874,4
head_1_1_V,3,873,2
head_1_1_V,3,872,1
head_1_1_V,3,870,3
head_1_1_V,3,869,2
head_1_1_V,3,868,4
head_1_1_V,3,867,2
head_1_1_V,3,865,2
head_1_1_V,3,864,2
head_1_1_V,3,863,2
head_1_1_V,3,861,1
head_1_1_V,3,860,4
head_1_1_V,3,859,3
head_1_1_V,3,858,5
head_1_1_V,3,857,3
head_1_1_V,3,856,1
head_1_1_V,3,855,1
head_1_1_V,3,854,2
head_1_1_V,3,853,1
head_1_1_V,3,852,2
head_1_1_V,3,851,3
head_1_1_V,3,850,2
head_1_1_V,3,849,4
head_1_1_V,3,848,3
head_1_1_V,3,846,3
head_1_1_V,3,845,1
head_1_1_V,3,844,5
head_1_1_V,3,843,3
head_1_1_V,3,841,1
head_1_1_V,3,840,3
head_1_1_V,3,838,2
head_1_1_V,3,837,1
head_1_1_V,3,836,2
head_1_1_V,3,835,4
head_1_1_V,3,834,2
head_1_1_V,3,833,4
head_1_1_V,3,832,2
head_1_1_V,3,831,3
head_1_1_V,3,830,1
head_1_1_V,3,827,5
head_1_1_V,3,826,3
head_1_1_V,3,825,2
head_1_1_V,3,823,1
head_1_1_V,3,822,2
head_1_1_V,3,821,1
head_1_1_V,3,820,2
head_1_1_V,3,819,1
head_1_1_V,3,818,2
head_1_1_V,3,817,2
head_1_1_V,3,816,3
head_1_1_V,3,815,3
head_1_1_V,3,814,2
head_1_1_V,3,813,2
head_1_1_V,3,812,1
head_1_1_V,3,811,1
head_1_1_V,3,810,6
head_1_1_V,3,809,3
head_1_1_V,3,808,4
head_1_1_V,3,806,1
head_1_1_V,3,805,2
head_1_1_V,3,804,3
head_1_1_V,3,803,2
head_1_1_V,3,802,4
head_1_1_V,3,801,3
head_1_1_V,3,799,3
head_1_1_V,3,797,2
head_1_1_V,3,796,1
head_1_1_V,3,795,1
head_1_1_V,3,794,5
head_1_1_V,3,793,2
head_1_1_V,3,792,7
head_1_1_V,3,791,1
head_1_1_V,3,790,5
head_1_1_V,3,789,2
head_1_1_V,3,788,3
head_1_1_V,3,786,5
head_1_1_V,3,785,4
head_1_1_V,3,784,4
head_1_1_V,3,783,2
head_1_1_V,3,782,3
head_1_1_V,3,781,4
head_1_1_V,3,780,1
head_1_1_V,3,779,2
head_1_1_V,3,778,1
head_1_1_V,3,777,6
head_1_1_V,3,776,1
head_1_1_V,3,775,6
head_1_1_V,3,774,3
head_1_1_V,3,773,5
head_1_1_V,3,772,3
head_1_1_V,3,771,2
head_1_1_V,3,770,8
head_1_1_V,3,769,1
head_1_1_V,3,768,2
head_1_1_V,3,767,2
head_1_1_V,3,766,5
head_1_1_V,3,765,3
head_1_1_V,3,764,6
head_1_1_V,3,763,5
head_1_1_V,3,762,4
head_1_1_V,3,761,1
head_1_1_V,3,760,1
head_1_1_V,3,759,2
head_1_1_V,3,758,3
head_1_1_V,3,757,4
head_1_1_V,3,756,4
head_1_1_V,3,754,5
head_1_1_V,3,753,1
head_1_1_V,3,752,6
head_1_1_V,3,751,1
head_1_1_V,3,750,3
head_1_1_V,3,748,2
head_1_1_V,3,747,2
head_1_1_V,3,746,4
head_1_1_V,3,745,1
head_1_1_V,3,744,6
head_1_1_V,3,743,3
head_1_1_V,3,742,1
head_1_1_V,3,741,2
head_1_1_V,3,740,3
head_1_1_V,3,739,5
head_1_1_V,3,738,4
head_1_1_V,3,737,3
head_1_1_V,3,736,3
head_1_1_V,3,735,2
head_1_1_V,3,734,3
head_1_1_V,3,733,4
head_1_1_V,3,732,2
head_1_1_V,3,731,6
head_1_1_V,3,729,3
head_1_1_V,3,728,3
head_1_1_V,3,727,7
head_1_1_V,3,726,1
head_1_1_V,3,725,2
head_1_1_V,3,724,1
head_1_1_V,3,723,5
head_1_1_V,3,722,5
head_1_1_V,3,721,1
head_1_1_V,3,720,1
head_1_1_V,3,719,6
head_1_1_V,3,718,5
head_1_1_V,3,716,2
head_1_1_V,3,715,4
head_1_1_V,3,714,3
head_1_1_V,3,713,3
head_1_1_V,3,712,4
head_1_1_V,3,711,2
head_1_1_V,3,710,4
head_1_1_V,3,709,1
head_1_1_V,3,708,4
head_1_1_V,3,707,2
head_1_1_V,3,706,3
head_1_1_V,3,705,3
head_1_1_V,3,704,4
head_1_1_V,3,703,4
head_1_1_V,3,702,1
head_1_1_V,3,701,2
head_1_1_V,3,700,3
head_1_1_V,3,699,7
head_1_1_V,3,698,4
head_1_1_V,3,697,3
head_1_1_V,3,696,3
head_1_1_V,3,695,4
head_1_1_V,3,694,3
head_1_1_V,3,693,7
head_1_1_V,3,692,3
head_1_1_V,3,691,2
head_1_1_V,3,690,4
head_1_1_V,3,689,4
head_1_1_V,3,688,4
head_1_1_V,3,687,6
head_1_1_V,3,686,3
head_1_1_V,3,685,5
head_1_1_V,3,684,7
head_1_1_V,3,683,2
head_1_1_V,3,682,5
head_1_1_V,3,681,3
head_1_1_V,3,680,4
head_1_1_V,3,679,3
head_1_1_V,3,678,5
head_1_1_V,3,677,6
head_1_1_V,3,676,2
head_1_1_V,3,675,2
head_1_1_V,3,674,7
head_1_1_V,3,673,5
head_1_1_V,3,672,5
head_1_1_V,3,671,4
head_1_1_V,3,670,6
head_1_1_V,3,669,5
head_1_1_V,3,668,4
head_1_1_V,3,667,5
head_1_1_V,3,666,6
head_1_1_V,3,665,3
head_1_1_V,3,664,7
head_1_1_V,3,663,5
head_1_1_V,3,662,2
head_1_1_V,3,661,6
head_1_1_V,3,660,2
head_1_1_V,3,659,8
head_1_1_V,3,658,5
head_1_1_V,3,657,6
head_1_1_V,3,656,4
head_1_1_V,3,655,10
head_1_1_V,3,654,5
head_1_1_V,3,653,5
head_1_1_V,3,652,2
head_1_1_V,3,651,7
head_1_1_V,3,650,5
head_1_1_V,3,649,4
head_1_1_V,3,648,3
head_1_1_V,3,647,1
head_1_1_V,3,646,4
head_1_1_V,3,645,3
head_1_1_V,3,644,8
head_1_1_V,3,643,7
head_1_1_V,3,642,5
head_1_1_V,3,641,4
head_1_1_V,3,640,3
head_1_1_V,3,639,6
head_1_1_V,3,638,5
head_1_1_V,3,637,7
head_1_1_V,3,636,6
head_1_1_V,3,635,5
head_1_1_V,3,634,6
head_1_1_V,3,633,4
head_1_1_V,3,632,6
head_1_1_V,3,631,6
head_1_1_V,3,630,4
head_1_1_V,3,629,7
head_1_1_V,3,628,6
head_1_1_V,3,627,5
head_1_1_V,3,626,5
head_1_1_V,3,625,5
head_1_1_V,3,624,7
head_1_1_V,3,623,4
head_1_1_V,3,622,5
head_1_1_V,3,621,9
head_1_1_V,3,620,7
head_1_1_V,3,619,4
head_1_1_V,3,618,8
head_1_1_V,3,617,4
head_1_1_V,3,616,5
head_1_1_V,3,615,5
head_1_1_V,3,614,8
head_1_1_V,3,613,10
head_1_1_V,3,612,13
head_1_1_V,3,611,6
head_1_1_V,3,610,3
head_1_1_V,3,609,5
head_1_1_V,3,608,5
head_1_1_V,3,607,8
head_1_1_V,3,606,9
head_1_1_V,3,605,1
head_1_1_V,3,604,5
head_1_1_V,3,603,4
head_1_1_V,3,602,5
head_1_1_V,3,601,4
head_1_1_V,3,600,4
head_1_1_V,3,599,2
head_1_1_V,3,598,4
head_1_1_V,3,597,7
head_1_1_V,3,596,11
head_1_1_V,3,595,4
head_1_1_V,3,594,3
head_1_1_V,3,593,2
head_1_1_V,3,592,6
head_1_1_V,3,591,7
head_1_1_V,3,590,4
head_1_1_V,3,589,6
head_1_1_V,3,588,10
head_1_1_V,3,587,10
head_1_1_V,3,586,1
head_1_1_V,3,585,3
head_1_1_V,3,584,7
head_1_1_V,3,583,11
head_1_1_V,3,582,4
head_1_1_V,3,581,5
head_1_1_V,3,580,4
head_1_1_V,3,579,7
head_1_1_V,3,578,3
head_1_1_V,3,577,9
head_1_1_V,3,576,6
head_1_1_V,3,575,5
head_1_1_V,3,574,8
head_1_1_V,3,573,6
head_1_1_V,3,572,8
head_1_1_V,3,571,9
head_1_1_V,3,570,6
head_1_1_V,3,569,8
head_1_1_V,3,568,4
head_1_1_V,3,567,3
head_1_1_V,3,566,11
head_1_1_V,3,565,8
head_1_1_V,3,564,4
head_1_1_V,3,563,5
head_1_1_V,3,562,10
head_1_1_V,3,561,6
head_1_1_V,3,560,11
head_1_1_V,3,559,5
head_1_1_V,3,558,8
head_1_1_V,3,557,10
head_1_1_V,3,556,8
head_1_1_V,3,555,9
head_1_1_V,3,554,6
head_1_1_V,3,553,7
head_1_1_V,3,552,7
head_1_1_V,3,551,3
head_1_1_V,3,550,9
head_1_1_V,3,549,10
head_1_1_V,3,548,8
head_1_1_V,3,547,4
head_1_1_V,3,546,5
head_1_1_V,3,545,8
head_1_1_V,3,544,9
head_1_1_V,3,543,6
head_1_1_V,3,542,9
head_1_1_V,3,541,7
head_1_1_V,3,540,6
head_1_1_V,3,539,8
head_1_1_V,3,538,6
head_1_1_V,3,537,6
head_1_1_V,3,536,5
head_1_1_V,3,535,6
head_1_1_V,3,534,10
head_1_1_V,3,533,10
head_1_1_V,3,532,4
head_1_1_V,3,531,6
head_1_1_V,3,530,8
head_1_1_V,3,529,8
head_1_1_V,3,528,12
head_1_1_V,3,527,5
head_1_1_V,3,526,3
head_1_1_V,3,525,5
head_1_1_V,3,524,7
head_1_1_V,3,523,5
head_1_1_V,3,522,5
head_1_1_V,3,521,4
head_1_1_V,3,520,3
head_1_1_V,3,519,16
head_1_1_V,3,518,9
head_1_1_V,3,517,6
head_1_1_V,3,516,6
head_1_1_V,3,515,13
head_1_1_V,3,514,2
head_1_1_V,3,513,13
head_1_1_V,3,512,13
head_1_1_V,3,511,11
head_1_1_V,3,510,8
head_1_1_V,3,509,7
head_1_1_V,3,508,7
head_1_1_V,3,507,9
head_1_1_V,3,506,9
head_1_1_V,3,505,3
head_1_1_V,3,504,10
head_1_1_V,3,503,5
head_1_1_V,3,502,10
head_1_1_V,3,501,6
head_1_1_V,3,500,13
head_1_1_V,3,499,7
head_1_1_V,3,498,11
head_1_1_V,3,497,6
head_1_1_V,3,496,7
head_1_1_V,3,495,5
head_1_1_V,3,494,10
head_1_1_V,3,493,10
head_1_1_V,3,492,8
head_1_1_V,3,491,8
head_1_1_V,3,490,10
head_1_1_V,3,489,7
head_1_1_V,3,488,8
head_1_1_V,3,487,7
head_1_1_V,3,486,8
head_1_1_V,3,485,7
head_1_1_V,3,484,15
head_1_1_V,3,483,12
head_1_1_V,3,482,9
head_1_1_V,3,481,12
head_1_1_V,3,480,7
head_1_1_V,3,479,20
head_1_1_V,3,478,7
head_1_1_V,3,477,12
head_1_1_V,3,476,12
head_1_1_V,3,475,10
head_1_1_V,3,474,11
head_1_1_V,3,473,14
head_1_1_V,3,472,13
head_1_1_V,3,471,8
head_1_1_V,3,470,5
head_1_1_V,3,469,12
head_1_1_V,3,468,9
head_1_1_V,3,467,7
head_1_1_V,3,466,8
head_1_1_V,3,465,8
head_1_1_V,3,464,9
head_1_1_V,3,463,15
head_1_1_V,3,462,8
head_1_1_V,3,461,12
head_1_1_V,3,460,4
head_1_1_V,3,459,7
head_1_1_V,3,458,14
head_1_1_V,3,457,11
head_1_1_V,3,456,6
head_1_1_V,3,455,12
head_1_1_V,3,454,11
head_1_1_V,3,453,9
head_1_1_V,3,452,10
head_1_1_V,3,451,12
head_1_1_V,3,450,8
head_1_1_V,3,449,12
head_1_1_V,3,448,15
head_1_1_V,3,447,9
head_1_1_V,3,446,11
head_1_1_V,3,445,5
head_1_1_V,3,444,14
head_1_1_V,3,443,8
head_1_1_V,3,442,7
head_1_1_V,3,441,16
head_1_1_V,3,440,8
head_1_1_V,3,439,10
head_1_1_V,3,438,15
head_1_1_V,3,437,10
head_1_1_V,3,436,5
head_1_1_V,3,435,7
head_1_1_V,3,434,11
head_1_1_V,3,433,8
head_1_1_V,3,432,14
head_1_1_V,3,431,9
head_1_1_V,3,430,8
head_1_1_V,3,429,8
head_1_1_V,3,428,6
head_1_1_V,3,427,6
head_1_1_V,3,426,10
head_1_1_V,3,425,13
head_1_1_V,3,424,7
head_1_1_V,3,423,16
head_1_1_V,3,422,11
head_1_1_V,3,421,13
head_1_1_V,3,420,16
head_1_1_V,3,419,8
head_1_1_V,3,418,16
head_1_1_V,3,417,12
head_1_1_V,3,416,12
head_1_1_V,3,415,9
head_1_1_V,3,414,15
head_1_1_V,3,413,10
head_1_1_V,3,412,18
head_1_1_V,3,411,11
head_1_1_V,3,410,17
head_1_1_V,3,409,11
head_1_1_V,3,408,17
head_1_1_V,3,407,10
head_1_1_V,3,406,17
head_1_1_V,3,405,9
head_1_1_V,3,404,16
head_1_1_V,3,403,19
head_1_1_V,3,402,11
head_1_1_V,3,401,10
head_1_1_V,3,400,11
head_1_1_V,3,399,19
head_1_1_V,3,398,14
head_1_1_V,3,397,9
head_1_1_V,3,396,6
head_1_1_V,3,395,19
head_1_1_V,3,394,9
head_1_1_V,3,393,18
head_1_1_V,3,392,15
head_1_1_V,3,391,21
head_1_1_V,3,390,12
head_1_1_V,3,389,8
head_1_1_V,3,388,12
head_1_1_V,3,387,13
head_1_1_V,3,386,6
head_1_1_V,3,385,21
head_1_1_V,3,384,14
head_1_1_V,3,383,19
head_1_1_V,3,382,16
head_1_1_V,3,381,12
head_1_1_V,3,380,15
head_1_1_V,3,379,19
head_1_1_V,3,378,19
head_1_1_V,3,377,19
head_1_1_V,3,376,14
head_1_1_V,3,375,16
head_1_1_V,3,374,24
head_1_1_V,3,373,22
head_1_1_V,3,372,8
head_1_1_V,3,371,21
head_1_1_V,3,370,9
head_1_1_V,3,369,16
head_1_1_V,3,368,11
head_1_1_V,3,367,14
head_1_1_V,3,366,15
head_1_1_V,3,365,15
head_1_1_V,3,364,13
head_1_1_V,3,363,9
head_1_1_V,3,362,13
head_1_1_V,3,361,12
head_1_1_V,3,360,7
head_1_1_V,3,359,9
head_1_1_V,3,358,21
head_1_1_V,3,357,25
head_1_1_V,3,356,14
head_1_1_V,3,355,18
head_1_1_V,3,354,12
head_1_1_V,3,353,16
head_1_1_V,3,352,14
head_1_1_V,3,351,20
head_1_1_V,3,350,24
head_1_1_V,3,349,25
head_1_1_V,3,348,16
head_1_1_V,3,347,21
head_1_1_V,3,346,13
head_1_1_V,3,345,21
head_1_1_V,3,344,22
head_1_1_V,3,343,23
head_1_1_V,3,342,21
head_1_1_V,3,341,16
head_1_1_V,3,340,12
head_1_1_V,3,339,21
head_1_1_V,3,338,20
head_1_1_V,3,337,9
head_1_1_V,3,336,14
head_1_1_V,3,335,21
head_1_1_V,3,334,16
head_1_1_V,3,333,15
head_1_1_V,3,332,17
head_1_1_V,3,331,17
head_1_1_V,3,330,16
head_1_1_V,3,329,21
head_1_1_V,3,328,20
head_1_1_V,3,327,16
head_1_1_V,3,326,21
head_1_1_V,3,325,23
head_1_1_V,3,324,21
head_1_1_V,3,323,10
head_1_1_V,3,322,19
head_1_1_V,3,321,13
head_1_1_V,3,320,19
head_1_1_V,3,319,24
head_1_1_V,3,318,24
head_1_1_V,3,317,22
head_1_1_V,3,316,20
head_1_1_V,3,315,12
head_1_1_V,3,314,20
head_1_1_V,3,313,14
head_1_1_V,3,312,18
head_1_1_V,3,311,18
head_1_1_V,3,310,18
head_1_1_V,3,309,22
head_1_1_V,3,308,16
head_1_1_V,3,307,24
head_1_1_V,3,306,23
head_1_1_V,3,305,27
head_1_1_V,3,304,16
head_1_1_V,3,303,21
head_1_1_V,3,302,15
head_1_1_V,3,301,22
head_1_1_V,3,300,17
head_1_1_V,3,299,16
head_1_1_V,3,298,25
head_1_1_V,3,297,20
head_1_1_V,3,296,23
head_1_1_V,3,295,22
head_1_1_V,3,294,23
head_1_1_V,3,293,24
head_1_1_V,3,292,26
head_1_1_V,3,291,12
head_1_1_V,3,290,27
head_1_1_V,3,289,28
head_1_1_V,3,288,28
head_1_1_V,3,287,29
head_1_1_V,3,286,23
head_1_1_V,3,285,22
head_1_1_V,3,284,32
head_1_1_V,3,283,19
head_1_1_V,3,282,27
head_1_1_V,3,281,30
head_1_1_V,3,280,32
head_1_1_V,3,279,30
head_1_1_V,3,278,28
head_1_1_V,3,277,25
head_1_1_V,3,276,21
head_1_1_V,3,275,28
head_1_1_V,3,274,27
head_1_1_V,3,273,27
head_1_1_V,3,272,32
head_1_1_V,3,271,29
head_1_1_V,3,270,24
head_1_1_V,3,269,35
head_1_1_V,3,268,25
head_1_1_V,3,267,27
head_1_1_V,3,266,28
head_1_1_V,3,265,28
head_1_1_V,3,264,28
head_1_1_V,3,263,35
head_1_1_V,3,262,33
head_1_1_V,3,261,30
head_1_1_V,3,260,26
head_1_1_V,3,259,23
head_1_1_V,3,258,18
head_1_1_V,3,257,25
head_1_1_V,3,256,32
head_1_1_V,3,255,26
head_1_1_V,3,254,35
head_1_1_V,3,253,31
head_1_1_V,3,252,25
head_1_1_V,3,251,30
head_1_1_V,3,250,19
head_1_1_V,3,249,34
head_1_1_V,3,248,36
head_1_1_V,3,247,27
head_1_1_V,3,246,31
head_1_1_V,3,245,26
head_1_1_V,3,244,29
head_1_1_V,3,243,26
head_1_1_V,3,242,45
head_1_1_V,3,241,38
head_1_1_V,3,240,36
head_1_1_V,3,239,22
head_1_1_V,3,238,26
head_1_1_V,3,237,37
head_1_1_V,3,236,24
head_1_1_V,3,235,36
head_1_1_V,3,234,34
head_1_1_V,3,233,35
head_1_1_V,3,232,37
head_1_1_V,3,231,27
head_1_1_V,3,230,31
head_1_1_V,3,229,30
head_1_1_V,3,228,31
head_1_1_V,3,227,49
head_1_1_V,3,226,42
head_1_1_V,3,225,32
head_1_1_V,3,224,24
head_1_1_V,3,223,32
head_1_1_V,3,222,47
head_1_1_V,3,221,40
head_1_1_V,3,220,34
head_1_1_V,3,219,30
head_1_1_V,3,218,52
head_1_1_V,3,217,41
head_1_1_V,3,216,35
head_1_1_V,3,215,37
head_1_1_V,3,214,42
head_1_1_V,3,213,33
head_1_1_V,3,212,42
head_1_1_V,3,211,45
head_1_1_V,3,210,41
head_1_1_V,3,209,31
head_1_1_V,3,208,39
head_1_1_V,3,207,51
head_1_1_V,3,206,34
head_1_1_V,3,205,47
head_1_1_V,3,204,30
head_1_1_V,3,203,49
head_1_1_V,3,202,44
head_1_1_V,3,201,54
head_1_1_V,3,200,41
head_1_1_V,3,199,43
head_1_1_V,3,198,51
head_1_1_V,3,197,32
head_1_1_V,3,196,61
head_1_1_V,3,195,46
head_1_1_V,3,194,48
head_1_1_V,3,193,48
head_1_1_V,3,192,45
head_1_1_V,3,191,40
head_1_1_V,3,190,39
head_1_1_V,3,189,46
head_1_1_V,3,188,46
head_1_1_V,3,187,48
head_1_1_V,3,186,47
head_1_1_V,3,185,46
head_1_1_V,3,184,41
head_1_1_V,3,183,50
head_1_1_V,3,182,57
head_1_1_V,3,181,53
head_1_1_V,3,180,41
head_1_1_V,3,179,48
head_1_1_V,3,178,48
head_1_1_V,3,177,49
head_1_1_V,3,176,57
head_1_1_V,3,175,52
head_1_1_V,3,174,51
head_1_1_V,3,173,60
head_1_1_V,3,172,55
head_1_1_V,3,171,51
head_1_1_V,3,170,59
head_1_1_V,3,169,45
head_1_1_V,3,168,49
head_1_1_V,3,167,48
head_1_1_V,3,166,50
head_1_1_V,3,165,60
head_1_1_V,3,164,55
head_1_1_V,3,163,66
head_1_1_V,3,162,57
head_1_1_V,3,161,59
head_1_1_V,3,160,57
head_1_1_V,3,159,41
head_1_1_V,3,158,55
head_1_1_V,3,157,63
head_1_1_V,3,156,56
head_1_1_V,3,155,60
head_1_1_V,3,154,45
head_1_1_V,3,153,48
head_1_1_V,3,152,65
head_1_1_V,3,151,62
head_1_1_V,3,150,67
head_1_1_V,3,149,58
head_1_1_V,3,148,63
head_1_1_V,3,147,62
head_1_1_V,3,146,49
head_1_1_V,3,145,60
head_1_1_V,3,144,62
head_1_1_V,3,143,56
head_1_1_V,3,142,64
head_1_1_V,3,141,67
head_1_1_V,3,140,77
head_1_1_V,3,139,71
head_1_1_V,3,138,73
head_1_1_V,3,137,69
head_1_1_V,3,136,58
head_1_1_V,3,135,68
head_1_1_V,3,134,67
head_1_1_V,3,133,80
head_1_1_V,3,132,78
head_1_1_V,3,131,88
head_1_1_V,3,130,84
head_1_1_V,3,129,72
head_1_1_V,3,128,90
head_1_1_V,3,127,74
head_1_1_V,3,126,85
head_1_1_V,3,125,80
head_1_1_V,3,124,98
head_1_1_V,3,123,87
head_1_1_V,3,122,85
head_1_1_V,3,121,93
head_1_1_V,3,120,82
head_1_1_V,3,119,85
head_1_1_V,3,118,80
head_1_1_V,3,117,84
head_1_1_V,3,116,78
head_1_1_V,3,115,80
head_1_1_V,3,114,84
head_1_1_V,3,113,79
head_1_1_V,3,112,77
head_1_1_V,3,111,96
head_1_1_V,3,110,74
head_1_1_V,3,109,104
head_1_1_V,3,108,85
head_1_1_V,3,107,98
head_1_1_V,3,106,95
head_1_1_V,3,105,119
head_1_1_V,3,104,93
head_1_1_V,3,103,97
head_1_1_V,3,102,98
head_1_1_V,3,101,89
head_1_1_V,3,100,120
head_1_1_V,3,99,105
head_1_1_V,3,98,130
head_1_1_V,3,97,99
head_1_1_V,3,96,125
head_1_1_V,3,95,122
head_1_1_V,3,94,100
head_1_1_V,3,93,125
head_1_1_V,3,92,97
head_1_1_V,3,91,108
head_1_1_V,3,90,111
head_1_1_V,3,89,103
head_1_1_V,3,88,113
head_1_1_V,3,87,119
head_1_1_V,3,86,114
head_1_1_V,3,85,117
head_1_1_V,3,84,117
head_1_1_V,3,83,129
head_1_1_V,3,82,115
head_1_1_V,3,81,143
head_1_1_V,3,80,127
head_1_1_V,3,79,146
head_1_1_V,3,78,128
head_1_1_V,3,77,158
head_1_1_V,3,76,126
head_1_1_V,3,75,143
head_1_1_V,3,74,149
head_1_1_V,3,73,139
head_1_1_V,3,72,137
head_1_1_V,3,71,153
head_1_1_V,3,70,129
head_1_1_V,3,69,131
head_1_1_V,3,68,146
head_1_1_V,3,67,159
head_1_1_V,3,66,159
head_1_1_V,3,65,158
head_1_1_V,3,64,159
head_1_1_V,3,63,132
head_1_1_V,3,62,175
head_1_1_V,3,61,147
head_1_1_V,3,60,165
head_1_1_V,3,59,168
head_1_1_V,3,58,155
head_1_1_V,3,57,146
head_1_1_V,3,56,179
head_1_1_V,3,55,170
head_1_1_V,3,54,156
head_1_1_V,3,53,173
head_1_1_V,3,52,191
head_1_1_V,3,51,184
head_1_1_V,3,50,194
head_1_1_V,3,49,189
head_1_1_V,3,48,189
head_1_1_V,3,47,199
head_1_1_V,3,46,221
head_1_1_V,3,45,185
head_1_1_V,3,44,241
head_1_1_V,3,43,232
head_1_1_V,3,42,239
head_1_1_V,3,41,201
head_1_1_V,3,40,205
head_1_1_V,3,39,200
head_1_1_V,3,38,226
head_1_1_V,3,37,211
head_1_1_V,3,36,226
head_1_1_V,3,35,247
head_1_1_V,3,34,243
head_1_1_V,3,33,241
head_1_1_V,3,32,288
head_1_1_V,3,31,237
head_1_1_V,3,30,269
head_1_1_V,3,29,285
head_1_1_V,3,28,262
head_1_1_V,3,27,262
head_1_1_V,3,26,286
head_1_1_V,3,25,327
head_1_1_V,3,24,311
head_1_1_V,3,23,322
head_1_1_V,3,22,341
head_1_1_V,3,21,334
head_1_1_V,3,20,271
head_1_1_V,3,19,349
head_1_1_V,3,18,344
head_1_1_V,3,17,361
head_1_1_V,3,16,355
head_1_1_V,3,15,373
head_1_1_V,3,14,393
head_1_1_V,3,13,362
head_1_1_V,3,12,399
head_1_1_V,3,11,424
head_1_1_V,3,10,431
head_1_1_V,3,9,403
head_1_1_V,3,8,415
head_1_1_V,3,7,428
head_1_1_V,3,6,419
head_1_1_V,3,5,379
head_1_1_V,3,4,357
head_1_1_V,3,3,396
head_1_1_V,3,2,336
head_1_1_V,3,1,275
head_1_1_V,3,0,28826
output,0,59359,1
output,0,57772,1
output,0,35908,1
output,0,35863,1
output,0,30413,1
output,0,30281,1
output,0,28123,1
output,0,26367,1
output,0,25988,1
output,0,24774,1
output,0,21228,1
output,0,19364,1
output,0,18392,1
output,0,16718,1
output,0,15677,1
output,0,15127,1
output,0,14187,1
output,0,13409,1
output,0,12889,1
output,0,12884,1
output,0,12333,1
output,0,11987,1
output,0,11727,1
output,0,10967,1
output,0,10739,1
output,0,10513,1
output,0,10300,1
output,0,9977,1
output,0,9649,1
output,0,8312,1
output,0,8304,1
output,0,8140,1
output,0,7979,1
output,0,7557,1
output,0,7448,1
output,0,7384,1
output,0,7265,1
output,0,7096,1
output,0,7070,1
output,0,6652,1
output,0,6604,1
output,0,6162,1
output,0,6065,1
output,0,5860,1
output,0,5654,1
output,0,5334,1
output,0,5288,1
output,0,5176,1
output,0,5136,1
output,0,4873,1
output,0,4757,1
output,0,4306,1
output,0,3814,1
output,0,3784,1
output,0,3682,1
output,0,3584,1
output,0,3522,1
output,0,3419,1
output,0,3334,1
output,0,3325,1
output,0,2664,1
output,0,2649,1
output,0,2589,1
output,0,2281,1
output,1,51238,1
output,1,50876,1
output,1,49705,1
output,1,36426,1
output,1,33351,1
output,1,30753,1
output,1,25555,1
output,1,24982,1
output,1,23913,1
output,1,23183,1
output,1,22296,1
output,1,19385,1
output,1,18303,1
output,1,18158,1
output,1,18090,1
output,1,17890,1
output,1,16794,1
output,1,15675,1
output,1,15604,1
output,1,14280,1
output,1,13580,1
output,1,12876,1
output,1,12300,1
output,1,12024,1
output,1,11465,1
output,1,11386,1
output,1,10927,1
output,1,10693,1
output,1,9805,1
output,1,9680,1
output,1,9041,1
output,1,8859,1
output,1,8199,1
output,1,7561,1
output,1,7546,1
output,1,7461,1
output,1,7443,1
output,1,7162,1
output,1,6832,1
output,1,6796,1
output,1,6283,1
output,1,5732,1
output,1,5521,1
output,1,5471,1
output,1,5437,1
output,1,5414,1
output,1,5338,1
output,1,5066,1
output,1,4488,1
output,1,4036,1
output,1,3861,1
output,1,3122,1
output,1,2934,1
output,1,2914,1
output,1,2472,1
output,1,2167,1
output,1,1826,1
output,1,1759,1
output,1,1564,1
output,1,1468,1
output,1,1360,1
output,1,1336,1
output,1,1235,1
output,1,1087,1
output,2,74615,1
output,2,57525,1
output,2,43174,1
output,2,40284,1
output,2,33155,1
output,2,31754,1
output,2,24539,1
output,2,23676,1
output,2,23009,1
output,2,22544,1
output,2,19822,1
output,2,18742,1
output,2,18063,1
output,2,16564,1
output,2,16553,1
output,2,16494,1
output,2,15520,1
output,2,13245,1
output,2,12352,1
output,2,12329,1
output,2,12277,2
output,2,11685,1
output,2,11522,1
output,2,10977,1
output,2,10780,1
output,2,9963,1
output,2,9704,1
output,2,8904,1
output,2,8720,1
output,2,8304,1
output,2,8078,1
output,2,7208,1
output,2,7037,1
output,2,6729,1
output,2,6682,1
output,2,6342,1
output,2,6105,1
output,2,6084,1
output,2,6018,1
output,2,5807,1
output,2,5681,1
output,2,5275,1
output,2,4746,1
output,2,4715,1
output,2,4663,1
output,2,4601,1
output,2,4492,1
output,2,4394,1
output,2,4098,1
output,2,3944,1
output,2,3779,1
output,2,3762,1
output,2,3586,1
output,2,3524,1
output,2,3424,1
output,2,3391,1
output,2,3284,1
output,2,2663,1
output,2,2658,1
output,2,2240,1
output,2,1996,1
output,2,1983,1
output,2,1923,1
output,3,70243,1
output,3,61631,1
output,3,43504,1
output,3,39284,1
output,3,35791,1
output,3,32444,1
output,3,28057,1
output,3,27809,1
output,3,27108,1
output,3,26277,1
output,3,26271,1
output,3,18002,1
output,3,17100,1
output,3,15786,1
output,3,15590,1
output,3,14812,1
output,3,14290,1
output,3,14148,1
output,3,13515,1
output,3,13346,1
output,3,10737,1
output,3,10704,1
output,3,10590,1
output,3,10150,1
output,3,10056,1
output,3,9463,1
output,3,9264,1
output,3,8250,1
output,3,8032,1
output,3,7635,1
output,3,7460,1
output,3,7277,1
output,3,6966,1
output,3,6859,1
output,3,6754,1
output,3,6226,1
output,3,5810,1
output,3,5645,1
output,3,5576,1
output,3,5531,1
output,3,5530,1
output,3,5482,1
output,3,5362,1
output,3,5246,1
output,3,5157,1
output,3,4971,1
output,3,4937,1
output,3,4846,1
output,3,4684,1
output,3,4647,1
output,3,4601,1
output,3,4256,1
output,3,3528,1
output,3,2974,1
output,3,2881,1
output,3,2467,1
output,3,2390,1
output,3,2153,1
output,3,1984,1
output,3,1869,1
output,3,1674,1
output,3,1560,1
output,3,1482,1
output,3,1310,1
